                                   MODFLOW 6
                U.S. GEOLOGICAL SURVEY MODULAR HYDROLOGIC MODEL
                            VERSION 6.7.0 02/05/2026

   MODFLOW 6 compiled Feb 05 2026 22:36:44 with Intel(R) Fortran Intel(R) 64
   Compiler Classic for applications running on Intel(R) 64, Version 2021.6.0
                             Build 20220226_000000

This software has been approved for release by the U.S. Geological 
Survey (USGS). Although the software has been subjected to rigorous 
review, the USGS reserves the right to update the software as needed 
pursuant to further analysis and review. No warranty, expressed or 
implied, is made by the USGS or the U.S. Government as to the 
functionality of the software and related material nor shall the 
fact of release constitute any such warranty. Furthermore, the 
software is released on condition that neither the USGS nor the U.S. 
Government shall be held liable for any damages resulting from its 
authorized or unauthorized use. Also refer to the USGS Water 
Resources Software User Rights Notice for complete use, copyright, 
and distribution information.


As a work of the United States Government, this USGS product is 
in the public domain within the United States. You can copy, 
modify, distribute, and perform the work, even for commercial 
purposes, all without asking permission. Additionally, USGS 
waives copyright and related rights in the work worldwide 
through CC0 1.0 Universal Public Domain Dedication 
(https://creativecommons.org/publicdomain/zero/1.0/).

The following GNU Lesser General Public License (LGPL) libraries
are used in this USGS product:

    SPARSKIT version 2.0
      ilut, luson, and qsplit 
      (https://www-users.cse.umn.edu/~saad/software/SPARSKIT/)

    RCM - Reverse Cuthill McKee Ordering
      (https://people.math.sc.edu/Burkardt/f_src/rcm/rcm.html)

    BLAS - Basic Linear Algebra Subprograms Level 1
      (https://people.math.sc.edu/Burkardt/f_src/blas1_d/blas1_d.html)

    SPARSEKIT - Sparse Matrix Utility Package
      amux, dperm, dvperm, rperm, and cperm
      (https://people.sc.fsu.edu/~jburkardt/f77_src/sparsekit/sparsekit.html)

The following BSD-3 License libraries are used in this USGS product:

    Modern Fortran DAG Library
      Copyright (c) 2018, Jacob Williams
      All rights reserved.
      (https://github.com/jacobwilliams/daglib)

MODFLOW 6 compiler options: /Isrc\libmf6_external.a.p /Isrc\libmf6core.a.p
/Isrc /I..\src /MT /nologo /warn:general /warn:truncated_source /stand:f18
/O2 /fpe:0 /heap-arrays:0 /traceback /fpp /Qdiag-disable:7416
/Qdiag-disable:7025 /Qdiag-disable:5268 /Qdiag-disable:10448
/Fdsrc\libmf6core.a.p\Utilities_compilerversion.F90.pdb
/module:src\libmf6core.a.p
/Fosrc/libmf6core.a.p/Utilities_compilerversion.F90.obj /c

System command used to initiate simulation:
D:\MODFLOW6\mf6.7.0_win64\bin\mf6.exe

MODFLOW was compiled using uniform precision.

Real Variables
  KIND: 8
  TINY (smallest non-zero value):    2.225074-308
  HUGE (largest value):    1.797693+308
  PRECISION: 15
  SIZE IN BITS: 64

Integer Variables
  KIND: 4
  HUGE (largest value): 2147483647
  SIZE IN BITS: 32

Long Integer Variables
  KIND: 8
  HUGE (largest value): 9223372036854775807
  SIZE IN BITS: 64

Logical Variables
  KIND: 4
  SIZE IN BITS: 32
 

 OPENED mfsim.nam
 FILE TYPE:NAM6               UNIT 1001   STATUS:OLD                 
 FORMAT:FORMATTED              ACCESS:SEQUENTIAL          
 ACTION:READ                

 # File generated by Flopy version 3.10.0 on 09/07/2026 at 22:07:06.

 OPENED moccasin.tdis
 FILE TYPE:TDIS6              UNIT 1002   STATUS:OLD                 
 FORMAT:FORMATTED              ACCESS:SEQUENTIAL          
 ACTION:READ                

 # File generated by Flopy version 3.10.0 on 09/07/2026 at 22:07:06.

 OPENED moccasin.nam
 FILE TYPE:GWF6               UNIT 1003   STATUS:OLD                 
 FORMAT:FORMATTED              ACCESS:SEQUENTIAL          
 ACTION:READ                

 # File generated by Flopy version 3.10.0 on 09/07/2026 at 22:07:06.

 OPENED moccasin.dis
 FILE TYPE:DIS6               UNIT 1004   STATUS:OLD                 
 FORMAT:FORMATTED              ACCESS:SEQUENTIAL          
 ACTION:READ                

 # File generated by Flopy version 3.10.0 on 09/07/2026 at 22:07:06.

 OPENED moccasin.npf
 FILE TYPE:NPF6               UNIT 1005   STATUS:OLD                 
 FORMAT:FORMATTED              ACCESS:SEQUENTIAL          
 ACTION:READ                

 # File generated by Flopy version 3.10.0 on 09/07/2026 at 22:07:07.

 OPENED moccasin.ic
 FILE TYPE:IC6                UNIT 1006   STATUS:OLD                 
 FORMAT:FORMATTED              ACCESS:SEQUENTIAL          
 ACTION:READ                

 # File generated by Flopy version 3.10.0 on 09/07/2026 at 22:07:06.

 OPENED moccasin.oc
 FILE TYPE:OC6                UNIT 1007   STATUS:OLD                 
 FORMAT:FORMATTED              ACCESS:SEQUENTIAL          
 ACTION:READ                

 # File generated by Flopy version 3.10.0 on 09/07/2026 at 22:07:07.

 OPENED moccasin.drn
 FILE TYPE:DRN6               UNIT 1009   STATUS:OLD                 
 FORMAT:FORMATTED              ACCESS:SEQUENTIAL          
 ACTION:READ                

 # File generated by Flopy version 3.10.0 on 09/07/2026 at 22:07:07.

 OPENED moccasin.rcha
 FILE TYPE:RCH6               UNIT 1011   STATUS:OLD                 
 FORMAT:FORMATTED              ACCESS:SEQUENTIAL          
 ACTION:READ                

 # File generated by Flopy version 3.10.0 on 09/07/2026 at 22:07:07.

 OPENED moccasin.chd
 FILE TYPE:CHD6               UNIT 1013   STATUS:OLD                 
 FORMAT:FORMATTED              ACCESS:SEQUENTIAL          
 ACTION:READ                

 # File generated by Flopy version 3.10.0 on 09/07/2026 at 22:07:07.

 READING SIMULATION OPTIONS
    MAXIMUM NUMBER OF ERRORS THAT WILL BE STORED IS 1000
 END OF SIMULATION OPTIONS

 READING SIMULATION TIMING

 TDIS -- TEMPORAL DISCRETIZATION PACKAGE,
 VERSION 1 : 11/13/2014 - INPUT READ FROM MEMPATH: __INPUT__/SIM/TDIS                                
 PROCESSING TDIS OPTIONS
    SIMULATION TIME UNIT IS DAYS
 END OF TDIS OPTIONS
 PROCESSING TDIS DIMENSIONS
    1 STRESS PERIOD(S) IN SIMULATION
 END OF TDIS DIMENSIONS
 PROCESSING TDIS PERIODDATA


 STRESS PERIOD     LENGTH       TIME STEPS     MULTIPLIER FOR DELT
 ----------------------------------------------------------------------------
        1         1.000000          1                    1.000
 END OF TDIS PERIODDATA
 END OF SIMULATION TIMING

 READING SIMULATION MODELS
    GWF6 model 1 will be created
 END OF SIMULATION MODELS

 READING SIMULATION EXCHANGES
 END OF SIMULATION EXCHANGES

 READING SOLUTIONGROUP

 Creating solution: SLN_1           

 OPENED moccasin_0.ims
 FILE TYPE:IMS   UNIT 1015   STATUS:OLD                 
 FORMAT:FORMATTED              ACCESS:SEQUENTIAL          
 ACTION:READ                

 END OF SOLUTIONGROUP

PROCESSING MODEL CONNECTIONS

 IMS -- ITERATIVE MODEL SOLUTION PACKAGE, VERSION 6, 4/28/2017
         INPUT READ FROM UNIT 1015
 # File generated by Flopy version 3.10.0 on 09/07/2026 at 22:07:06.

 PROCESSING IMS OPTIONS
 SIMPLE OPTION:
 DEFAULT SOLVER INPUT VALUES FOR FAST SOLUTIONS
 END OF IMS OPTIONS

 PROCESSING IMS NONLINEAR
 END OF IMS NONLINEAR DATA
 ***UNDER-RELAXATION WILL NOT BE USED***
 

 PROCESSING LINEAR DATA
 END OF LINEAR DATA
 ***IMS LINEAR SOLVER WILL BE USED***

 IMSLINEAR -- UNSTRUCTURED LINEAR SOLUTION PACKAGE, VERSION 8, 04/28/2017
 A symmetric matrix will be solved

 OUTER ITERATION CONVERGENCE CRITERION    (DVCLOSE) =    0.100000E-03
 MAXIMUM NUMBER OF OUTER ITERATIONS        (MXITER) = 100
 SOLVER PRINTOUT INDEX                     (IPRIMS) = 2
 NONLINEAR ITERATION METHOD            (NONLINMETH) = 0
 LINEAR SOLUTION METHOD                   (LINMETH) = 1

       SOLUTION BY THE        CONJUGATE-GRADIENT       METHOD
 ------------------------------------------------------------------
 MAXIMUM OF 100 CALLS OF SOLUTION ROUTINE
 MAXIMUM OF 200 INTERNAL ITERATIONS PER CALL TO SOLUTION ROUTINE
 LINEAR ACCELERATION METHOD            = CG        
 MATRIX PRECONDITIONING TYPE           = INCOMPLETE LU       
 MATRIX SCALING APPROACH               = NO SCALING          
 MATRIX REORDERING APPROACH            = ORIGINAL ORDERING        
 NUMBER OF ORTHOGONALIZATIONS          = 0
 HEAD CHANGE CRITERION FOR CLOSURE     =    0.10000E-04
 RESIDUAL CHANGE CRITERION FOR CLOSURE =    0.10000E+00
 RESIDUAL CONVERGENCE OPTION           = 0
 RESIDUAL CONVERGENCE NORM             = INFINITY NORM   
 RELAXATION FACTOR                     =    0.00000E+00



 
    Solving:  Stress period:     1    Time step:     1
 
1
 STRESS PERIOD NO. 1, LENGTH =   1.000000    
 ------------------------------------------
 NUMBER OF TIME STEPS = 1
 MULTIPLIER FOR DELT =     1.000
 INITIAL TIME STEP SIZE =   1.000000    

 SLN_1 OUTER ITERATION SUMMARY
 ----------------------------------------------------------------------------------------------------------
                                OUTER      INNER                    STEP   MAXIMUM CHANGE MODEL-(CELLID) OR
 OUTER ITERATION STEP       ITERATION  ITERATION  MAXIMUM CHANGE SUCCESS             MODEL-PACKAGE-(NUMBER)
 ----------------------------------------------------------------------------------------------------------
 Model                              1        200       6902.6320                           1_GWF-(1,16,356)
 Model                              2        200      -5759.3500                           1_GWF-(1,11,338)
 Model                              3        200      -1345.6175                           1_GWF-(1,109,74)
 Model                              4        200      -1124.9943                          1_GWF-(1,119,247)
 Model                              5        200      -116.55348                           1_GWF-(1,95,285)
 Model                              6        200       63.962861                          1_GWF-(1,107,196)
 Model                              7        200      -51.824758                          1_GWF-(1,107,196)
 Model                              8        200       50.537335                            1_GWF-(1,85,93)
 Model                              9        200      -1013.9368                            1_GWF-(1,85,93)
 Model                             10        200       50.878330                           1_GWF-(1,68,219)
 Model                             11        200      -40.940516                           1_GWF-(1,68,219)
 Model                             12        200      -977.63241                            1_GWF-(1,85,94)
 Model                             13        200      -213.21478                           1_GWF-(1,99,245)
 Model                             14        200       86.015993                           1_GWF-(1,31,171)
 Model                             15        200      -52.161696                           1_GWF-(1,96,268)
 Model                             16        200       143.97682                           1_GWF-(1,31,171)
 Model                             17        200       292.47543                           1_GWF-(1,31,174)
 Model                             18        200       1268.7229                           1_GWF-(1,60,108)
 Model                             19        200      -443.18855                           1_GWF-(1,95,267)
 Model                             20        200      -203.27198                           1_GWF-(1,31,171)
 Model                             21        200       575.81060                           1_GWF-(1,31,174)
 Model                             22        200      -112.68299                           1_GWF-(1,86,184)
 Model                             23        200       7191.3506                           1_GWF-(1,31,174)
 Model                             24        200      -931.98343                           1_GWF-(1,95,267)
 Model                             25        200       1301.9338                           1_GWF-(1,31,173)
 Model                             26        200      -29980.699                           1_GWF-(1,31,174)
 Model                             27          8      -266.23600                           1_GWF-(1,69,217)
 Model                             28          7       1.0951403                           1_GWF-(1,30,176)
 Model                             29          7       1.0951403                            1_GWF-(1,1,319)
 Model                             30          3       1.0951403                           1_GWF-(1,13,344)
 Model                             31          2       1.0951403                            1_GWF-(1,1,319)
 Model                             32          2       1.0951403                            1_GWF-(1,1,319)
 Model                             33          2       1.0951403                           1_GWF-(1,24,221)
 Model                             34          2       1.0951403                            1_GWF-(1,1,319)
 Model                             35          2       1.0951403                            1_GWF-(1,1,319)
 Model                             36          2       1.0951403                            1_GWF-(1,1,319)
 Model                             37          2       1.0951403                           1_GWF-(1,13,344)
 Model                             38          2       1.0951403                            1_GWF-(1,1,319)
 Model                             39          2       1.0951403                           1_GWF-(1,13,344)
 Model                             40          2       1.0951403                           1_GWF-(1,13,344)
 Model                             41          2       1.0951403                           1_GWF-(1,24,221)
 Model                             42          2       1.0951403                           1_GWF-(1,13,344)
 Model                             43          2       1.0951403                           1_GWF-(1,24,221)
 Model                             44          2       1.0951403                           1_GWF-(1,30,176)
 Model                             45          2       1.0951403                            1_GWF-(1,1,319)
 Model                             46          2       1.0951403                            1_GWF-(1,1,319)
 Model                             47          2       1.0951403                            1_GWF-(1,1,319)
 Model                             48          2       1.0951403                            1_GWF-(1,1,319)
 Model                             49          2       1.0951403                            1_GWF-(1,1,319)
 Model                             50          2       1.0951403                            1_GWF-(1,1,319)
 Model                             51          2       1.0951403                            1_GWF-(1,1,319)
 Model                             52          2       1.0951403                            1_GWF-(1,1,319)
 Model                             53          2       1.0951403                            1_GWF-(1,1,319)
 Model                             54          2       1.0951403                            1_GWF-(1,1,319)
 Model                             55          2       1.0951403                            1_GWF-(1,1,319)
 Model                             56          2       1.0951403                            1_GWF-(1,1,319)
 Model                             57          2       1.0951403                            1_GWF-(1,1,319)
 Model                             58          2       1.0951403                            1_GWF-(1,1,319)
 Model                             59          2       1.0951403                            1_GWF-(1,1,319)
 Model                             60          2       1.0951403                            1_GWF-(1,1,319)
 Model                             61          2       1.0951403                            1_GWF-(1,1,319)
 Model                             62          2       1.0951403                            1_GWF-(1,1,319)
 Model                             63          2       1.0951403                            1_GWF-(1,1,319)
 Model                             64          2       1.0951403                            1_GWF-(1,1,319)
 Model                             65          2       1.0951403                            1_GWF-(1,1,319)
 Model                             66          2       1.0951403                            1_GWF-(1,1,319)
 Model                             67          2       1.0951403                            1_GWF-(1,1,319)
 Model                             68          2       1.0951403                            1_GWF-(1,1,319)
 Model                             69          2       1.0951403                            1_GWF-(1,1,319)
 Model                             70          2       1.0951403                            1_GWF-(1,1,319)
 Model                             71          2       1.0951403                            1_GWF-(1,1,319)
 Model                             72          2       1.0951403                            1_GWF-(1,1,319)
 Model                             73          2       1.0951403                            1_GWF-(1,1,319)
 Model                             74          2       1.0951403                            1_GWF-(1,1,319)
 Model                             75          2       1.0951403                            1_GWF-(1,1,319)
 Model                             76          2       1.0951403                            1_GWF-(1,1,319)
 Model                             77          2       1.0951403                            1_GWF-(1,1,319)
 Model                             78          2       1.0951403                            1_GWF-(1,1,319)
 Model                             79          2       1.0951403                            1_GWF-(1,1,319)
 Model                             80          2       1.0951403                            1_GWF-(1,1,319)
 Model                             81          2       1.0951403                            1_GWF-(1,1,319)
 Model                             82          2       1.0951403                            1_GWF-(1,1,319)
 Model                             83          2       1.0951403                            1_GWF-(1,1,319)
 Model                             84          2       1.0951403                            1_GWF-(1,1,319)
 Model                             85          2       1.0951403                            1_GWF-(1,1,319)
 Model                             86          2       1.0951403                            1_GWF-(1,1,319)
 Model                             87          2       1.0951403                            1_GWF-(1,1,319)
 Model                             88          2       1.0951403                            1_GWF-(1,1,319)
 Model                             89          2       1.0951403                            1_GWF-(1,1,319)
 Model                             90          2       1.0951403                            1_GWF-(1,1,319)
 Model                             91          2       1.0951403                            1_GWF-(1,1,319)
 Model                             92          2       1.0951403                            1_GWF-(1,1,319)
 Model                             93          2       1.0951403                            1_GWF-(1,1,319)
 Model                             94          2       1.0951403                            1_GWF-(1,1,319)
 Model                             95          2       1.0951403                            1_GWF-(1,1,319)
 Model                             96          2       1.0951403                            1_GWF-(1,1,319)
 Model                             97          2       1.0951403                            1_GWF-(1,1,319)
 Model                             98          2       1.0951403                            1_GWF-(1,1,319)
 Model                             99          2       1.0951403                            1_GWF-(1,1,319)
 Model                            100          2       1.0951403                            1_GWF-(1,1,319)
 ----------------------------------------------------------------------------------------------------------


 Solution 1 did not converge for stress period 1 and time step 1

 SLN_1 INNER ITERATION SUMMARY
 --------------------------------------------------------------------------------------------------------------------------------------
      TOTAL      OUTER      INNER                                                            MAXIMUM                                   
  ITERATION  ITERATION  ITERATION  MAXIMUM CHANGE      MAXIMUM CHANGE MODEL-(CELLID)        RESIDUAL    MAXIMUM RESIDUAL MODEL-(CELLID)
 --------------------------------------------------------------------------------------------------------------------------------------
          1          1          1       1403.8076                    1_GWF-(1,173,7)      -14150.166                    1_GWF-(1,85,97)
          2          1          2       476.73811                   1_GWF-(1,120,54)      -3567.8527                    1_GWF-(1,84,98)
          3          1          3       281.10903                   1_GWF-(1,121,53)       1721.7954                    1_GWF-(1,84,98)
          4          1          4       158.75584                   1_GWF-(1,105,71)       1273.0968                    1_GWF-(1,83,99)
          5          1          5       95.660285                    1_GWF-(1,85,94)      -766.16693                    1_GWF-(1,176,3)
          6          1          6       54.820078                   1_GWF-(1,105,71)       408.40805                    1_GWF-(1,176,3)
          7          1          7       37.018038                    1_GWF-(1,177,2)      -290.01301                    1_GWF-(1,176,3)
          8          1          8       27.268914                   1_GWF-(1,195,64)      -247.50894                   1_GWF-(1,194,65)
          9          1          9       25.309002                   1_GWF-(1,194,65)       201.89828                   1_GWF-(1,194,65)
         10          1         10       22.101856                   1_GWF-(1,100,69)       171.37817                   1_GWF-(1,193,66)
         11          1         11       21.339755                   1_GWF-(1,194,65)      -158.56032                   1_GWF-(1,195,64)
         12          1         12       19.705532                   1_GWF-(1,195,64)       120.53965                  1_GWF-(1,155,124)
         13          1         13       18.548877                   1_GWF-(1,194,65)       140.79289                  1_GWF-(1,156,123)
         14          1         14       16.046224                  1_GWF-(1,155,124)      -132.53324                  1_GWF-(1,156,123)
         15          1         15       15.112760                   1_GWF-(1,22,355)       137.34684                    1_GWF-(1,176,3)
         16          1         16       16.067011                   1_GWF-(1,20,356)       125.08855                   1_GWF-(1,78,105)
         17          1         17       16.160465                   1_GWF-(1,17,356)      -142.55746                    1_GWF-(1,177,2)
         18          1         18       19.942005                   1_GWF-(1,16,356)      -108.94405                  1_GWF-(1,156,123)
         19          1         19       17.431644                   1_GWF-(1,99,281)       121.18320                   1_GWF-(1,195,64)
         20          1         20       19.774866                  1_GWF-(1,100,280)       147.39640                   1_GWF-(1,194,65)
         21          1         21       21.610850                   1_GWF-(1,99,281)      -146.87022                   1_GWF-(1,194,65)
         22          1         22       25.432502                  1_GWF-(1,100,280)       160.79746                   1_GWF-(1,98,282)
         23          1         23       34.212419                   1_GWF-(1,99,281)       206.64435                   1_GWF-(1,99,281)
         24          1         24       45.305457                   1_GWF-(1,27,353)      -238.97147                   1_GWF-(1,99,281)
         25          1         25       48.979555                   1_GWF-(1,99,281)       237.99814                   1_GWF-(1,99,281)
         26          1         26       55.706136                  1_GWF-(1,100,280)       267.75764                  1_GWF-(1,100,280)
         27          1         27       67.067225                   1_GWF-(1,99,281)       304.91790                   1_GWF-(1,99,281)
         28          1         28       71.009155                  1_GWF-(1,100,280)      -305.58506                   1_GWF-(1,99,281)
         29          1         29       76.990558                   1_GWF-(1,99,281)       350.98197                   1_GWF-(1,99,281)
         30          1         30       94.678999                   1_GWF-(1,16,356)      -369.69474                   1_GWF-(1,99,281)
         31          1         31       103.48005                   1_GWF-(1,17,355)      -353.55309                  1_GWF-(1,156,123)
         32          1         32       111.33838                   1_GWF-(1,16,356)       440.31406                  1_GWF-(1,156,123)
         33          1         33       131.95068                   1_GWF-(1,22,355)       422.25148                  1_GWF-(1,157,122)
         34          1         34       150.00690                   1_GWF-(1,23,354)      -398.25259                  1_GWF-(1,157,122)
         35          1         35       159.24932                   1_GWF-(1,16,356)      -398.03103                   1_GWF-(1,189,72)
         36          1         36       151.56133                   1_GWF-(1,17,355)      -458.10347                   1_GWF-(1,190,71)
         37          1         37       147.86706                   1_GWF-(1,28,353)       408.17142                   1_GWF-(1,190,71)
         38          1         38       133.53410                    1_GWF-(1,1,317)       377.05997                    1_GWF-(1,176,3)
         39          1         39       134.92896                   1_GWF-(1,11,291)       474.60749                    1_GWF-(1,177,2)
         40          1         40       146.46552                   1_GWF-(1,11,289)      -383.13670                  1_GWF-(1,122,242)
         41          1         41       137.48125                  1_GWF-(1,122,242)       485.86631                  1_GWF-(1,122,242)
         42          1         42       129.20526                   1_GWF-(1,19,286)      -459.27129                  1_GWF-(1,122,242)
         43          1         43       129.41546                   1_GWF-(1,19,283)       399.82753                  1_GWF-(1,122,242)
         44          1         44       124.37923                   1_GWF-(1,21,280)      -346.00624                   1_GWF-(1,79,104)
         45          1         45       136.51165                   1_GWF-(1,71,316)       430.76370                   1_GWF-(1,43,119)
         46          1         46       135.71132                   1_GWF-(1,72,315)      -487.19952                   1_GWF-(1,43,119)
         47          1         47       126.06932                   1_GWF-(1,16,274)      -472.35735                   1_GWF-(1,190,71)
         48          1         48       118.35209                   1_GWF-(1,15,275)       459.86189                   1_GWF-(1,190,71)
         49          1         49       113.53081                   1_GWF-(1,16,270)       468.02800                   1_GWF-(1,189,72)
         50          1         50       113.19247                   1_GWF-(1,18,259)       413.03634                   1_GWF-(1,190,71)
         51          1         51       121.25605                   1_GWF-(1,17,261)      -368.73953                   1_GWF-(1,43,119)
         52          1         52       119.31930                   1_GWF-(1,18,259)       329.43694                   1_GWF-(1,43,119)
         53          1         53       105.78102                   1_GWF-(1,19,259)      -273.02976                   1_GWF-(1,16,274)
         54          1         54       100.19844                   1_GWF-(1,16,274)       344.57086                    1_GWF-(1,176,3)
         55          1         55       95.129211                   1_GWF-(1,15,275)      -379.96429                    1_GWF-(1,176,3)
         56          1         56       97.661252                   1_GWF-(1,91,290)       333.14034                    1_GWF-(1,176,3)
         57          1         57       103.63721                   1_GWF-(1,92,289)       367.01786                    1_GWF-(1,177,2)
         58          1         58       103.71586                   1_GWF-(1,91,290)      -323.33612                   1_GWF-(1,190,71)
         59          1         59       98.632147                   1_GWF-(1,92,289)       335.90610                   1_GWF-(1,92,289)
         60          1         60       99.811438                   1_GWF-(1,15,275)      -350.07592                   1_GWF-(1,92,289)
         61          1         61       103.35414                   1_GWF-(1,92,289)       390.75373                   1_GWF-(1,92,289)
         62          1         62       113.09510                   1_GWF-(1,93,288)      -427.99835                   1_GWF-(1,92,289)
         63          1         63       118.45459                   1_GWF-(1,92,289)       471.87304                   1_GWF-(1,92,289)
         64          1         64       116.43865                   1_GWF-(1,18,191)       478.60730                   1_GWF-(1,93,288)
         65          1         65       110.61411                   1_GWF-(1,18,192)       477.29322                   1_GWF-(1,92,289)
         66          1         66       112.06502                  1_GWF-(1,107,271)      -446.49433                   1_GWF-(1,92,289)
         67          1         67       113.94420                  1_GWF-(1,106,272)      -394.43524                   1_GWF-(1,91,290)
         68          1         68       124.73399                   1_GWF-(1,19,202)      -341.57134                   1_GWF-(1,15,275)
         69          1         69       125.02868                   1_GWF-(1,20,201)       305.90279                   1_GWF-(1,118,57)
         70          1         70       121.15934                   1_GWF-(1,16,274)       387.41055                    1_GWF-(1,176,3)
         71          1         71       120.20024                   1_GWF-(1,17,192)      -467.26611                    1_GWF-(1,176,3)
         72          1         72       127.58630                   1_GWF-(1,21,208)      -512.04903                    1_GWF-(1,177,2)
         73          1         73       128.74200                   1_GWF-(1,22,207)      -457.40821                    1_GWF-(1,176,3)
         74          1         74       118.46174                   1_GWF-(1,21,208)       527.38008                    1_GWF-(1,176,3)
         75          1         75       98.092389                   1_GWF-(1,19,202)       370.49421                   1_GWF-(1,71,316)
         76          1         76       92.457369                   1_GWF-(1,19,202)       359.41292                   1_GWF-(1,70,317)
         77          1         77       82.707101                   1_GWF-(1,20,201)      -371.11174                   1_GWF-(1,70,317)
         78          1         78       77.022496                   1_GWF-(1,70,317)      -387.12058                   1_GWF-(1,71,316)
         79          1         79       82.849331                   1_GWF-(1,71,316)       325.69701                  1_GWF-(1,179,105)
         80          1         80       81.998997                   1_GWF-(1,22,207)      -371.56107                    1_GWF-(1,176,3)
         81          1         81       81.173206                   1_GWF-(1,21,209)       341.62962                    1_GWF-(1,176,3)
         82          1         82       81.798354                   1_GWF-(1,34,160)      -446.00495                    1_GWF-(1,176,3)
         83          1         83       83.870104                   1_GWF-(1,35,158)       378.48484                   1_GWF-(1,32,129)
         84          1         84       80.523825                  1_GWF-(1,107,271)      -344.34632                   1_GWF-(1,32,129)
         85          1         85       74.321856                  1_GWF-(1,108,269)      -287.67293                    1_GWF-(1,177,2)
         86          1         86       71.956127                  1_GWF-(1,109,268)       228.98596                    1_GWF-(1,95,75)
         87          1         87       66.644760                   1_GWF-(1,30,181)       194.73250                    1_GWF-(1,84,98)
         88          1         88       58.639620                   1_GWF-(1,30,177)       217.97723                   1_GWF-(1,71,316)
         89          1         89       53.337773                   1_GWF-(1,70,317)      -270.19654                   1_GWF-(1,71,316)
         90          1         90       54.238567                   1_GWF-(1,71,316)       277.46534                   1_GWF-(1,71,316)
         91          1         91       51.552095                  1_GWF-(1,116,251)       250.06343                   1_GWF-(1,70,317)
         92          1         92       47.898529                  1_GWF-(1,122,242)      -201.42723                   1_GWF-(1,70,317)
         93          1         93       46.946257                  1_GWF-(1,123,241)       175.36542                    1_GWF-(1,85,97)
         94          1         94       42.615200                  1_GWF-(1,119,247)      -203.20540                    1_GWF-(1,85,97)
         95          1         95       38.281133                  1_GWF-(1,120,245)      -181.31976                    1_GWF-(1,84,98)
         96          1         96       37.294294                  1_GWF-(1,117,249)      -153.66351                   1_GWF-(1,118,57)
         97          1         97       37.148395                  1_GWF-(1,119,247)      -119.07122                   1_GWF-(1,47,344)
         98          1         98       33.586595                  1_GWF-(1,118,248)       135.60291                   1_GWF-(1,47,344)
         99          1         99       31.709217                  1_GWF-(1,116,251)      -151.02603                   1_GWF-(1,47,344)
        100          1        100       34.939230                   1_GWF-(1,47,344)       156.19185                   1_GWF-(1,47,344)
        101          1        101       31.149539                  1_GWF-(1,124,239)       137.90409                    1_GWF-(1,89,89)
        102          1        102       29.091785                   1_GWF-(1,47,344)       124.24786                   1_GWF-(1,47,344)
        103          1        103       24.368919                   1_GWF-(1,98,230)      -126.89178                   1_GWF-(1,47,344)
        104          1        104       25.732484                   1_GWF-(1,47,344)      -137.87219                  1_GWF-(1,168,112)
        105          1        105       22.853247                   1_GWF-(1,20,258)       149.15257                  1_GWF-(1,168,112)
        106          1        106       22.823063                   1_GWF-(1,47,344)      -165.77495                  1_GWF-(1,168,112)
        107          1        107       21.930629                  1_GWF-(1,137,200)       159.45066                  1_GWF-(1,168,112)
        108          1        108       23.825121                  1_GWF-(1,136,201)       141.18733                  1_GWF-(1,169,111)
        109          1        109       25.219539                  1_GWF-(1,137,200)       155.30074                  1_GWF-(1,168,112)
        110          1        110       23.377102                  1_GWF-(1,137,200)      -144.48202                  1_GWF-(1,168,112)
        111          1        111       21.437292                  1_GWF-(1,128,200)       130.43166                  1_GWF-(1,168,112)
        112          1        112       21.872563                  1_GWF-(1,127,202)      -124.89395                  1_GWF-(1,168,112)
        113          1        113       20.282586                   1_GWF-(1,47,344)      -110.18141                   1_GWF-(1,77,306)
        114          1        114       18.659779                   1_GWF-(1,48,343)       106.04220                   1_GWF-(1,77,306)
        115          1        115       19.662916                   1_GWF-(1,47,344)       109.62925                   1_GWF-(1,78,305)
        116          1        116       17.147045                   1_GWF-(1,77,306)      -112.07082                   1_GWF-(1,78,305)
        117          1        117       17.946936                   1_GWF-(1,78,305)      -125.64726                   1_GWF-(1,77,306)
        118          1        118       19.115378                   1_GWF-(1,77,306)       131.60245                   1_GWF-(1,77,306)
        119          1        119       21.219619                   1_GWF-(1,78,305)      -148.68530                   1_GWF-(1,77,306)
        120          1        120       24.071852                   1_GWF-(1,77,306)      -144.48353                   1_GWF-(1,78,305)
        121          1        121       25.056362                   1_GWF-(1,78,305)      -131.72526                   1_GWF-(1,77,306)
        122          1        122       25.602240                   1_GWF-(1,77,306)       106.03801                   1_GWF-(1,77,306)
        123          1        123       24.767076                   1_GWF-(1,78,305)       88.022488                   1_GWF-(1,78,105)
        124          1        124       22.682345                   1_GWF-(1,77,306)       87.828848                   1_GWF-(1,79,104)
        125          1        125       20.600343                   1_GWF-(1,78,305)      -84.972246                   1_GWF-(1,79,104)
        126          1        126       18.798559                   1_GWF-(1,77,306)       79.820514                   1_GWF-(1,79,104)
        127          1        127       16.769590                   1_GWF-(1,78,305)      -75.915543                    1_GWF-(1,94,76)
        128          1        128       17.200383                   1_GWF-(1,14,276)      -90.182874                    1_GWF-(1,95,75)
        129          1        129       18.545450                   1_GWF-(1,15,275)       94.003329                    1_GWF-(1,95,75)
        130          1        130       17.940591                   1_GWF-(1,16,274)       90.142282                    1_GWF-(1,94,76)
        131          1        131       16.539179                   1_GWF-(1,16,264)       72.871223                  1_GWF-(1,103,276)
        132          1        132       14.751291                   1_GWF-(1,17,263)      -72.240475                  1_GWF-(1,103,276)
        133          1        133       14.190139                   1_GWF-(1,17,260)      -71.860264                  1_GWF-(1,102,277)
        134          1        134       14.942202                   1_GWF-(1,18,259)      -72.315246                  1_GWF-(1,103,276)
        135          1        135       14.979006                   1_GWF-(1,20,258)       70.079676                  1_GWF-(1,103,276)
        136          1        136       16.058715                   1_GWF-(1,47,344)      -70.899962                  1_GWF-(1,103,276)
        137          1        137       15.753109                   1_GWF-(1,48,343)      -63.301967                  1_GWF-(1,102,277)
        138          1        138       16.546162                   1_GWF-(1,47,344)       67.623389                    1_GWF-(1,95,75)
        139          1        139       16.801460                  1_GWF-(1,103,276)       81.611608                   1_GWF-(1,81,101)
        140          1        140       16.807146                   1_GWF-(1,16,356)       71.297341                    1_GWF-(1,95,75)
        141          1        141       15.273413                  1_GWF-(1,103,276)      -64.941970                   1_GWF-(1,82,100)
        142          1        142       14.777638                   1_GWF-(1,47,344)       68.305338                    1_GWF-(1,97,73)
        143          1        143       15.129170                   1_GWF-(1,46,345)      -56.908281                    1_GWF-(1,97,73)
        144          1        144       16.042154                   1_GWF-(1,47,344)      -69.304209                    1_GWF-(1,85,97)
        145          1        145       15.839901                   1_GWF-(1,46,345)      -64.454344                    1_GWF-(1,84,98)
        146          1        146       16.596977                   1_GWF-(1,47,344)      -63.349643                    1_GWF-(1,85,97)
        147          1        147       16.098206                   1_GWF-(1,48,343)      -74.963585                  1_GWF-(1,139,166)
        148          1        148       15.447723                   1_GWF-(1,27,353)       93.554694                  1_GWF-(1,139,166)
        149          1        149       14.315796                   1_GWF-(1,16,356)       107.16363                  1_GWF-(1,140,165)
        150          1        150       13.911532                   1_GWF-(1,14,336)       111.62655                  1_GWF-(1,139,166)
        151          1        151       13.947701                   1_GWF-(1,10,335)      -102.85955                  1_GWF-(1,139,166)
        152          1        152       13.585278                   1_GWF-(1,11,336)      -85.009725                  1_GWF-(1,140,165)
        153          1        153       12.889130                   1_GWF-(1,10,337)       75.000310                  1_GWF-(1,140,165)
        154          1        154       12.707716                    1_GWF-(1,8,331)       67.338824                  1_GWF-(1,139,166)
        155          1        155       12.489099                    1_GWF-(1,8,328)      -51.986399                  1_GWF-(1,139,166)
        156          1        156       11.501489                    1_GWF-(1,4,325)       41.639988                   1_GWF-(1,83,297)
        157          1        157       10.752877                    1_GWF-(1,2,321)      -41.530699                   1_GWF-(1,83,297)
        158          1        158       9.3702107                   1_GWF-(1,27,353)       37.322733                   1_GWF-(1,83,297)
        159          1        159       9.8924356                   1_GWF-(1,16,356)      -35.344422                   1_GWF-(1,17,355)
        160          1        160       9.6405214                   1_GWF-(1,17,355)       40.660011                   1_GWF-(1,118,57)
        161          1        161       9.6466141                   1_GWF-(1,16,356)      -32.904662                   1_GWF-(1,32,129)
        162          1        162       8.6441198                   1_GWF-(1,23,353)       30.126870                   1_GWF-(1,32,129)
        163          1        163       8.9077450                   1_GWF-(1,15,350)      -30.044373                   1_GWF-(1,32,129)
        164          1        164       9.5447410                   1_GWF-(1,16,356)       36.278880                   1_GWF-(1,70,112)
        165          1        165       10.169972                   1_GWF-(1,17,355)      -37.956350                   1_GWF-(1,70,112)
        166          1        166       9.6753240                   1_GWF-(1,16,356)       37.745767                   1_GWF-(1,70,112)
        167          1        167      -8.7481420                    1_GWF-(1,179,1)      -41.581249                   1_GWF-(1,70,112)
        168          1        168      -7.9323254                    1_GWF-(1,175,4)       33.744905                   1_GWF-(1,70,112)
        169          1        169      -7.5602061                    1_GWF-(1,176,4)      -31.451236                   1_GWF-(1,70,112)
        170          1        170      -7.0610461                    1_GWF-(1,179,3)       25.633400                   1_GWF-(1,70,112)
        171          1        171       6.4735540                   1_GWF-(1,59,334)      -21.239805                   1_GWF-(1,78,105)
        172          1        172       5.9565450                   1_GWF-(1,58,336)       23.319861                   1_GWF-(1,17,355)
        173          1        173       5.2586118                   1_GWF-(1,57,337)      -24.345633                   1_GWF-(1,17,355)
        174          1        174       4.7294411                   1_GWF-(1,58,336)       19.923768                   1_GWF-(1,17,355)
        175          1        175       4.1475309                   1_GWF-(1,59,333)      -25.400639                   1_GWF-(1,99,281)
        176          1        176       3.6603128                   1_GWF-(1,50,342)       28.120822                   1_GWF-(1,99,281)
        177          1        177       3.1870115                   1_GWF-(1,48,338)      -27.035157                   1_GWF-(1,99,281)
        178          1        178       2.9636964                   1_GWF-(1,47,339)       23.328448                   1_GWF-(1,99,281)
        179          1        179       2.8500142                   1_GWF-(1,56,340)       16.284104                  1_GWF-(1,100,280)
        180          1        180       2.8357471                   1_GWF-(1,55,341)      -11.690611                   1_GWF-(1,39,123)
        181          1        181       2.7194738                   1_GWF-(1,53,342)      -12.531781                   1_GWF-(1,40,122)
        182          1        182       2.5725676                   1_GWF-(1,44,346)      -11.273392                    1_GWF-(1,90,83)
        183          1        183       2.5135345                   1_GWF-(1,42,347)       11.664153                   1_GWF-(1,118,57)
        184          1        184       2.3492412                   1_GWF-(1,42,342)       10.651589                   1_GWF-(1,40,122)
        185          1        185       2.1990883                    1_GWF-(1,174,8)      -10.797197                   1_GWF-(1,25,186)
        186          1        186       2.2442457                    1_GWF-(1,179,3)      -12.647999                   1_GWF-(1,43,119)
        187          1        187       2.5520633                    1_GWF-(1,176,3)      -14.343434                   1_GWF-(1,42,120)
        188          1        188       2.8219822                    1_GWF-(1,180,5)       14.436330                   1_GWF-(1,42,120)
        189          1        189       2.8458654                    1_GWF-(1,179,3)       13.600301                   1_GWF-(1,21,189)
        190          1        190       2.7967181                    1_GWF-(1,179,1)      -11.790643                   1_GWF-(1,21,189)
        191          1        191       2.3119760                    1_GWF-(1,176,3)       11.700583                   1_GWF-(1,24,187)
        192          1        192       2.0405947                   1_GWF-(1,16,356)      -8.3843485                   1_GWF-(1,24,187)
        193          1        193       1.8621892                   1_GWF-(1,17,355)      -7.9010147                    1_GWF-(1,90,83)
        194          1        194       1.8459117                   1_GWF-(1,16,356)      -7.3011459                   1_GWF-(1,17,355)
        195          1        195       1.3892763                   1_GWF-(1,11,339)       6.5643687                   1_GWF-(1,17,355)
        196          1        196       1.1264586                   1_GWF-(1,16,356)       5.9566332                    1_GWF-(1,88,90)
        197          1        197      0.89207343                   1_GWF-(1,15,345)       5.1513445                   1_GWF-(1,37,125)
        198          1        198      0.76049228                   1_GWF-(1,16,356)       5.3747519                   1_GWF-(1,38,124)
        199          1        199      0.59636355                   1_GWF-(1,17,355)      -4.5198484                   1_GWF-(1,38,124)
        200          1        200     -0.51010853                  1_GWF-(1,157,122)      -5.4180356                  1_GWF-(1,157,122)
        201          2          1      -453.00237                   1_GWF-(1,39,252)       22369.730                   1_GWF-(1,10,333)
        202          2          2      -827.69215                   1_GWF-(1,39,252)      -41562.421                   1_GWF-(1,20,201)
        203          2          3      -985.85770                   1_GWF-(1,63,222)       56775.918                   1_GWF-(1,20,201)
        204          2          4      -1303.9571                   1_GWF-(1,35,246)       91818.429                  1_GWF-(1,102,277)
        205          2          5      -1526.1322                  1_GWF-(1,102,277)       148022.88                  1_GWF-(1,103,276)
        206          2          6      -1898.3434                  1_GWF-(1,103,276)      -174100.58                  1_GWF-(1,103,276)
        207          2          7      -1544.4173                  1_GWF-(1,102,277)       130859.40                  1_GWF-(1,103,276)
        208          2          8      -1307.5250                  1_GWF-(1,103,276)       98560.877                  1_GWF-(1,102,277)
        209          2          9      -1125.3453                  1_GWF-(1,100,280)       109372.15                   1_GWF-(1,99,281)
        210          2         10      -1324.4035                   1_GWF-(1,99,281)       105328.41                   1_GWF-(1,98,282)
        211          2         11      -1247.5816                   1_GWF-(1,98,282)       88981.420                   1_GWF-(1,99,281)
        212          2         12      -1073.8830                   1_GWF-(1,99,281)      -79094.094                   1_GWF-(1,99,281)
        213          2         13      -872.32280                   1_GWF-(1,98,282)       70663.015                   1_GWF-(1,99,281)
        214          2         14      -822.09233                   1_GWF-(1,99,281)      -65897.089                   1_GWF-(1,99,281)
        215          2         15      -720.81873                   1_GWF-(1,19,202)       56146.915                   1_GWF-(1,20,201)
        216          2         16      -571.94339                   1_GWF-(1,20,201)      -37268.695                   1_GWF-(1,99,281)
        217          2         17      -545.26898                   1_GWF-(1,19,202)      -23587.066                  1_GWF-(1,100,280)
        218          2         18      -406.02382                   1_GWF-(1,22,355)       28549.586                   1_GWF-(1,76,307)
        219          2         19      -344.33158                   1_GWF-(1,28,205)       30882.667                   1_GWF-(1,77,306)
        220          2         20      -381.06963                   1_GWF-(1,19,202)      -30692.336                   1_GWF-(1,77,306)
        221          2         21      -395.03674                   1_GWF-(1,20,201)      -28318.747                   1_GWF-(1,78,305)
        222          2         22      -414.65780                   1_GWF-(1,19,202)       24810.703                   1_GWF-(1,78,305)
        223          2         23      -298.91116                   1_GWF-(1,18,196)       19485.761                   1_GWF-(1,77,306)
        224          2         24      -288.66089                   1_GWF-(1,17,192)      -17518.176                   1_GWF-(1,77,306)
        225          2         25      -266.91806                   1_GWF-(1,16,192)      -14006.681                   1_GWF-(1,78,305)
        226          2         26      -236.48416                   1_GWF-(1,23,188)      -12616.361                   1_GWF-(1,92,289)
        227          2         27      -284.58223                   1_GWF-(1,21,189)       14426.703                   1_GWF-(1,92,289)
        228          2         28      -252.28940                   1_GWF-(1,21,189)      -12180.717                   1_GWF-(1,92,289)
        229          2         29      -203.86764                   1_GWF-(1,16,192)      -11554.528                   1_GWF-(1,91,290)
        230          2         30      -168.34974                   1_GWF-(1,17,192)      -10211.200                   1_GWF-(1,92,289)
        231          2         31      -127.91043                   1_GWF-(1,39,123)       9920.3000                   1_GWF-(1,92,289)
        232          2         32      -128.56506                   1_GWF-(1,41,121)       9061.6010                   1_GWF-(1,93,288)
        233          2         33      -116.75767                   1_GWF-(1,32,136)       8260.7202                   1_GWF-(1,92,289)
        234          2         34      -113.08231                   1_GWF-(1,92,289)      -8725.4405                   1_GWF-(1,92,289)
        235          2         35      -106.38425                   1_GWF-(1,93,288)       8519.0185                   1_GWF-(1,92,289)
        236          2         36      -102.17617                   1_GWF-(1,32,136)      -8453.9910                   1_GWF-(1,92,289)
        237          2         37      -96.410977                   1_GWF-(1,33,135)      -5908.3203                   1_GWF-(1,91,290)
        238          2         38      -94.666443                   1_GWF-(1,32,136)      -4611.1540                   1_GWF-(1,78,305)
        239          2         39       80.743242                   1_GWF-(1,20,201)       4016.2623                   1_GWF-(1,78,305)
        240          2         40       67.878578                   1_GWF-(1,22,189)      -3491.6147                   1_GWF-(1,78,305)
        241          2         41      -68.304165                   1_GWF-(1,57,112)      -3301.8194                   1_GWF-(1,83,297)
        242          2         42      -65.375730                   1_GWF-(1,61,109)       3604.8799                  1_GWF-(1,103,276)
        243          2         43      -55.856023                   1_GWF-(1,60,109)      -3259.2001                   1_GWF-(1,83,297)
        244          2         44      -46.236843                   1_GWF-(1,46,118)       2585.9002                   1_GWF-(1,83,297)
        245          2         45      -43.300711                   1_GWF-(1,37,154)      -2524.6357                   1_GWF-(1,70,317)
        246          2         46      -42.517830                   1_GWF-(1,32,136)      -2616.3546                   1_GWF-(1,71,316)
        247          2         47      -41.977089                   1_GWF-(1,51,116)      -2705.4852                   1_GWF-(1,70,317)
        248          2         48      -39.688946                   1_GWF-(1,53,117)       3364.7209                   1_GWF-(1,70,317)
        249          2         49      -36.290698                   1_GWF-(1,31,132)       3359.5326                   1_GWF-(1,71,316)
        250          2         50      -32.980362                   1_GWF-(1,33,134)      -3038.2593                   1_GWF-(1,71,316)
        251          2         51      -36.731883                   1_GWF-(1,32,136)       2325.3221                   1_GWF-(1,71,316)
        252          2         52      -31.850254                   1_GWF-(1,33,135)       1633.8353                   1_GWF-(1,77,306)
        253          2         53      -29.689767                   1_GWF-(1,43,132)      -1495.9154                   1_GWF-(1,60,331)
        254          2         54      -29.351325                   1_GWF-(1,47,132)       1473.5699                   1_GWF-(1,112,72)
        255          2         55      -25.960869                   1_GWF-(1,32,129)      -1663.0754                   1_GWF-(1,190,71)
        256          2         56      -24.445439                   1_GWF-(1,32,136)       1699.2382                   1_GWF-(1,190,71)
        257          2         57      -19.470765                   1_GWF-(1,190,71)      -1742.6923                   1_GWF-(1,190,71)
        258          2         58       19.248800                   1_GWF-(1,190,71)       1495.6128                   1_GWF-(1,190,71)
        259          2         59      -14.418849                   1_GWF-(1,190,71)      -1188.6853                   1_GWF-(1,190,71)
        260          2         60       12.761805                   1_GWF-(1,190,71)       834.87773                   1_GWF-(1,190,71)
        261          2         61      -8.8764568                   1_GWF-(1,74,111)      -516.20299                   1_GWF-(1,190,71)
        262          2         62       7.2319015                   1_GWF-(1,19,202)      -628.64220                   1_GWF-(1,20,201)
        263          2         63      -7.6483729                   1_GWF-(1,71,316)       601.85459                   1_GWF-(1,70,317)
        264          2         64      -7.1873782                   1_GWF-(1,70,317)      -560.10965                   1_GWF-(1,70,317)
        265          2         65      -8.2023939                  1_GWF-(1,156,123)      -590.83844                   1_GWF-(1,71,316)
        266          2         66      -8.5782670                  1_GWF-(1,155,124)       486.68943                  1_GWF-(1,156,123)
        267          2         67      -8.5155258                  1_GWF-(1,156,123)      -415.99434                  1_GWF-(1,156,123)
        268          2         68      -6.9357334                  1_GWF-(1,155,124)       341.33653                   1_GWF-(1,110,74)
        269          2         69      -6.2076909                  1_GWF-(1,156,123)      -333.91657                   1_GWF-(1,110,74)
        270          2         70      -5.4033635                  1_GWF-(1,155,124)      -331.07879                   1_GWF-(1,111,73)
        271          2         71      -5.5554061                  1_GWF-(1,156,123)       288.99384                   1_GWF-(1,111,73)
        272          2         72      -5.2704358                  1_GWF-(1,157,122)       258.82215                  1_GWF-(1,156,123)
        273          2         73      -5.5859321                  1_GWF-(1,156,123)       303.06033                   1_GWF-(1,194,65)
        274          2         74      -5.4624849                  1_GWF-(1,155,124)      -335.97231                   1_GWF-(1,194,65)
        275          2         75      -5.1949659                  1_GWF-(1,156,123)       334.53159                   1_GWF-(1,194,65)
        276          2         76      -4.2052169                   1_GWF-(1,194,65)      -285.04508                   1_GWF-(1,194,65)
        277          2         77      -3.4139456                    1_GWF-(1,180,3)       192.62196                   1_GWF-(1,194,65)
        278          2         78       3.3755785                   1_GWF-(1,58,111)      -170.30453                   1_GWF-(1,112,72)
        279          2         79      -3.4602269                   1_GWF-(1,20,201)      -159.94351                   1_GWF-(1,20,201)
        280          2         80      -3.8549327                   1_GWF-(1,19,202)       161.25716                   1_GWF-(1,20,201)
        281          2         81      -3.0925164                   1_GWF-(1,17,193)      -151.76314                   1_GWF-(1,20,201)
        282          2         82      -3.2866719                   1_GWF-(1,17,192)       109.17057                   1_GWF-(1,60,331)
        283          2         83      -2.2962037                   1_GWF-(1,17,192)       112.33953                  1_GWF-(1,168,112)
        284          2         84      -2.0906915                  1_GWF-(1,168,112)      -137.73156                  1_GWF-(1,168,112)
        285          2         85      -2.3308630                  1_GWF-(1,169,111)       163.95365                  1_GWF-(1,168,112)
        286          2         86      -2.8961788                  1_GWF-(1,168,112)      -140.02733                  1_GWF-(1,168,112)
        287          2         87      -2.2955003                  1_GWF-(1,169,111)       113.27431                  1_GWF-(1,168,112)
        288          2         88      -2.0888962                  1_GWF-(1,168,112)      -77.406481                  1_GWF-(1,168,112)
        289          2         89      -1.3934073                  1_GWF-(1,169,111)       70.724339                    1_GWF-(1,2,316)
        290          2         90      -1.2706910                  1_GWF-(1,168,112)      -57.093472                    1_GWF-(1,2,316)
        291          2         91      -1.0731840                    1_GWF-(1,178,5)      -49.213606                  1_GWF-(1,124,239)
        292          2         92      -1.0444048                    1_GWF-(1,176,3)       64.766964                  1_GWF-(1,124,239)
        293          2         93      -1.0164625                    1_GWF-(1,179,1)       65.750646                  1_GWF-(1,116,251)
        294          2         94     -0.97891459                    1_GWF-(1,179,1)       54.828842                  1_GWF-(1,124,239)
        295          2         95     -0.88428455                    1_GWF-(1,178,1)       42.269479                  1_GWF-(1,118,248)
        296          2         96     -0.74807741                    1_GWF-(1,175,4)      -33.736241                  1_GWF-(1,118,248)
        297          2         97     -0.64342268                  1_GWF-(1,179,105)      -32.427272                  1_GWF-(1,106,272)
        298          2         98     -0.57091135                  1_GWF-(1,180,104)      -33.045242                  1_GWF-(1,107,271)
        299          2         99     -0.55415577                  1_GWF-(1,179,105)       38.469362                  1_GWF-(1,107,271)
        300          2        100     -0.46421273                  1_GWF-(1,180,104)       33.053693                  1_GWF-(1,106,272)
        301          2        101      0.51165649                   1_GWF-(1,100,69)      -29.438741                  1_GWF-(1,106,272)
        302          2        102      0.54189445                   1_GWF-(1,100,69)       27.180397                  1_GWF-(1,106,272)
        303          2        103      0.48507599                    1_GWF-(1,99,69)       24.718643                  1_GWF-(1,105,273)
        304          2        104      0.37920234                   1_GWF-(1,20,201)      -18.136194                   1_GWF-(1,66,319)
        305          2        105      0.34353154                   1_GWF-(1,19,202)       14.899947                   1_GWF-(1,134,47)
        306          2        106     -0.24423596                   1_GWF-(1,140,43)      -14.555501                   1_GWF-(1,134,47)
        307          2        107      0.24273799                   1_GWF-(1,16,192)       16.625014                   1_GWF-(1,134,47)
        308          2        108      0.22553657                   1_GWF-(1,17,194)      -16.181087                   1_GWF-(1,134,47)
        309          2        109     -0.22362932                   1_GWF-(1,156,33)       14.705111                   1_GWF-(1,134,47)
        310          2        110     -0.23252409                   1_GWF-(1,160,33)       11.528546                   1_GWF-(1,139,44)
        311          2        111     -0.24278428                   1_GWF-(1,162,32)       9.5682724                  1_GWF-(1,179,105)
        312          2        112     -0.22329507                   1_GWF-(1,160,33)       12.329597                  1_GWF-(1,180,104)
        313          2        113     -0.22348163                   1_GWF-(1,162,32)      -14.658064                  1_GWF-(1,180,104)
        314          2        114     -0.21846632                  1_GWF-(1,179,105)      -14.613995                  1_GWF-(1,179,105)
        315          2        115      0.18256851                  1_GWF-(1,179,105)       11.176098                  1_GWF-(1,179,105)
        316          2        116      0.14476920                  1_GWF-(1,180,104)       7.7299097                  1_GWF-(1,180,104)
        317          2        117     -0.11572069                   1_GWF-(1,179,40)       6.4930868                   1_GWF-(1,66,319)
        318          2        118      0.10133992                   1_GWF-(1,32,136)       5.7028728                   1_GWF-(1,65,320)
        319          2        119 -9.52486019E-02                   1_GWF-(1,54,341)       4.8562725                   1_GWF-(1,66,319)
        320          2        120 -9.33836230E-02                   1_GWF-(1,53,342)      -3.9237681                   1_GWF-(1,165,30)
        321          2        121 -8.05573907E-02                   1_GWF-(1,54,341)       3.8699519                   1_GWF-(1,165,30)
        322          2        122 -8.08201270E-02                    1_GWF-(1,178,1)      -3.8194320                   1_GWF-(1,41,121)
        323          2        123 -8.71709428E-02                    1_GWF-(1,176,3)       4.1983908                   1_GWF-(1,41,121)
        324          2        124 -8.65871635E-02                    1_GWF-(1,179,1)      -4.1294057                   1_GWF-(1,41,121)
        325          2        125 -8.42095264E-02                    1_GWF-(1,179,1)      -3.5610831                   1_GWF-(1,40,122)
        326          2        126 -7.91427838E-02                    1_GWF-(1,178,1)      -2.5914497                   1_GWF-(1,39,123)
        327          2        127 -7.20985296E-02                    1_GWF-(1,176,3)       2.3594907                   1_GWF-(1,41,121)
        328          2        128 -6.58693525E-02                    1_GWF-(1,177,2)      -1.7064823                   1_GWF-(1,134,47)
        329          2        129 -6.03023302E-02                    1_GWF-(1,179,1)      -2.1267823                  1_GWF-(1,140,165)
        330          2        130 -5.40740958E-02                    1_GWF-(1,180,3)      -2.5306639                  1_GWF-(1,139,166)
        331          2        131 -4.58619106E-02                    1_GWF-(1,176,3)       2.9155064                  1_GWF-(1,139,166)
        332          2        132  4.45108216E-02                  1_GWF-(1,140,165)      -3.1562180                  1_GWF-(1,139,166)
        333          2        133  4.71340737E-02                  1_GWF-(1,139,166)      -3.0198498                  1_GWF-(1,140,165)
        334          2        134  4.29780310E-02                  1_GWF-(1,140,165)       2.4303655                  1_GWF-(1,140,165)
        335          2        135  3.00353012E-02                  1_GWF-(1,139,166)       1.6693169                  1_GWF-(1,139,166)
        336          2        136  2.16454947E-02                  1_GWF-(1,140,165)      -1.2293775                  1_GWF-(1,139,166)
        337          2        137  1.72062526E-02                  1_GWF-(1,139,166)      0.82916396                  1_GWF-(1,139,166)
        338          2        138 -1.66288015E-02                   1_GWF-(1,179,11)     -0.63702414                  1_GWF-(1,124,239)
        339          2        139 -1.53264382E-02                    1_GWF-(1,178,6)      0.51382256                   1_GWF-(1,47,344)
        340          2        140 -1.61791758E-02                   1_GWF-(1,21,208)     -0.57386254                   1_GWF-(1,47,344)
        341          2        141 -1.25506543E-02                    1_GWF-(1,179,1)      0.61071073                   1_GWF-(1,47,344)
        342          2        142 -1.10952040E-02                    1_GWF-(1,178,1)     -0.70621566                   1_GWF-(1,47,344)
        343          2        143 -8.97922066E-03                    1_GWF-(1,177,2)      0.82065504                   1_GWF-(1,47,344)
        344          2        144 -6.57529364E-03                   1_GWF-(1,47,344)     -0.80878585                   1_GWF-(1,47,344)
        345          2        145 -5.48234946E-03                   1_GWF-(1,46,345)      0.84870090                   1_GWF-(1,47,344)
        346          2        146 -7.07055182E-03                   1_GWF-(1,47,344)     -0.85346978                   1_GWF-(1,47,344)
        347          2        147  5.19573035E-03                   1_GWF-(1,47,344)      0.69918077                   1_GWF-(1,47,344)
        348          2        148 -4.57934843E-03                   1_GWF-(1,47,344)     -0.53965525                   1_GWF-(1,47,344)
        349          2        149 -4.21327832E-03                    1_GWF-(1,99,69)      0.36667071                   1_GWF-(1,47,344)
        350          2        150 -3.60680735E-03                    1_GWF-(1,99,69)     -0.23972694                   1_GWF-(1,47,344)
        351          2        151 -2.67102027E-03                   1_GWF-(1,100,69)      0.18082733                   1_GWF-(1,165,30)
        352          2        152  2.35673007E-03                   1_GWF-(1,118,59)     -0.15324031                   1_GWF-(1,47,344)
        353          2        153  2.20696291E-03                   1_GWF-(1,117,58)      0.12787966                   1_GWF-(1,165,30)
        354          2        154  1.95896727E-03                   1_GWF-(1,118,57)      0.11631473                   1_GWF-(1,15,275)
        355          2        155  1.62670645E-03                   1_GWF-(1,120,56)      0.10736747                   1_GWF-(1,16,274)
        356          2        156  1.28053175E-03                   1_GWF-(1,117,61)  9.58762904E-02                   1_GWF-(1,15,275)
        357          2        157  1.15340127E-03                   1_GWF-(1,125,53) -8.52037113E-02                   1_GWF-(1,15,275)
        358          2        158  9.67394088E-04                    1_GWF-(1,83,99)  6.65389024E-02                   1_GWF-(1,15,275)
        359          2        159 -8.28594532E-04                   1_GWF-(1,186,85) -4.67103524E-02                   1_GWF-(1,15,275)
        360          2        160 -7.64739468E-04                   1_GWF-(1,185,91) -4.76971603E-02                   1_GWF-(1,70,112)
        361          2        161 -6.99442945E-04                   1_GWF-(1,184,94) -5.11200253E-02                   1_GWF-(1,165,30)
        362          2        162 -7.23050889E-04                   1_GWF-(1,183,96) -4.87570730E-02                   1_GWF-(1,164,31)
        363          2        163 -6.95734616E-04                   1_GWF-(1,184,94) -4.52174671E-02                   1_GWF-(1,165,30)
        364          2        164 -6.42681044E-04                  1_GWF-(1,175,108)  3.32968249E-02                   1_GWF-(1,165,30)
        365          2        165 -6.45579620E-04                  1_GWF-(1,178,103) -2.55374407E-02                   1_GWF-(1,165,30)
        366          2        166 -7.13582021E-04                  1_GWF-(1,179,105) -3.10609519E-02                  1_GWF-(1,100,280)
        367          2        167 -7.18998981E-04                  1_GWF-(1,180,104) -4.12246618E-02                   1_GWF-(1,99,281)
        368          2        168 -5.23715745E-04                  1_GWF-(1,181,103)  4.58567488E-02                   1_GWF-(1,99,281)
        369          2        169 -4.25010351E-04                  1_GWF-(1,176,107) -3.92776007E-02                   1_GWF-(1,99,281)
        370          2        170 -4.31145314E-04                   1_GWF-(1,184,94)  3.29275990E-02                   1_GWF-(1,99,281)
        371          2        171 -4.17840877E-04                   1_GWF-(1,185,93) -2.18548589E-02                   1_GWF-(1,99,281)
        372          2        172 -3.33367777E-04                   1_GWF-(1,185,89)  1.72933922E-02                   1_GWF-(1,15,275)
        373          2        173 -2.72763188E-04                  1_GWF-(1,161,100) -1.95063184E-02                   1_GWF-(1,15,275)
        374          2        174  2.49639929E-04                   1_GWF-(1,105,71) -1.87498523E-02                   1_GWF-(1,16,274)
        375          2        175  2.69055656E-04                   1_GWF-(1,105,71) -1.93801294E-02                   1_GWF-(1,15,275)
        376          2        176 -2.33977719E-04                   1_GWF-(1,165,95) -1.38935271E-02                   1_GWF-(1,16,274)
        377          2        177 -2.11021586E-04                  1_GWF-(1,175,108) -1.01402604E-02                   1_GWF-(1,15,275)
        378          2        178  1.81111190E-04                    1_GWF-(1,177,2) -9.84318291E-03                    1_GWF-(1,4,311)
        379          2        179  1.73985225E-04                    1_GWF-(1,176,3)  7.96684871E-03                    1_GWF-(1,4,311)
        380          2        180  1.52023477E-04                    1_GWF-(1,175,4)  6.22527257E-03                    1_GWF-(1,3,312)
        381          2        181  1.36539577E-04                    1_GWF-(1,176,3)  5.81620133E-03                    1_GWF-(1,176,3)
        382          2        182  1.26505254E-04                    1_GWF-(1,177,2) -7.01039812E-03                    1_GWF-(1,176,3)
        383          2        183  1.14817808E-04                    1_GWF-(1,176,3)  7.24058444E-03                    1_GWF-(1,176,3)
        384          2        184  1.08356258E-04                    1_GWF-(1,175,4) -8.04446360E-03                    1_GWF-(1,176,3)
        385          2        185  1.00609633E-04                    1_GWF-(1,176,3) -7.17855363E-03                    1_GWF-(1,177,2)
        386          2        186  9.74021845E-05                    1_GWF-(1,175,4) -7.65265297E-03                    1_GWF-(1,176,3)
        387          2        187  9.33207139E-05                    1_GWF-(1,176,3) -6.26820760E-03                    1_GWF-(1,177,2)
        388          2        188  9.26825357E-05                    1_GWF-(1,175,4) -6.37820912E-03                    1_GWF-(1,176,3)
        389          2        189  8.79313438E-05                    1_GWF-(1,176,3) -5.09450826E-03                    1_GWF-(1,177,2)
        390          2        190  8.60329903E-05                    1_GWF-(1,175,4) -5.55981059E-03                    1_GWF-(1,176,3)
        391          2        191  8.77592299E-05                    1_GWF-(1,176,3) -4.76477859E-03                    1_GWF-(1,177,2)
        392          2        192  8.43117798E-05                    1_GWF-(1,175,4) -4.91105780E-03                    1_GWF-(1,176,3)
        393          2        193  8.25433887E-05                    1_GWF-(1,176,3) -4.15316808E-03                    1_GWF-(1,177,2)
        394          2        194  7.85355027E-05                    1_GWF-(1,175,4) -4.47738606E-03                    1_GWF-(1,176,3)
        395          2        195  7.05909471E-05                    1_GWF-(1,176,3)  3.81788700E-03                    1_GWF-(1,176,3)
        396          2        196  6.21291683E-05                    1_GWF-(1,175,4) -3.58536688E-03                    1_GWF-(1,176,3)
        397          2        197  5.17396950E-05                    1_GWF-(1,176,3)  2.93165853E-03                    1_GWF-(1,176,3)
        398          2        198  4.28992874E-05                    1_GWF-(1,175,4) -2.40075303E-03                    1_GWF-(1,176,3)
        399          2        199  3.44229140E-05                    1_GWF-(1,176,3)  2.01754342E-03                    1_GWF-(1,176,3)
        400          2        200  2.38580596E-05                    1_GWF-(1,175,4)  1.37465375E-03                    1_GWF-(1,177,2)
        401          3          1      -529.64750                  1_GWF-(1,147,140)      -9618.2656                  1_GWF-(1,119,246)
        402          3          2      -755.92640                  1_GWF-(1,147,142)       9652.1370                   1_GWF-(1,50,336)
        403          3          3      -583.39179                  1_GWF-(1,147,142)       10221.793                   1_GWF-(1,165,27)
        404          3          4      -285.43778                  1_GWF-(1,147,140)      -7684.9453                   1_GWF-(1,165,27)
        405          3          5      -180.03884                   1_GWF-(1,165,23)      -4745.4220                  1_GWF-(1,147,140)
        406          3          6      -192.40108                   1_GWF-(1,38,151)       3835.5243                   1_GWF-(1,68,318)
        407          3          7      -209.89663                   1_GWF-(1,77,105)      -6226.4225                   1_GWF-(1,165,27)
        408          3          8      -498.78731                    1_GWF-(1,94,82)      -12819.132                  1_GWF-(1,168,112)
        409          3          9       52242.759                    1_GWF-(1,94,82)       479651.41                   1_GWF-(1,50,333)
        410          3         10      -49560.812                    1_GWF-(1,94,82)       15743.006                   1_GWF-(1,165,27)
        411          3         11      -822.77405                    1_GWF-(1,94,82)      -5459.8470                   1_GWF-(1,165,27)
        412          3         12      -308.06709                   1_GWF-(1,109,75)       5697.2651                   1_GWF-(1,50,336)
        413          3         13      -366.40282                   1_GWF-(1,38,144)       7150.6213                   1_GWF-(1,79,110)
        414          3         14      -352.25786                   1_GWF-(1,108,75)      -5177.3931                   1_GWF-(1,165,27)
        415          3         15      -431.50771                   1_GWF-(1,108,75)       7274.5109                   1_GWF-(1,78,110)
        416          3         16      -423.44612                    1_GWF-(1,94,82)      -6344.0085                   1_GWF-(1,68,318)
        417          3         17      -637.32082                    1_GWF-(1,94,82)      -9276.5744                   1_GWF-(1,78,110)
        418          3         18      -1039.2648                   1_GWF-(1,38,151)       11068.603                  1_GWF-(1,118,247)
        419          3         19      -2165.0800                   1_GWF-(1,165,24)       22821.692                    1_GWF-(1,8,299)
        420          3         20       12024.875                   1_GWF-(1,165,23)       62636.455                    1_GWF-(1,8,299)
        421          3         21      -6293.3183                   1_GWF-(1,165,23)      -17590.490                    1_GWF-(1,8,299)
        422          3         22      -1029.3757                   1_GWF-(1,165,23)       8526.9150                    1_GWF-(1,8,299)
        423          3         23      -440.51344                   1_GWF-(1,165,23)      -5773.7629                    1_GWF-(1,8,299)
        424          3         24      -434.04558                   1_GWF-(1,165,23)       4572.9063                   1_GWF-(1,67,318)
        425          3         25      -287.95551                    1_GWF-(1,94,82)       3451.4058                   1_GWF-(1,13,337)
        426          3         26      -236.83479                   1_GWF-(1,165,27)       4595.4523                   1_GWF-(1,13,288)
        427          3         27      -438.91297                   1_GWF-(1,166,28)       5319.8882                   1_GWF-(1,67,318)
        428          3         28      -907.99709                   1_GWF-(1,167,27)      -10706.069                  1_GWF-(1,168,112)
        429          3         29      -9765.5743                   1_GWF-(1,167,27)       88279.362                  1_GWF-(1,168,112)
        430          3         30       14101.804                   1_GWF-(1,167,27)       18310.988                   1_GWF-(1,167,27)
        431          3         31      -1648.2658                   1_GWF-(1,167,27)       7881.9120                   1_GWF-(1,78,110)
        432          3         32      -571.52123                   1_GWF-(1,167,27)       4408.1181                   1_GWF-(1,15,333)
        433          3         33      -352.60333                   1_GWF-(1,38,151)      -4842.1377                   1_GWF-(1,14,333)
        434          3         34      -302.93301                   1_GWF-(1,166,28)       4344.8621                   1_GWF-(1,13,338)
        435          3         35      -323.53937                   1_GWF-(1,165,23)      -5410.7635                   1_GWF-(1,13,337)
        436          3         36      -457.39377                   1_GWF-(1,165,23)       6791.2299                   1_GWF-(1,14,333)
        437          3         37      -852.64472                   1_GWF-(1,165,23)       7976.2194                   1_GWF-(1,95,282)
        438          3         38      -2671.7361                   1_GWF-(1,165,23)      -23617.211                   1_GWF-(1,13,338)
        439          3         39       11330.542                   1_GWF-(1,165,23)       44698.773                   1_GWF-(1,13,338)
        440          3         40      -6012.8774                   1_GWF-(1,165,23)       10699.839                   1_GWF-(1,14,333)
        441          3         41      -830.19980                   1_GWF-(1,165,23)      -4690.1441                   1_GWF-(1,13,337)
        442          3         42      -359.82095                   1_GWF-(1,166,28)       5091.4297                   1_GWF-(1,167,27)
        443          3         43      -329.23409                   1_GWF-(1,77,105)      -5003.7299                   1_GWF-(1,14,333)
        444          3         44      -359.32311                   1_GWF-(1,167,27)      -5931.2029                   1_GWF-(1,13,338)
        445          3         45      -357.78786                   1_GWF-(1,167,27)      -6236.8968                   1_GWF-(1,167,27)
        446          3         46      -771.82198                   1_GWF-(1,166,28)       9677.4931                   1_GWF-(1,14,333)
        447          3         47      -17198.209                   1_GWF-(1,166,28)       107008.83                   1_GWF-(1,14,333)
        448          3         48       20468.124                   1_GWF-(1,166,28)      -15812.717                   1_GWF-(1,13,338)
        449          3         49      -1251.7523                   1_GWF-(1,166,28)      -9133.7891                   1_GWF-(1,13,338)
        450          3         50      -562.26157                   1_GWF-(1,165,25)       5629.9040                   1_GWF-(1,14,333)
        451          3         51      -337.07384                   1_GWF-(1,165,23)      -3686.1339                   1_GWF-(1,12,336)
        452          3         52      -277.09370                   1_GWF-(1,165,23)      -2831.1835                  1_GWF-(1,119,244)
        453          3         53      -175.91376                   1_GWF-(1,165,23)      -3524.9472                   1_GWF-(1,14,333)
        454          3         54      -321.42569                   1_GWF-(1,165,24)       4961.8832                   1_GWF-(1,12,336)
        455          3         55      -1122.9145                   1_GWF-(1,165,23)       16078.735                   1_GWF-(1,10,333)
        456          3         56       3204.2832                   1_GWF-(1,166,26)      -16112.751                   1_GWF-(1,14,333)
        457          3         57      -880.65947                   1_GWF-(1,165,23)      -4526.6140                   1_GWF-(1,14,333)
        458          3         58      -313.60347                   1_GWF-(1,165,23)       3609.5760                   1_GWF-(1,10,333)
        459          3         59      -194.85599                   1_GWF-(1,77,105)       4574.2054                   1_GWF-(1,14,333)
        460          3         60      -223.77335                   1_GWF-(1,77,105)       3426.3788                   1_GWF-(1,14,333)
        461          3         61      -193.05275                   1_GWF-(1,77,105)       2827.2555                    1_GWF-(1,9,329)
        462          3         62      -197.89061                   1_GWF-(1,97,283)      -3629.4890                   1_GWF-(1,10,333)
        463          3         63      -493.09036                   1_GWF-(1,97,283)       7778.6602                   1_GWF-(1,12,339)
        464          3         64       10627.183                   1_GWF-(1,165,30)      -83762.248                   1_GWF-(1,12,339)
        465          3         65      -8661.9777                   1_GWF-(1,165,30)       8139.1476                    1_GWF-(1,9,329)
        466          3         66      -577.29100                   1_GWF-(1,76,110)       5003.0767                  1_GWF-(1,168,112)
        467          3         67      -242.19902                   1_GWF-(1,76,110)      -4465.6545                  1_GWF-(1,168,112)
        468          3         68       206.18641                   1_GWF-(1,109,74)       3330.7407                   1_GWF-(1,12,339)
        469          3         69      -162.39477                   1_GWF-(1,165,30)      -3019.2981                   1_GWF-(1,15,332)
        470          3         70       170.22960                   1_GWF-(1,108,75)      -3100.9823                    1_GWF-(1,9,329)
        471          3         71       221.06080                   1_GWF-(1,108,75)       3987.6437                   1_GWF-(1,11,339)
        472          3         72       451.02906                   1_GWF-(1,109,74)      -5162.4161                   1_GWF-(1,22,280)
        473          3         73      -1126.5986                   1_GWF-(1,165,30)       11787.806                   1_GWF-(1,15,332)
        474          3         74       6461.6307                   1_GWF-(1,165,30)       33497.665                   1_GWF-(1,11,338)
        475          3         75      -3661.8855                   1_GWF-(1,165,30)       5792.5208                    1_GWF-(1,9,328)
        476          3         76      -529.86778                   1_GWF-(1,165,30)       3840.4745                   1_GWF-(1,10,335)
        477          3         77       214.31005                   1_GWF-(1,108,75)       2497.3718                   1_GWF-(1,11,333)
        478          3         78       140.38179                   1_GWF-(1,109,75)       2402.2513                   1_GWF-(1,15,332)
        479          3         79       151.07798                   1_GWF-(1,109,74)       2156.0575                    1_GWF-(1,7,300)
        480          3         80       139.65295                   1_GWF-(1,109,74)      -2751.6524                   1_GWF-(1,10,335)
        481          3         81       224.48843                   1_GWF-(1,108,75)      -3563.9272                    1_GWF-(1,8,299)
        482          3         82       555.13740                   1_GWF-(1,108,75)       6605.8902                    1_GWF-(1,8,299)
        483          3         83      -5941.7482                   1_GWF-(1,165,30)      -45371.361                    1_GWF-(1,8,299)
        484          3         84       7973.4562                   1_GWF-(1,165,30)      -6872.1370                    1_GWF-(1,8,299)
        485          3         85       753.62406                   1_GWF-(1,109,74)      -3244.8073                  1_GWF-(1,168,112)
        486          3         86       199.57434                   1_GWF-(1,109,74)       2539.7415                  1_GWF-(1,168,112)
        487          3         87       113.93220                   1_GWF-(1,109,75)      -2212.3372                  1_GWF-(1,168,112)
        488          3         88       108.00943                   1_GWF-(1,108,75)       1637.2563                  1_GWF-(1,168,112)
        489          3         89       119.65106                   1_GWF-(1,109,74)       2225.5607                    1_GWF-(1,7,300)
        490          3         90       206.09713                   1_GWF-(1,109,74)       3314.4754                    1_GWF-(1,8,299)
        491          3         91      -397.41371                   1_GWF-(1,76,110)      -5579.4181                    1_GWF-(1,8,299)
        492          3         92       9440.5372                   1_GWF-(1,95,282)       52192.014                    1_GWF-(1,7,300)
        493          3         93      -8062.6785                   1_GWF-(1,95,282)      -4959.1570                   1_GWF-(1,11,338)
        494          3         94       367.45214                   1_GWF-(1,108,75)      -2323.4701                   1_GWF-(1,14,334)
        495          3         95      -168.08942                   1_GWF-(1,77,105)       2203.9434                   1_GWF-(1,11,338)
        496          3         96      -141.29027                   1_GWF-(1,77,105)       1599.2669                    1_GWF-(1,9,328)
        497          3         97       129.72913                   1_GWF-(1,109,74)      -1524.1319                   1_GWF-(1,13,339)
        498          3         98       172.48127                   1_GWF-(1,108,75)       2606.9557                   1_GWF-(1,11,337)
        499          3         99      -297.48811                   1_GWF-(1,76,110)       2938.6491                    1_GWF-(1,9,333)
        500          3        100      -1030.7248                   1_GWF-(1,76,110)      -7507.1454                   1_GWF-(1,15,332)
        501          3        101       4077.2414                   1_GWF-(1,96,283)       15434.603                   1_GWF-(1,11,337)
        502          3        102      -1845.8590                   1_GWF-(1,95,283)      -4282.3113                   1_GWF-(1,13,335)
        503          3        103      -343.92191                   1_GWF-(1,95,285)      -2557.8994                   1_GWF-(1,11,337)
        504          3        104      -210.45935                   1_GWF-(1,95,285)       2027.0101                  1_GWF-(1,119,246)
        505          3        105      -134.81724                   1_GWF-(1,95,285)      -2097.8562                  1_GWF-(1,168,112)
        506          3        106      -135.45128                   1_GWF-(1,97,283)       2606.2883                  1_GWF-(1,168,112)
        507          3        107      -188.29966                   1_GWF-(1,97,283)      -2363.7220                  1_GWF-(1,168,112)
        508          3        108      -230.64692                   1_GWF-(1,95,282)       2372.4391                    1_GWF-(1,9,324)
        509          3        109      -527.54769                   1_GWF-(1,95,285)      -4263.8981                   1_GWF-(1,11,337)
        510          3        110       40530.345                   1_GWF-(1,95,285)       176559.09                   1_GWF-(1,13,335)
        511          3        111      -38381.378                   1_GWF-(1,95,285)       4506.9822                   1_GWF-(1,12,336)
        512          3        112      -590.33511                   1_GWF-(1,95,285)      -2423.5554                   1_GWF-(1,11,337)
        513          3        113      -287.22005                   1_GWF-(1,77,105)       1947.2998                   1_GWF-(1,11,291)
        514          3        114      -225.21463                   1_GWF-(1,77,105)      -2093.2319                   1_GWF-(1,12,336)
        515          3        115      -202.61887                   1_GWF-(1,77,105)       1913.9795                  1_GWF-(1,119,246)
        516          3        116      -209.30229                   1_GWF-(1,95,285)      -1560.5480                   1_GWF-(1,11,291)
        517          3        117      -206.06464                   1_GWF-(1,95,285)      -1863.0688                   1_GWF-(1,11,337)
        518          3        118      -327.16688                   1_GWF-(1,95,285)       2613.7628                   1_GWF-(1,12,336)
        519          3        119      -1525.9264                   1_GWF-(1,96,283)      -8363.1485                   1_GWF-(1,15,285)
        520          3        120       5563.0830                   1_GWF-(1,97,283)      -11282.042                  1_GWF-(1,118,246)
        521          3        121      -2457.9735                   1_GWF-(1,97,283)       3139.6850                   1_GWF-(1,17,285)
        522          3        122      -543.24687                   1_GWF-(1,97,283)       3150.9542                   1_GWF-(1,11,337)
        523          3        123      -200.46834                   1_GWF-(1,95,285)      -1878.6040                  1_GWF-(1,168,112)
        524          3        124      -129.72716                   1_GWF-(1,95,285)       2045.8197                  1_GWF-(1,168,112)
        525          3        125      -137.26045                   1_GWF-(1,95,285)      -2410.1914                   1_GWF-(1,11,337)
        526          3        126      -165.28542                   1_GWF-(1,77,105)      -1693.4063                   1_GWF-(1,13,335)
        527          3        127      -207.02416                   1_GWF-(1,97,283)       2274.0362                   1_GWF-(1,12,339)
        528          3        128      -454.81523                   1_GWF-(1,96,283)       4886.3260                   1_GWF-(1,11,337)
        529          3        129      -4754.8590                   1_GWF-(1,97,283)       18420.020                   1_GWF-(1,13,335)
        530          3        130       7179.8416                   1_GWF-(1,97,283)      -6906.2314                   1_GWF-(1,13,335)
        531          3        131      -965.19969                   1_GWF-(1,95,285)       2972.2990                   1_GWF-(1,11,337)
        532          3        132      -338.84631                   1_GWF-(1,95,285)      -1369.6944                   1_GWF-(1,14,292)
        533          3        133      -147.97216                   1_GWF-(1,95,284)       1375.1451                   1_GWF-(1,13,335)
        534          3        134      -133.78578                   1_GWF-(1,97,283)      -1495.3395                   1_GWF-(1,10,334)
        535          3        135      -144.13980                   1_GWF-(1,97,283)      -1701.3444                   1_GWF-(1,12,339)
        536          3        136      -175.96480                   1_GWF-(1,96,283)       1627.0219                    1_GWF-(1,8,299)
        537          3        137      -255.86171                   1_GWF-(1,95,284)       2502.5951                   1_GWF-(1,10,334)
        538          3        138      -566.10946                   1_GWF-(1,95,285)       4402.6582                    1_GWF-(1,8,299)
        539          3        139      -6880.7611                   1_GWF-(1,95,285)      -33414.600                    1_GWF-(1,8,299)
        540          3        140       9350.5945                   1_GWF-(1,95,285)      -6511.4355                    1_GWF-(1,8,299)
        541          3        141      -843.09791                   1_GWF-(1,97,283)       2995.9236                   1_GWF-(1,10,334)
        542          3        142      -310.80561                   1_GWF-(1,96,283)       2385.1042                  1_GWF-(1,168,112)
        543          3        143      -187.59860                   1_GWF-(1,97,283)      -2007.7419                  1_GWF-(1,168,112)
        544          3        144      -157.30854                   1_GWF-(1,95,285)       1721.9369                   1_GWF-(1,11,337)
        545          3        145      -180.11143                   1_GWF-(1,95,285)       2093.0947                    1_GWF-(1,7,300)
        546          3        146      -266.51542                   1_GWF-(1,95,284)       3196.5864                    1_GWF-(1,8,299)
        547          3        147      -695.58230                   1_GWF-(1,97,283)      -7275.2951                    1_GWF-(1,8,299)
        548          3        148       4025.9203                   1_GWF-(1,97,283)      -15559.779                    1_GWF-(1,8,299)
        549          3        149      -2311.2585                   1_GWF-(1,97,283)      -2951.9328                    1_GWF-(1,7,300)
        550          3        150      -340.44943                   1_GWF-(1,97,283)       1496.7917                    1_GWF-(1,7,300)
        551          3        151      -168.97620                   1_GWF-(1,95,283)      -1334.4571                   1_GWF-(1,10,333)
        552          3        152      -139.74141                   1_GWF-(1,95,285)       1215.2653                   1_GWF-(1,11,333)
        553          3        153      -151.31240                   1_GWF-(1,95,285)       935.55995                   1_GWF-(1,18,283)
        554          3        154      -148.90889                   1_GWF-(1,97,283)       1224.0131                   1_GWF-(1,10,333)
        555          3        155      -332.29671                   1_GWF-(1,96,283)       2684.5637                   1_GWF-(1,10,333)
        556          3        156      -4700.8894                   1_GWF-(1,97,283)       20667.015                   1_GWF-(1,12,339)
        557          3        157       6473.1463                   1_GWF-(1,97,283)       4062.7485                    1_GWF-(1,9,328)
        558          3        158      -689.21522                   1_GWF-(1,97,283)      -1858.4439                   1_GWF-(1,11,333)
        559          3        159      -237.25016                   1_GWF-(1,95,285)       1551.8042                   1_GWF-(1,12,339)
        560          3        160      -148.44263                   1_GWF-(1,95,285)       1466.7794                  1_GWF-(1,168,112)
        561          3        161      -111.34066                   1_GWF-(1,95,285)      -1582.7155                  1_GWF-(1,168,112)
        562          3        162      -86.990884                   1_GWF-(1,97,283)       1538.9828                  1_GWF-(1,168,112)
        563          3        163      -116.13794                   1_GWF-(1,97,283)      -1304.8820                  1_GWF-(1,168,112)
        564          3        164      -175.57907                   1_GWF-(1,96,283)      -1948.1703                   1_GWF-(1,12,339)
        565          3        165      -502.28837                   1_GWF-(1,95,285)       3347.2240                   1_GWF-(1,14,334)
        566          3        166      -71604.038                   1_GWF-(1,95,285)       269064.81                   1_GWF-(1,14,334)
        567          3        167       73378.083                   1_GWF-(1,95,285)      -3588.6320                    1_GWF-(1,9,328)
        568          3        168      -581.99590                   1_GWF-(1,95,285)      -1677.0531                   1_GWF-(1,12,339)
        569          3        169      -207.53226                   1_GWF-(1,95,283)       1447.6085                   1_GWF-(1,14,334)
        570          3        170      -104.74576                   1_GWF-(1,97,283)       1306.6839                   1_GWF-(1,14,334)
        571          3        171      -86.583440                   1_GWF-(1,97,283)       820.44698                   1_GWF-(1,10,293)
        572          3        172      -70.125070                   1_GWF-(1,95,285)       767.22741                    1_GWF-(1,9,328)
        573          3        173      -83.448899                   1_GWF-(1,95,285)      -909.79605                   1_GWF-(1,10,293)
        574          3        174      -132.70199                   1_GWF-(1,95,285)      -1516.1767                   1_GWF-(1,14,334)
        575          3        175      -505.54693                   1_GWF-(1,97,283)      -3605.7967                   1_GWF-(1,14,291)
        576          3        176       2281.5615                   1_GWF-(1,97,283)       6255.7618                  1_GWF-(1,112,256)
        577          3        177      -1165.9687                   1_GWF-(1,97,283)      -1991.3802                   1_GWF-(1,14,291)
        578          3        178      -180.97438                   1_GWF-(1,96,283)      -940.30815                   1_GWF-(1,12,337)
        579          3        179      -75.723842                   1_GWF-(1,96,283)       900.95783                   1_GWF-(1,14,291)
        580          3        180      -68.722254                   1_GWF-(1,95,285)       835.61357                  1_GWF-(1,168,112)
        581          3        181      -50.539010                   1_GWF-(1,95,285)      -1072.0097                  1_GWF-(1,168,112)
        582          3        182       69.208714                   1_GWF-(1,107,74)       1427.5630                  1_GWF-(1,168,112)
        583          3        183       125.04659                   1_GWF-(1,107,74)      -1470.9014                  1_GWF-(1,168,112)
        584          3        184       397.38300                   1_GWF-(1,107,74)      -2739.5813                   1_GWF-(1,13,335)
        585          3        185      -2895.4805                   1_GWF-(1,107,74)       9010.1709                   1_GWF-(1,10,293)
        586          3        186       1849.2176                   1_GWF-(1,107,74)       1382.8802                    1_GWF-(1,9,329)
        587          3        187       215.49634                   1_GWF-(1,107,74)       840.00404                   1_GWF-(1,12,337)
        588          3        188       103.92165                   1_GWF-(1,107,74)      -719.33593                   1_GWF-(1,12,336)
        589          3        189       72.562502                   1_GWF-(1,107,74)       597.10828                    1_GWF-(1,8,299)
        590          3        190       61.301179                   1_GWF-(1,107,74)      -686.74563                    1_GWF-(1,8,299)
        591          3        191       69.524987                   1_GWF-(1,107,74)       730.85217                    1_GWF-(1,8,299)
        592          3        192       109.73422                   1_GWF-(1,107,74)       1300.9465                    1_GWF-(1,7,300)
        593          3        193       231.20017                   1_GWF-(1,107,74)       2159.3567                    1_GWF-(1,8,299)
        594          3        194       1025.3803                   1_GWF-(1,107,74)      -7338.6271                    1_GWF-(1,8,299)
        595          3        195      -3357.2491                   1_GWF-(1,107,74)      -8939.7080                    1_GWF-(1,8,299)
        596          3        196       1390.1295                   1_GWF-(1,107,74)       2774.0385                    1_GWF-(1,8,299)
        597          3        197       308.16919                   1_GWF-(1,107,74)       1755.4308                    1_GWF-(1,7,300)
        598          3        198       147.54914                   1_GWF-(1,107,74)       1065.4206                    1_GWF-(1,8,299)
        599          3        199       92.061077                   1_GWF-(1,107,74)      -776.95190                    1_GWF-(1,8,299)
        600          3        200       73.180516                   1_GWF-(1,107,74)      -622.88281                   1_GWF-(1,13,334)
        601          4          1      -25.686163                  1_GWF-(1,119,246)       1884.5264                  1_GWF-(1,100,274)
        602          4          2      -79.194197                  1_GWF-(1,119,246)      -3817.5908                  1_GWF-(1,101,253)
        603          4          3      -255.34259                  1_GWF-(1,119,247)       5922.1929                  1_GWF-(1,101,276)
        604          4          4      -421.63018                  1_GWF-(1,119,247)       4305.6347                  1_GWF-(1,101,253)
        605          4          5      -338.41539                  1_GWF-(1,119,246)      -3031.2455                  1_GWF-(1,101,252)
        606          4          6      -185.33973                  1_GWF-(1,119,246)       2352.9440                   1_GWF-(1,98,272)
        607          4          7      -109.39081                  1_GWF-(1,119,247)       1940.4805                  1_GWF-(1,101,252)
        608          4          8      -63.367373                  1_GWF-(1,119,247)       1352.9866                  1_GWF-(1,165,114)
        609          4          9      -45.960595                   1_GWF-(1,10,292)       1579.8499                   1_GWF-(1,98,273)
        610          4         10      -53.487970                    1_GWF-(1,9,333)      -1441.4593                   1_GWF-(1,99,274)
        611          4         11      -72.301036                   1_GWF-(1,10,293)      -2065.6254                   1_GWF-(1,98,273)
        612          4         12      -225.96273                   1_GWF-(1,10,293)      -4518.9125                   1_GWF-(1,98,273)
        613          4         13      -10561.976                   1_GWF-(1,10,293)      -84761.426                   1_GWF-(1,99,255)
        614          4         14       11806.870                   1_GWF-(1,10,293)      -5051.8148                   1_GWF-(1,98,273)
        615          4         15      -310.28688                   1_GWF-(1,10,293)      -2612.9915                   1_GWF-(1,98,273)
        616          4         16      -97.957447                   1_GWF-(1,10,293)      -1115.2072                  1_GWF-(1,101,273)
        617          4         17      -49.222545                   1_GWF-(1,11,339)       1321.0730                   1_GWF-(1,98,273)
        618          4         18      -46.084380                    1_GWF-(1,9,334)       1011.3024                  1_GWF-(1,101,273)
        619          4         19      -40.004277                   1_GWF-(1,11,338)      -888.84869                   1_GWF-(1,99,255)
        620          4         20      -52.654481                   1_GWF-(1,11,339)      -1064.9566                  1_GWF-(1,101,252)
        621          4         21      -100.34767                   1_GWF-(1,11,339)       1689.7557                   1_GWF-(1,99,255)
        622          4         22      -340.77367                   1_GWF-(1,11,339)      -4346.3315                   1_GWF-(1,99,274)
        623          4         23       2015.5784                   1_GWF-(1,11,338)       9924.4695                   1_GWF-(1,99,255)
        624          4         24      -1172.9199                   1_GWF-(1,11,338)      -2347.9209                   1_GWF-(1,99,274)
        625          4         25      -161.28159                   1_GWF-(1,11,338)      -1433.4297                  1_GWF-(1,100,274)
        626          4         26      -83.648968                   1_GWF-(1,11,339)      -741.51244                  1_GWF-(1,100,254)
        627          4         27      -49.151533                   1_GWF-(1,11,339)       637.50695                  1_GWF-(1,111,258)
        628          4         28      -55.627461                   1_GWF-(1,11,338)       976.74405                  1_GWF-(1,100,254)
        629          4         29      -57.219457                   1_GWF-(1,11,338)       723.59888                  1_GWF-(1,100,274)
        630          4         30      -63.195435                   1_GWF-(1,11,339)      -1132.9489                  1_GWF-(1,100,254)
        631          4         31      -115.68346                   1_GWF-(1,11,339)      -1069.0159                  1_GWF-(1,111,234)
        632          4         32      -282.68566                   1_GWF-(1,11,338)       3200.0116                  1_GWF-(1,100,254)
        633          4         33       11854.263                   1_GWF-(1,11,338)       56420.539                  1_GWF-(1,111,258)
        634          4         34      -10845.221                   1_GWF-(1,11,338)       2994.3133                  1_GWF-(1,100,254)
        635          4         35      -295.31563                   1_GWF-(1,11,339)       848.50455                  1_GWF-(1,165,114)
        636          4         36      -100.77914                   1_GWF-(1,11,339)      -875.42334                  1_GWF-(1,100,254)
        637          4         37      -70.708665                   1_GWF-(1,11,339)       756.83293                  1_GWF-(1,165,114)
        638          4         38      -68.457470                   1_GWF-(1,11,338)       760.42239                  1_GWF-(1,100,254)
        639          4         39      -88.805081                   1_GWF-(1,11,338)      -792.41295                  1_GWF-(1,166,113)
        640          4         40      -146.77795                   1_GWF-(1,11,339)       1050.3679                  1_GWF-(1,111,260)
        641          4         41      -412.34481                   1_GWF-(1,11,339)       2388.4170                  1_GWF-(1,168,112)
        642          4         42       6550.0005                   1_GWF-(1,11,339)       25168.829                  1_GWF-(1,168,112)
        643          4         43      -5222.8998                   1_GWF-(1,11,339)      -2413.7399                  1_GWF-(1,168,112)
        644          4         44      -345.97118                   1_GWF-(1,11,338)       1074.3325                  1_GWF-(1,111,234)
        645          4         45      -137.12587                   1_GWF-(1,11,339)       828.05908                  1_GWF-(1,100,254)
        646          4         46      -107.10143                   1_GWF-(1,11,339)      -623.23250                  1_GWF-(1,111,234)
        647          4         47      -94.366427                   1_GWF-(1,11,339)      -737.16785                   1_GWF-(1,94,235)
        648          4         48      -111.30371                   1_GWF-(1,11,338)      -804.92238                   1_GWF-(1,22,355)
        649          4         49      -163.87672                   1_GWF-(1,11,339)       1117.3697                   1_GWF-(1,94,235)
        650          4         50      -438.43249                   1_GWF-(1,11,339)      -2414.6760                   1_GWF-(1,22,355)
        651          4         51       3368.0532                   1_GWF-(1,11,339)       8466.6087                  1_GWF-(1,100,275)
        652          4         52      -2222.2257                   1_GWF-(1,11,339)       1697.9449                   1_GWF-(1,22,355)
        653          4         53      -252.17300                   1_GWF-(1,11,338)      -1123.3494                   1_GWF-(1,22,355)
        654          4         54      -130.87061                   1_GWF-(1,11,338)       975.33510                   1_GWF-(1,22,355)
        655          4         55      -84.421860                   1_GWF-(1,11,339)      -785.88277                   1_GWF-(1,22,355)
        656          4         56      -76.215593                   1_GWF-(1,11,339)       921.26602                   1_GWF-(1,22,355)
        657          4         57      -119.01322                   1_GWF-(1,11,338)      -1216.9985                   1_GWF-(1,22,355)
        658          4         58      -248.73825                   1_GWF-(1,11,338)       1564.9242                   1_GWF-(1,22,355)
        659          4         59      -1887.1573                   1_GWF-(1,11,339)       7472.6229                  1_GWF-(1,112,259)
        660          4         60       2999.1197                   1_GWF-(1,11,339)       2194.1844                  1_GWF-(1,165,114)
        661          4         61      -443.42361                   1_GWF-(1,11,339)      -943.60654                  1_GWF-(1,168,112)
        662          4         62      -152.93512                   1_GWF-(1,11,339)       747.70751                  1_GWF-(1,109,234)
        663          4         63      -79.919452                   1_GWF-(1,11,338)      -577.65704                   1_GWF-(1,22,355)
        664          4         64      -61.765464                   1_GWF-(1,11,338)      -513.14583                  1_GWF-(1,109,234)
        665          4         65      -64.214789                   1_GWF-(1,11,339)      -543.30262                  1_GWF-(1,111,260)
        666          4         66      -80.549244                   1_GWF-(1,11,339)      -620.40385                  1_GWF-(1,111,259)
        667          4         67      -150.76670                   1_GWF-(1,11,338)       1252.2692                  1_GWF-(1,111,260)
        668          4         68      -2076.8225                   1_GWF-(1,11,338)      -7119.0944                   1_GWF-(1,94,236)
        669          4         69       2845.3723                   1_GWF-(1,11,339)      -1738.9946                   1_GWF-(1,99,274)
        670          4         70      -316.82629                   1_GWF-(1,11,339)      -734.35394                   1_GWF-(1,99,262)
        671          4         71      -95.384097                   1_GWF-(1,11,339)      -638.82432                  1_GWF-(1,111,260)
        672          4         72      -57.445771                   1_GWF-(1,11,338)       423.49720                  1_GWF-(1,165,114)
        673          4         73      -38.343650                   1_GWF-(1,11,338)       408.92995                  1_GWF-(1,111,260)
        674          4         74      -34.904138                   1_GWF-(1,11,339)      -341.09773                  1_GWF-(1,108,268)
        675          4         75      -45.885060                   1_GWF-(1,11,339)       446.22053                   1_GWF-(1,99,258)
        676          4         76      -102.85110                   1_GWF-(1,11,339)      -857.97605                  1_GWF-(1,109,266)
        677          4         77      -804.88261                   1_GWF-(1,11,338)      -3474.3850                   1_GWF-(1,11,338)
        678          4         78       1324.9226                   1_GWF-(1,11,338)      -1473.2514                  1_GWF-(1,111,260)
        679          4         79      -195.74175                   1_GWF-(1,11,338)      -659.03060                  1_GWF-(1,168,112)
        680          4         80      -66.086335                   1_GWF-(1,11,339)       590.70561                  1_GWF-(1,165,114)
        681          4         81      -38.588434                   1_GWF-(1,11,339)      -409.93606                  1_GWF-(1,165,114)
        682          4         82      -24.866537                   1_GWF-(1,11,338)       325.78787                  1_GWF-(1,110,261)
        683          4         83      -22.268274                   1_GWF-(1,11,338)      -358.05461                  1_GWF-(1,109,263)
        684          4         84      -29.442369                   1_GWF-(1,11,339)      -372.46026                  1_GWF-(1,100,275)
        685          4         85      -53.960650                   1_GWF-(1,11,339)       586.29254                   1_GWF-(1,97,250)
        686          4         86      -249.58738                   1_GWF-(1,11,338)       1796.5590                  1_GWF-(1,111,258)
        687          4         87       611.28884                  1_GWF-(1,118,248)      -1448.8943                  1_GWF-(1,100,274)
        688          4         88      -165.06730                   1_GWF-(1,11,338)       531.95496                  1_GWF-(1,100,274)
        689          4         89      -46.832045                  1_GWF-(1,118,248)      -327.84429                  1_GWF-(1,102,272)
        690          4         90      -22.317815                   1_GWF-(1,11,339)       213.65369                   1_GWF-(1,99,274)
        691          4         91      -15.656915                  1_GWF-(1,118,248)      -245.33779                  1_GWF-(1,110,266)
        692          4         92      -15.788268                  1_GWF-(1,118,248)       260.15203                  1_GWF-(1,111,258)
        693          4         93      -24.509854                  1_GWF-(1,118,248)      -338.86220                  1_GWF-(1,101,251)
        694          4         94      -49.716316                  1_GWF-(1,118,248)       450.11428                  1_GWF-(1,102,260)
        695          4         95      -231.12239                  1_GWF-(1,118,248)       1861.2591                  1_GWF-(1,101,251)
        696          4         96       580.50323                  1_GWF-(1,118,248)       1797.8457                  1_GWF-(1,168,112)
        697          4         97      -167.12503                  1_GWF-(1,118,248)      -577.49539                  1_GWF-(1,168,112)
        698          4         98      -39.608362                  1_GWF-(1,118,248)       315.82693                  1_GWF-(1,111,258)
        699          4         99      -26.196164                  1_GWF-(1,118,248)       227.68234                  1_GWF-(1,111,258)
        700          4        100      -20.639560                  1_GWF-(1,118,248)      -242.84897                  1_GWF-(1,102,248)
        701          4        101      -22.746644                  1_GWF-(1,118,248)       212.94867                  1_GWF-(1,100,269)
        702          4        102      -28.934146                  1_GWF-(1,118,248)       283.16976                  1_GWF-(1,102,248)
        703          4        103      -64.266308                  1_GWF-(1,118,248)      -460.93016                  1_GWF-(1,101,247)
        704          4        104      -593.73495                  1_GWF-(1,118,248)      -2582.3101                  1_GWF-(1,100,269)
        705          4        105       904.90980                  1_GWF-(1,118,248)       977.01903                  1_GWF-(1,165,114)
        706          4        106      -121.40143                  1_GWF-(1,118,248)      -425.36096                  1_GWF-(1,100,269)
        707          4        107      -37.986821                  1_GWF-(1,118,248)      -288.46892                  1_GWF-(1,164,115)
        708          4        108      -23.158773                  1_GWF-(1,118,248)       251.72965                  1_GWF-(1,100,269)
        709          4        109      -21.033876                  1_GWF-(1,118,248)       208.18567                  1_GWF-(1,100,252)
        710          4        110      -24.029409                  1_GWF-(1,118,248)      -274.37648                  1_GWF-(1,100,269)
        711          4        111      -32.689905                  1_GWF-(1,118,248)      -277.08209                  1_GWF-(1,100,252)
        712          4        112      -67.952270                  1_GWF-(1,118,248)      -556.72558                  1_GWF-(1,110,261)
        713          4        113      -384.25240                  1_GWF-(1,118,248)      -1708.7704                  1_GWF-(1,101,240)
        714          4        114       840.90333                  1_GWF-(1,118,248)       1110.5701                  1_GWF-(1,168,112)
        715          4        115      -214.11992                  1_GWF-(1,118,248)      -615.28688                  1_GWF-(1,168,112)
        716          4        116      -53.999668                  1_GWF-(1,118,248)       399.34387                  1_GWF-(1,168,112)
        717          4        117      -27.614479                  1_GWF-(1,118,248)      -231.03320                   1_GWF-(1,97,250)
        718          4        118      -21.750975                  1_GWF-(1,118,248)       197.39554                  1_GWF-(1,110,233)
        719          4        119      -21.434318                  1_GWF-(1,118,248)       306.84691                   1_GWF-(1,97,250)
        720          4        120      -27.065517                  1_GWF-(1,118,248)       268.74099                  1_GWF-(1,108,268)
        721          4        121      -41.008139                  1_GWF-(1,118,248)      -338.99810                   1_GWF-(1,97,250)
        722          4        122      -119.64406                  1_GWF-(1,118,248)      -934.11507                  1_GWF-(1,109,263)
        723          4        123       1102.4454                  1_GWF-(1,118,248)       3299.7528                  1_GWF-(1,109,263)
        724          4        124      -759.71818                  1_GWF-(1,118,248)      -530.36708                   1_GWF-(1,98,254)
        725          4        125      -71.939966                  1_GWF-(1,118,248)       262.27063                  1_GWF-(1,100,268)
        726          4        126      -32.796097                  1_GWF-(1,118,248)       240.69083                   1_GWF-(1,98,254)
        727          4        127      -25.366545                  1_GWF-(1,118,248)       172.10814                   1_GWF-(1,99,255)
        728          4        128      -22.596016                  1_GWF-(1,118,248)      -198.76130                  1_GWF-(1,100,268)
        729          4        129      -29.545302                  1_GWF-(1,118,248)      -278.81250                   1_GWF-(1,98,254)
        730          4        130      -53.197763                  1_GWF-(1,118,248)       338.74613                  1_GWF-(1,102,266)
        731          4        131      -132.80924                  1_GWF-(1,118,248)       888.16919                  1_GWF-(1,168,112)
        732          4        132      -4751.5361                  1_GWF-(1,118,248)      -19302.572                  1_GWF-(1,165,114)
        733          4        133       5222.3379                  1_GWF-(1,118,248)      -592.36057                  1_GWF-(1,168,112)
        734          4        134      -131.84279                  1_GWF-(1,118,248)       302.69475                  1_GWF-(1,111,260)
        735          4        135      -50.954005                  1_GWF-(1,118,248)       254.87491                  1_GWF-(1,102,267)
        736          4        136      -36.062998                  1_GWF-(1,118,248)      -226.82588                  1_GWF-(1,111,260)
        737          4        137      -28.395357                  1_GWF-(1,118,248)      -206.03354                  1_GWF-(1,102,267)
        738          4        138      -30.535914                  1_GWF-(1,118,248)       174.79378                   1_GWF-(1,97,249)
        739          4        139      -37.567161                  1_GWF-(1,118,248)      -221.15274                  1_GWF-(1,102,266)
        740          4        140      -60.516629                  1_GWF-(1,118,248)      -425.46010                  1_GWF-(1,165,114)
        741          4        141      -134.51250                  1_GWF-(1,118,248)       840.14523                  1_GWF-(1,165,114)
        742          4        142      -983.35389                  1_GWF-(1,118,248)       2874.1555                  1_GWF-(1,168,112)
        743          4        143       1636.2966                  1_GWF-(1,118,248)       812.87787                  1_GWF-(1,164,115)
        744          4        144      -250.04721                  1_GWF-(1,118,248)       404.52742                  1_GWF-(1,102,266)
        745          4        145      -79.483819                  1_GWF-(1,118,248)       235.97756                  1_GWF-(1,100,252)
        746          4        146      -47.611745                  1_GWF-(1,118,248)      -220.85486                  1_GWF-(1,102,266)
        747          4        147      -42.996744                  1_GWF-(1,118,248)      -207.41847                  1_GWF-(1,100,252)
        748          4        148      -46.864165                  1_GWF-(1,118,248)      -226.98338                  1_GWF-(1,109,263)
        749          4        149      -52.840117                  1_GWF-(1,118,248)      -316.76082                  1_GWF-(1,109,263)
        750          4        150      -101.07449                  1_GWF-(1,118,248)      -589.79100                  1_GWF-(1,168,112)
        751          4        151      -290.31635                  1_GWF-(1,118,248)       1196.1104                  1_GWF-(1,168,112)
        752          4        152       1629.4215                  1_GWF-(1,118,248)      -2566.2122                  1_GWF-(1,166,113)
        753          4        153      -936.36748                  1_GWF-(1,118,248)      -452.83147                   1_GWF-(1,97,249)
        754          4        154      -139.80716                  1_GWF-(1,118,248)      -317.51796                   1_GWF-(1,98,273)
        755          4        155      -66.680919                  1_GWF-(1,118,248)       246.93357                  1_GWF-(1,100,263)
        756          4        156      -45.697041                  1_GWF-(1,118,248)      -186.80677                  1_GWF-(1,110,233)
        757          4        157      -43.763137                  1_GWF-(1,118,248)      -252.11245                  1_GWF-(1,111,259)
        758          4        158      -63.722318                  1_GWF-(1,118,248)      -357.10744                  1_GWF-(1,100,263)
        759          4        159      -206.10134                  1_GWF-(1,118,248)       717.58517                   1_GWF-(1,97,249)
        760          4        160       1437.7858                  1_GWF-(1,118,248)       2306.5763                  1_GWF-(1,107,231)
        761          4        161      -930.87553                  1_GWF-(1,118,248)      -483.78113                   1_GWF-(1,22,355)
        762          4        162      -111.01957                  1_GWF-(1,118,248)       309.39240                   1_GWF-(1,22,355)
        763          4        163      -46.426835                  1_GWF-(1,118,248)      -267.26390                   1_GWF-(1,22,355)
        764          4        164      -34.838427                  1_GWF-(1,118,248)       299.34837                   1_GWF-(1,22,355)
        765          4        165      -32.532889                  1_GWF-(1,118,248)      -323.44035                   1_GWF-(1,22,355)
        766          4        166      -37.577782                  1_GWF-(1,118,248)       367.21211                   1_GWF-(1,22,355)
        767          4        167      -56.665428                  1_GWF-(1,118,248)       507.00932                  1_GWF-(1,168,112)
        768          4        168      -156.28370                  1_GWF-(1,118,248)      -986.09610                  1_GWF-(1,168,112)
        769          4        169       3146.2651                  1_GWF-(1,118,248)      -8192.9490                   1_GWF-(1,22,355)
        770          4        170      -2664.5876                  1_GWF-(1,118,248)       951.92821                   1_GWF-(1,22,355)
        771          4        171      -115.49394                  1_GWF-(1,118,248)      -548.62345                   1_GWF-(1,22,355)
        772          4        172      -48.602805                  1_GWF-(1,118,248)       381.38007                   1_GWF-(1,22,355)
        773          4        173      -32.838383                  1_GWF-(1,118,248)      -224.69087                   1_GWF-(1,22,355)
        774          4        174      -21.227934                  1_GWF-(1,118,248)      -204.88868                  1_GWF-(1,166,113)
        775          4        175      -19.184561                  1_GWF-(1,118,248)      -193.85824                  1_GWF-(1,165,114)
        776          4        176      -23.476568                  1_GWF-(1,118,248)       228.61806                  1_GWF-(1,165,114)
        777          4        177      -38.522666                  1_GWF-(1,118,248)       448.47270                   1_GWF-(1,22,355)
        778          4        178      -124.46087                  1_GWF-(1,118,248)      -1111.7812                   1_GWF-(1,22,355)
        779          4        179       830.65200                  1_GWF-(1,118,248)      -3178.8073                   1_GWF-(1,22,355)
        780          4        180      -508.26364                  1_GWF-(1,118,248)       636.94243                   1_GWF-(1,22,355)
        781          4        181      -69.764658                  1_GWF-(1,118,248)      -326.40534                   1_GWF-(1,22,355)
        782          4        182      -29.022046                   1_GWF-(1,95,285)       214.21371                   1_GWF-(1,22,355)
        783          4        183      -19.999703                   1_GWF-(1,95,285)      -180.44771                   1_GWF-(1,22,355)
        784          4        184      -17.004450                   1_GWF-(1,97,283)      -156.16824                  1_GWF-(1,109,231)
        785          4        185      -16.246158                   1_GWF-(1,97,283)      -151.21911                  1_GWF-(1,111,262)
        786          4        186      -20.145750                   1_GWF-(1,97,283)       202.58627                  1_GWF-(1,108,268)
        787          4        187      -38.155857                   1_GWF-(1,95,285)       404.85987                  1_GWF-(1,168,112)
        788          4        188      -180.82895                   1_GWF-(1,95,285)      -1435.3937                  1_GWF-(1,168,112)
        789          4        189       573.01760                   1_GWF-(1,95,285)      -1173.2912                  1_GWF-(1,168,112)
        790          4        190      -221.31961                   1_GWF-(1,95,285)       261.51038                   1_GWF-(1,97,224)
        791          4        191      -46.310572                   1_GWF-(1,95,285)       170.92742                  1_GWF-(1,109,231)
        792          4        192      -22.778932                   1_GWF-(1,97,283)      -130.76986                  1_GWF-(1,100,267)
        793          4        193      -16.525859                   1_GWF-(1,97,283)      -125.51598                  1_GWF-(1,100,267)
        794          4        194      -14.551980                   1_GWF-(1,95,285)       114.15932                  1_GWF-(1,111,261)
        795          4        195      -17.350493                   1_GWF-(1,95,285)       126.19297                  1_GWF-(1,100,252)
        796          4        196      -23.051874                   1_GWF-(1,95,285)       182.92399                  1_GWF-(1,100,267)
        797          4        197      -47.786814                   1_GWF-(1,97,283)       272.94772                   1_GWF-(1,99,255)
        798          4        198      -448.04607                   1_GWF-(1,97,283)       1473.7554                  1_GWF-(1,109,266)
        799          4        199       698.20439                   1_GWF-(1,97,283)       489.24363                  1_GWF-(1,111,260)
        800          4        200      -92.951980                   1_GWF-(1,97,283)      -197.58399                  1_GWF-(1,106,232)
        801          5          1      -5.9768199                  1_GWF-(1,123,222)      -585.74445                  1_GWF-(1,118,230)
        802          5          2       4.1933683                  1_GWF-(1,118,230)      -375.04849                  1_GWF-(1,123,222)
        803          5          3       3.6695072                  1_GWF-(1,118,230)      -220.96663                  1_GWF-(1,122,222)
        804          5          4       2.2514504                  1_GWF-(1,118,230)       195.56752                  1_GWF-(1,118,230)
        805          5          5       2.4553944                  1_GWF-(1,124,229)       213.36497                  1_GWF-(1,118,230)
        806          5          6      -2.7491200                   1_GWF-(1,10,292)      -149.99097                  1_GWF-(1,101,259)
        807          5          7      -3.2949929                   1_GWF-(1,10,292)      -114.99651                  1_GWF-(1,123,221)
        808          5          8      -3.7474563                   1_GWF-(1,10,292)      -160.45770                  1_GWF-(1,118,230)
        809          5          9      -5.1735596                   1_GWF-(1,95,283)      -170.76218                  1_GWF-(1,118,230)
        810          5         10      -7.0540618                   1_GWF-(1,97,283)       109.37251                  1_GWF-(1,101,259)
        811          5         11      -8.6119001                   1_GWF-(1,97,283)      -163.06420                  1_GWF-(1,123,221)
        812          5         12      -11.418938                   1_GWF-(1,97,283)       220.24750                  1_GWF-(1,118,230)
        813          5         13      -17.612085                   1_GWF-(1,95,285)       202.81555                  1_GWF-(1,118,230)
        814          5         14      -34.096917                   1_GWF-(1,95,285)      -265.57244                  1_GWF-(1,101,251)
        815          5         15      -91.115931                   1_GWF-(1,95,285)      -532.88333                  1_GWF-(1,118,230)
        816          5         16       2583.9871                   1_GWF-(1,97,283)       9396.1452                  1_GWF-(1,118,230)
        817          5         17      -2294.0929                   1_GWF-(1,97,283)       524.36696                  1_GWF-(1,180,104)
        818          5         18      -65.206301                   1_GWF-(1,97,283)      -262.43027                  1_GWF-(1,180,104)
        819          5         19      -25.806079                   1_GWF-(1,97,283)      -170.11815                  1_GWF-(1,118,230)
        820          5         20      -17.341334                   1_GWF-(1,95,285)       128.73568                  1_GWF-(1,122,229)
        821          5         21      -15.118503                   1_GWF-(1,95,285)       130.76628                  1_GWF-(1,123,221)
        822          5         22      -13.145193                   1_GWF-(1,95,285)       106.12045                  1_GWF-(1,100,259)
        823          5         23      -16.105690                   1_GWF-(1,97,283)      -152.65368                  1_GWF-(1,123,221)
        824          5         24      -24.330413                   1_GWF-(1,97,283)      -199.17099                   1_GWF-(1,99,260)
        825          5         25      -43.809801                   1_GWF-(1,95,285)       241.58425                  1_GWF-(1,124,229)
        826          5         26      -138.61698                   1_GWF-(1,95,285)       687.66456                   1_GWF-(1,99,260)
        827          5         27       627.36343                   1_GWF-(1,95,285)       872.24677                  1_GWF-(1,122,222)
        828          5         28      -298.83306                   1_GWF-(1,95,285)       265.89433                  1_GWF-(1,101,251)
        829          5         29      -53.682139                   1_GWF-(1,95,285)      -169.06712                  1_GWF-(1,168,112)
        830          5         30      -25.389028                   1_GWF-(1,97,283)       180.97635                  1_GWF-(1,168,112)
        831          5         31      -17.209871                   1_GWF-(1,97,283)      -190.96075                  1_GWF-(1,168,112)
        832          5         32      -16.846914                   1_GWF-(1,97,283)       140.94439                  1_GWF-(1,168,112)
        833          5         33      -17.681596                   1_GWF-(1,95,285)      -124.75423                  1_GWF-(1,100,266)
        834          5         34      -22.651255                   1_GWF-(1,95,285)      -135.42065                   1_GWF-(1,99,256)
        835          5         35      -43.545612                   1_GWF-(1,95,285)       164.27885                  1_GWF-(1,103,264)
        836          5         36      -114.99029                   1_GWF-(1,97,283)       469.19772                  1_GWF-(1,100,266)
        837          5         37       1384.7295                   1_GWF-(1,97,283)      -2157.8095                   1_GWF-(1,98,244)
        838          5         38      -1044.6359                   1_GWF-(1,97,283)       281.85542                  1_GWF-(1,100,266)
        839          5         39      -81.162561                   1_GWF-(1,97,283)       163.19438                  1_GWF-(1,100,266)
        840          5         40      -33.415385                   1_GWF-(1,95,285)       127.97411                  1_GWF-(1,124,230)
        841          5         41      -21.103830                   1_GWF-(1,95,285)      -110.12161                  1_GWF-(1,100,266)
        842          5         42      -18.314344                   1_GWF-(1,95,285)      -96.083929                  1_GWF-(1,124,229)
        843          5         43      -19.317866                   1_GWF-(1,97,283)      -111.42476                  1_GWF-(1,100,265)
        844          5         44      -23.493759                   1_GWF-(1,97,283)       120.88971                  1_GWF-(1,100,266)
        845          5         45      -34.404288                   1_GWF-(1,97,283)       177.00663                  1_GWF-(1,101,260)
        846          5         46      -106.89503                   1_GWF-(1,95,285)      -418.14742                  1_GWF-(1,113,231)
        847          5         47       1221.2634                   1_GWF-(1,95,285)       2076.0026                  1_GWF-(1,124,230)
        848          5         48      -909.57409                   1_GWF-(1,95,285)       271.77123                   1_GWF-(1,98,255)
        849          5         49      -72.344716                   1_GWF-(1,95,285)       139.58456                  1_GWF-(1,113,231)
        850          5         50      -28.343779                   1_GWF-(1,95,285)      -120.69224                  1_GWF-(1,104,262)
        851          5         51      -19.557519                   1_GWF-(1,97,283)      -142.41929                  1_GWF-(1,168,112)
        852          5         52      -18.169400                   1_GWF-(1,97,283)       168.23565                  1_GWF-(1,168,112)
        853          5         53      -19.415283                   1_GWF-(1,97,283)      -142.14388                  1_GWF-(1,168,112)
        854          5         54      -25.691632                   1_GWF-(1,95,285)       127.63577                  1_GWF-(1,168,112)
        855          5         55      -51.438520                   1_GWF-(1,95,285)       198.04412                  1_GWF-(1,104,263)
        856          5         56      -275.38852                   1_GWF-(1,95,285)       604.87209                  1_GWF-(1,103,264)
        857          5         57       588.74785                   1_GWF-(1,95,285)       368.48916                  1_GWF-(1,104,263)
        858          5         58      -146.37544                   1_GWF-(1,97,283)       163.83969                  1_GWF-(1,110,234)
        859          5         59      -41.956337                   1_GWF-(1,97,283)       120.83881                  1_GWF-(1,180,104)
        860          5         60      -23.009461                   1_GWF-(1,97,283)      -124.62993                  1_GWF-(1,180,104)
        861          5         61      -20.616544                   1_GWF-(1,97,283)       159.04415                  1_GWF-(1,180,104)
        862          5         62      -26.397115                   1_GWF-(1,95,285)      -186.36552                  1_GWF-(1,180,104)
        863          5         63      -47.195268                   1_GWF-(1,95,285)       273.87806                  1_GWF-(1,180,104)
        864          5         64      -253.32171                   1_GWF-(1,97,283)      -750.28656                  1_GWF-(1,180,104)
        865          5         65       608.72179                   1_GWF-(1,97,283)      -464.92252                  1_GWF-(1,112,232)
        866          5         66      -179.24928                   1_GWF-(1,97,283)       164.02158                  1_GWF-(1,100,264)
        867          5         67      -46.357112                   1_GWF-(1,97,283)       131.93378                  1_GWF-(1,100,259)
        868          5         68      -27.095182                   1_GWF-(1,97,283)      -91.495736                  1_GWF-(1,100,264)
        869          5         69      -22.360367                   1_GWF-(1,95,285)      -97.452812                  1_GWF-(1,110,234)
        870          5         70      -24.406958                   1_GWF-(1,95,285)      -88.428995                  1_GWF-(1,100,244)
        871          5         71      -29.625413                   1_GWF-(1,97,283)       127.03093                   1_GWF-(1,99,260)
        872          5         72      -66.647057                   1_GWF-(1,97,283)       230.89189                  1_GWF-(1,102,264)
        873          5         73      -895.82938                   1_GWF-(1,97,283)       1533.9135                  1_GWF-(1,110,234)
        874          5         74       1191.4529                   1_GWF-(1,97,283)      -331.27763                  1_GWF-(1,168,112)
        875          5         75      -100.66690                   1_GWF-(1,97,283)       230.51139                  1_GWF-(1,168,112)
        876          5         76      -37.078887                   1_GWF-(1,97,283)      -189.99807                  1_GWF-(1,168,112)
        877          5         77      -24.152479                   1_GWF-(1,95,285)       141.27641                  1_GWF-(1,168,112)
        878          5         78      -22.410907                   1_GWF-(1,95,285)      -93.392362                  1_GWF-(1,168,112)
        879          5         79      -27.767322                   1_GWF-(1,97,283)       124.88180                  1_GWF-(1,100,258)
        880          5         80      -38.342050                   1_GWF-(1,97,283)      -120.04897                  1_GWF-(1,104,264)
        881          5         81      -57.095602                   1_GWF-(1,97,283)      -178.21454                  1_GWF-(1,104,264)
        882          5         82      -211.05394                   1_GWF-(1,97,283)      -432.56844                  1_GWF-(1,100,259)
        883          5         83       853.82168                   1_GWF-(1,97,283)      -727.98357                  1_GWF-(1,124,230)
        884          5         84      -401.55185                   1_GWF-(1,95,285)       224.11541                  1_GWF-(1,102,235)
        885          5         85      -70.459682                   1_GWF-(1,95,285)      -127.12321                  1_GWF-(1,102,235)
        886          5         86      -33.988150                   1_GWF-(1,95,285)      -142.14502                  1_GWF-(1,104,262)
        887          5         87      -23.775994                   1_GWF-(1,97,283)       79.691967                  1_GWF-(1,114,230)
        888          5         88      -19.316026                   1_GWF-(1,97,283)      -89.559464                  1_GWF-(1,109,231)
        889          5         89      -18.638025                   1_GWF-(1,97,283)      -88.017072                  1_GWF-(1,104,264)
        890          5         90      -25.328866                   1_GWF-(1,95,285)       118.68215                  1_GWF-(1,101,260)
        891          5         91      -47.650118                   1_GWF-(1,95,285)      -154.17192                  1_GWF-(1,101,252)
        892          5         92      -255.93844                   1_GWF-(1,97,283)       660.86749                  1_GWF-(1,104,264)
        893          5         93       586.33411                   1_GWF-(1,97,283)      -494.45707                  1_GWF-(1,101,260)
        894          5         94      -161.60077                   1_GWF-(1,97,283)      -142.97691                  1_GWF-(1,168,112)
        895          5         95      -37.805247                   1_GWF-(1,97,283)       144.80621                  1_GWF-(1,168,112)
        896          5         96      -20.495290                   1_GWF-(1,97,283)      -136.82992                  1_GWF-(1,168,112)
        897          5         97      -13.639205                   1_GWF-(1,97,283)       110.08256                  1_GWF-(1,168,112)
        898          5         98      -11.745410                   1_GWF-(1,95,285)      -87.994582                  1_GWF-(1,168,112)
        899          5         99      -14.125016                   1_GWF-(1,95,285)       79.033522                  1_GWF-(1,168,112)
        900          5        100      -24.212925                   1_GWF-(1,97,283)       123.40387                  1_GWF-(1,100,242)
        901          5        101      -78.352869                   1_GWF-(1,97,283)      -316.78484                  1_GWF-(1,100,244)
        902          5        102       509.39986                   1_GWF-(1,97,283)       1039.0297                  1_GWF-(1,180,104)
        903          5        103      -306.63843                   1_GWF-(1,97,283)      -274.63039                  1_GWF-(1,180,104)
        904          5        104      -39.764336                   1_GWF-(1,97,283)       163.36298                  1_GWF-(1,180,104)
        905          5        105      -17.845606                   1_GWF-(1,97,283)      -125.00341                  1_GWF-(1,180,104)
        906          5        106      -14.129411                   1_GWF-(1,95,285)       94.927533                  1_GWF-(1,180,104)
        907          5        107      -12.288374                   1_GWF-(1,95,285)      -71.186654                  1_GWF-(1,180,104)
        908          5        108      -14.420684                   1_GWF-(1,97,283)      -80.174431                  1_GWF-(1,102,272)
        909          5        109      -22.283549                   1_GWF-(1,97,283)      -104.83659                  1_GWF-(1,117,217)
        910          5        110      -53.462419                   1_GWF-(1,97,283)      -167.64919                  1_GWF-(1,102,245)
        911          5        111       7277.7426                   1_GWF-(1,97,283)      -14672.745                  1_GWF-(1,117,217)
        912          5        112      -7103.2777                   1_GWF-(1,97,283)       198.53297                   1_GWF-(1,98,246)
        913          5        113      -46.294096                   1_GWF-(1,95,285)      -109.07338                   1_GWF-(1,98,246)
        914          5        114      -17.173698                   1_GWF-(1,95,285)      -63.586326                  1_GWF-(1,100,259)
        915          5        115      -11.132566                   1_GWF-(1,97,283)      -67.237560                  1_GWF-(1,101,251)
        916          5        116      -9.8764551                   1_GWF-(1,97,283)      -69.599764                  1_GWF-(1,168,112)
        917          5        117      -12.020806                   1_GWF-(1,97,283)       122.06080                  1_GWF-(1,168,112)
        918          5        118      -18.816474                   1_GWF-(1,95,285)      -200.54558                  1_GWF-(1,168,112)
        919          5        119      -43.061885                   1_GWF-(1,95,285)       321.02329                  1_GWF-(1,168,112)
        920          5        120       5158.7304                   1_GWF-(1,97,283)       12440.156                  1_GWF-(1,168,112)
        921          5        121      -5004.0563                   1_GWF-(1,97,283)       177.65202                  1_GWF-(1,115,231)
        922          5        122      -44.111167                   1_GWF-(1,97,283)      -92.280807                  1_GWF-(1,108,228)
        923          5        123      -17.316129                   1_GWF-(1,97,283)       68.616995                  1_GWF-(1,100,259)
        924          5        124      -10.147435                   1_GWF-(1,97,283)      -53.760038                  1_GWF-(1,104,233)
        925          5        125      -7.8869841                   1_GWF-(1,97,283)       53.240700                  1_GWF-(1,114,231)
        926          5        126      -8.1351141                   1_GWF-(1,95,285)      -52.571064                   1_GWF-(1,98,255)
        927          5        127      -11.480842                   1_GWF-(1,95,285)       85.942747                  1_GWF-(1,113,230)
        928          5        128      -24.243936                   1_GWF-(1,96,282)      -137.49304                  1_GWF-(1,100,267)
        929          5        129      -150.19670                   1_GWF-(1,96,282)      -425.54191                  1_GWF-(1,101,253)
        930          5        130       297.30505                   1_GWF-(1,96,282)       243.41786                  1_GWF-(1,100,259)
        931          5        131      -62.912440                   1_GWF-(1,96,282)      -102.77303                  1_GWF-(1,100,267)
        932          5        132      -16.134932                   1_GWF-(1,96,282)       69.703200                  1_GWF-(1,100,244)
        933          5        133      -9.2273197                   1_GWF-(1,96,282)      -64.357642                  1_GWF-(1,100,258)
        934          5        134      -8.7524863                   1_GWF-(1,96,282)      -48.963321                  1_GWF-(1,111,231)
        935          5        135      -7.8355806                   1_GWF-(1,96,282)       60.665407                  1_GWF-(1,168,112)
        936          5        136      -9.5288206                   1_GWF-(1,96,282)      -103.51827                  1_GWF-(1,168,112)
        937          5        137      -15.816180                   1_GWF-(1,96,282)       183.52455                  1_GWF-(1,168,112)
        938          5        138      -34.763157                   1_GWF-(1,96,282)      -308.67937                  1_GWF-(1,168,112)
        939          5        139      -1521.2325                   1_GWF-(1,96,282)       5469.9475                  1_GWF-(1,168,112)
        940          5        140       1655.9488                   1_GWF-(1,96,282)      -164.90352                   1_GWF-(1,99,244)
        941          5        141      -36.807645                   1_GWF-(1,96,282)       77.301435                   1_GWF-(1,99,244)
        942          5        142      -12.435544                   1_GWF-(1,96,282)      -59.977957                  1_GWF-(1,100,252)
        943          5        143      -8.7616231                   1_GWF-(1,96,282)      -69.731041                  1_GWF-(1,180,104)
        944          5        144      -7.2624984                   1_GWF-(1,96,282)       87.501339                  1_GWF-(1,180,104)
        945          5        145      -8.2805701                   1_GWF-(1,96,282)      -118.16784                  1_GWF-(1,180,104)
        946          5        146      -11.361485                   1_GWF-(1,96,282)       145.53746                  1_GWF-(1,180,104)
        947          5        147      -19.506404                   1_GWF-(1,96,282)      -184.24667                  1_GWF-(1,180,104)
        948          5        148      -62.486040                   1_GWF-(1,96,282)       361.38450                  1_GWF-(1,180,104)
        949          5        149       354.95182                   1_GWF-(1,96,282)       656.59660                  1_GWF-(1,180,104)
        950          5        150      -197.70653                   1_GWF-(1,96,282)       130.55238                  1_GWF-(1,119,226)
        951          5        151      -28.699098                   1_GWF-(1,96,282)      -85.638471                  1_GWF-(1,102,264)
        952          5        152      -12.234542                   1_GWF-(1,96,282)       65.792757                  1_GWF-(1,100,261)
        953          5        153      -8.7933439                   1_GWF-(1,96,282)      -53.914887                  1_GWF-(1,100,263)
        954          5        154      -7.9497555                   1_GWF-(1,96,282)      -51.208008                  1_GWF-(1,100,266)
        955          5        155      -8.7993929                   1_GWF-(1,96,282)       63.043120                  1_GWF-(1,100,263)
        956          5        156      -12.939722                   1_GWF-(1,96,282)       76.258564                   1_GWF-(1,97,246)
        957          5        157      -25.699606                   1_GWF-(1,96,282)       129.72027                  1_GWF-(1,121,224)
        958          5        158      -165.50628                   1_GWF-(1,96,282)      -792.05426                  1_GWF-(1,168,112)
        959          5        159       324.71877                   1_GWF-(1,96,282)      -523.77800                  1_GWF-(1,168,112)
        960          5        160      -65.448950                   1_GWF-(1,96,282)       231.31495                  1_GWF-(1,168,112)
        961          5        161      -19.914014                   1_GWF-(1,96,282)      -119.61751                  1_GWF-(1,168,112)
        962          5        162      -10.764933                   1_GWF-(1,96,282)       56.547309                  1_GWF-(1,168,112)
        963          5        163      -7.4700866                   1_GWF-(1,96,282)       57.432280                  1_GWF-(1,100,261)
        964          5        164      -7.2005732                   1_GWF-(1,96,282)      -60.003918                  1_GWF-(1,111,228)
        965          5        165      -9.1367969                   1_GWF-(1,96,282)       69.530461                  1_GWF-(1,112,225)
        966          5        166      -15.298616                   1_GWF-(1,96,282)      -101.56852                  1_GWF-(1,111,231)
        967          5        167      -42.726960                   1_GWF-(1,96,282)       218.18468                  1_GWF-(1,103,264)
        968          5        168       367.37036                   1_GWF-(1,96,282)       790.87155                  1_GWF-(1,114,223)
        969          5        169      -250.75013                   1_GWF-(1,96,282)       162.60110                  1_GWF-(1,103,264)
        970          5        170      -25.998604                   1_GWF-(1,96,282)       70.160949                  1_GWF-(1,105,232)
        971          5        171      -11.249432                   1_GWF-(1,96,282)      -75.464548                   1_GWF-(1,99,256)
        972          5        172      -9.3423374                   1_GWF-(1,96,282)      -62.221278                  1_GWF-(1,100,256)
        973          5        173      -11.505912                   1_GWF-(1,96,282)       83.673008                  1_GWF-(1,108,228)
        974          5        174      -21.238462                   1_GWF-(1,96,282)      -151.50157                  1_GWF-(1,108,228)
        975          5        175      -122.09653                   1_GWF-(1,96,282)       481.31424                  1_GWF-(1,108,228)
        976          5        176       257.19075                   1_GWF-(1,96,282)       261.17576                  1_GWF-(1,114,222)
        977          5        177      -60.683183                   1_GWF-(1,96,282)      -137.90914                  1_GWF-(1,168,112)
        978          5        178      -17.073484                   1_GWF-(1,96,282)       142.71914                  1_GWF-(1,168,112)
        979          5        179      -9.7386445                   1_GWF-(1,96,282)      -135.10680                  1_GWF-(1,168,112)
        980          5        180      -7.5830607                   1_GWF-(1,96,282)       105.79316                  1_GWF-(1,168,112)
        981          5        181      -7.4719091                   1_GWF-(1,96,282)      -74.111849                  1_GWF-(1,168,112)
        982          5        182      -8.8275295                   1_GWF-(1,96,282)       62.540003                  1_GWF-(1,100,264)
        983          5        183      -13.448716                   1_GWF-(1,96,282)       98.807799                  1_GWF-(1,100,241)
        984          5        184      -32.424098                   1_GWF-(1,96,282)       176.24522                  1_GWF-(1,110,228)
        985          5        185      -459.74465                   1_GWF-(1,96,282)      -1677.5392                   1_GWF-(1,99,256)
        986          5        186       595.12047                   1_GWF-(1,96,282)       231.82977                  1_GWF-(1,111,227)
        987          5        187      -43.350912                   1_GWF-(1,96,282)      -123.60983                  1_GWF-(1,111,227)
        988          5        188      -14.024761                   1_GWF-(1,96,282)       73.696059                   1_GWF-(1,99,256)
        989          5        189      -8.1725014                   1_GWF-(1,96,282)       56.332672                  1_GWF-(1,111,229)
        990          5        190      -6.5488816                   1_GWF-(1,96,282)       63.592369                   1_GWF-(1,99,242)
        991          5        191       7.0949106                    1_GWF-(1,85,94)       70.355813                   1_GWF-(1,98,243)
        992          5        192       9.4586267                    1_GWF-(1,86,94)       91.174828                  1_GWF-(1,119,226)
        993          5        193       18.014951                    1_GWF-(1,85,94)      -167.01758                  1_GWF-(1,180,104)
        994          5        194       56.674130                    1_GWF-(1,85,93)       438.26518                  1_GWF-(1,180,104)
        995          5        195      -418.27361                    1_GWF-(1,85,93)       1685.0194                  1_GWF-(1,180,104)
        996          5        196       267.94721                    1_GWF-(1,85,93)      -328.75776                  1_GWF-(1,180,104)
        997          5        197       29.337840                    1_GWF-(1,85,94)       153.89409                  1_GWF-(1,180,104)
        998          5        198       13.507616                    1_GWF-(1,86,94)      -93.159322                  1_GWF-(1,180,104)
        999          5        199       9.2209981                    1_GWF-(1,85,94)      -73.824539                  1_GWF-(1,168,112)
       1000          5        200       8.2063147                    1_GWF-(1,85,94)       100.89492                  1_GWF-(1,168,112)
       1001          6          1      -3.0652201                  1_GWF-(1,119,179)      -230.96797                  1_GWF-(1,116,182)
       1002          6          2       2.1221427                  1_GWF-(1,106,185)      -170.34840                  1_GWF-(1,119,179)
       1003          6          3      -1.8971219                  1_GWF-(1,168,112)      -117.89794                  1_GWF-(1,168,112)
       1004          6          4       1.8034204                  1_GWF-(1,168,112)       109.76045                  1_GWF-(1,118,180)
       1005          6          5       1.9061496                  1_GWF-(1,107,191)      -91.761211                  1_GWF-(1,114,183)
       1006          6          6       2.0484883                  1_GWF-(1,107,192)      -98.664220                  1_GWF-(1,118,180)
       1007          6          7       2.3451314                  1_GWF-(1,110,193)       116.02638                  1_GWF-(1,118,180)
       1008          6          8       2.6195170                  1_GWF-(1,110,193)      -71.945101                  1_GWF-(1,118,180)
       1009          6          9       2.0757190                  1_GWF-(1,105,192)      -86.924450                  1_GWF-(1,111,185)
       1010          6         10       2.4165489                  1_GWF-(1,108,194)       84.807370                  1_GWF-(1,111,185)
       1011          6         11       2.7662435                  1_GWF-(1,108,194)      -73.697999                  1_GWF-(1,116,180)
       1012          6         12       3.2550255                  1_GWF-(1,103,191)      -85.680374                  1_GWF-(1,110,186)
       1013          6         13       4.6647615                  1_GWF-(1,103,191)      -85.678713                  1_GWF-(1,105,171)
       1014          6         14       8.2894313                  1_GWF-(1,103,191)       138.82789                  1_GWF-(1,111,186)
       1015          6         15       58.303588                  1_GWF-(1,108,195)      -561.45446                  1_GWF-(1,113,182)
       1016          6         16      -117.97973                  1_GWF-(1,108,195)      -272.93246                  1_GWF-(1,113,182)
       1017          6         17       24.887743                  1_GWF-(1,108,195)      -113.84571                  1_GWF-(1,112,183)
       1018          6         18       7.5366794                  1_GWF-(1,103,191)       94.359748                  1_GWF-(1,112,183)
       1019          6         19       4.1348121                  1_GWF-(1,103,191)      -69.570998                  1_GWF-(1,111,185)
       1020          6         20       3.3743478                  1_GWF-(1,103,191)       68.743163                  1_GWF-(1,114,183)
       1021          6         21       3.7263940                  1_GWF-(1,103,191)      -68.322695                  1_GWF-(1,114,183)
       1022          6         22       4.5683151                  1_GWF-(1,108,195)      -66.953533                  1_GWF-(1,112,183)
       1023          6         23       5.9648063                  1_GWF-(1,108,195)      -75.790596                  1_GWF-(1,107,187)
       1024          6         24       10.219877                  1_GWF-(1,108,195)       111.26526                  1_GWF-(1,168,112)
       1025          6         25       23.161766                  1_GWF-(1,108,195)      -279.28263                  1_GWF-(1,168,112)
       1026          6         26      -1034.3187                  1_GWF-(1,108,195)      -7170.3937                  1_GWF-(1,168,112)
       1027          6         27       960.75058                  1_GWF-(1,108,195)       182.88404                  1_GWF-(1,168,112)
       1028          6         28       19.191602                  1_GWF-(1,108,195)      -98.746532                  1_GWF-(1,116,182)
       1029          6         29       6.8168678                  1_GWF-(1,108,195)      -67.341641                  1_GWF-(1,115,182)
       1030          6         30       4.1168469                  1_GWF-(1,108,195)      -54.158760                  1_GWF-(1,116,179)
       1031          6         31       3.0766749                  1_GWF-(1,108,195)       62.349176                  1_GWF-(1,116,179)
       1032          6         32       3.1573956                  1_GWF-(1,108,195)      -50.517821                  1_GWF-(1,116,179)
       1033          6         33       4.0111420                  1_GWF-(1,107,195)      -56.485877                  1_GWF-(1,112,184)
       1034          6         34       7.9986475                  1_GWF-(1,107,195)       96.079665                  1_GWF-(1,107,185)
       1035          6         35       36.546363                  1_GWF-(1,107,195)       271.99463                  1_GWF-(1,117,181)
       1036          6         36      -99.454257                  1_GWF-(1,107,195)      -220.50577                  1_GWF-(1,113,182)
       1037          6         37       30.009294                  1_GWF-(1,107,195)       95.832063                  1_GWF-(1,107,185)
       1038          6         38       7.2207712                  1_GWF-(1,107,195)      -56.486041                  1_GWF-(1,110,187)
       1039          6         39       4.4729773                  1_GWF-(1,107,195)      -61.261879                  1_GWF-(1,107,185)
       1040          6         40       3.7544052                  1_GWF-(1,107,195)       47.409690                  1_GWF-(1,113,182)
       1041          6         41       4.0300681                  1_GWF-(1,107,195)       57.849182                  1_GWF-(1,107,185)
       1042          6         42       4.7965738                  1_GWF-(1,107,195)       54.237300                  1_GWF-(1,119,176)
       1043          6         43       6.6557713                  1_GWF-(1,107,195)       70.733849                  1_GWF-(1,115,181)
       1044          6         44       15.487277                  1_GWF-(1,107,195)      -126.35124                  1_GWF-(1,168,112)
       1045          6         45       111.59728                  1_GWF-(1,107,195)       755.80863                  1_GWF-(1,168,112)
       1046          6         46      -194.17950                  1_GWF-(1,107,195)       314.85253                  1_GWF-(1,168,112)
       1047          6         47       33.330231                  1_GWF-(1,107,195)      -103.47526                  1_GWF-(1,168,112)
       1048          6         48       9.9739182                  1_GWF-(1,107,195)      -52.942804                  1_GWF-(1,111,181)
       1049          6         49       5.3891104                  1_GWF-(1,107,195)       52.307155                  1_GWF-(1,113,183)
       1050          6         50       4.8590505                  1_GWF-(1,107,195)       48.422776                  1_GWF-(1,118,177)
       1051          6         51       4.7672652                  1_GWF-(1,107,195)       53.591935                  1_GWF-(1,105,189)
       1052          6         52       5.3501933                  1_GWF-(1,107,195)      -53.262566                  1_GWF-(1,117,178)
       1053          6         53       8.5778052                  1_GWF-(1,107,196)       92.884732                  1_GWF-(1,117,178)
       1054          6         54       32.296733                  1_GWF-(1,107,196)      -226.69191                  1_GWF-(1,105,189)
       1055          6         55      -132.71517                  1_GWF-(1,107,196)       372.74677                  1_GWF-(1,116,179)
       1056          6         56       62.679167                  1_GWF-(1,107,196)       96.085891                  1_GWF-(1,115,180)
       1057          6         57       11.244309                  1_GWF-(1,107,196)      -68.800190                  1_GWF-(1,115,180)
       1058          6         58       6.2460906                  1_GWF-(1,107,196)      -59.782954                  1_GWF-(1,105,189)
       1059          6         59       5.8765128                  1_GWF-(1,107,196)       53.251492                  1_GWF-(1,120,174)
       1060          6         60       7.1706851                  1_GWF-(1,107,196)      -54.355327                  1_GWF-(1,118,176)
       1061          6         61       12.991360                  1_GWF-(1,107,196)       113.50328                  1_GWF-(1,105,189)
       1062          6         62       71.938893                  1_GWF-(1,107,196)       249.94320                  1_GWF-(1,105,189)
       1063          6         63      -157.59724                  1_GWF-(1,107,196)       173.59059                  1_GWF-(1,107,186)
       1064          6         64       37.865670                  1_GWF-(1,107,196)       85.539665                  1_GWF-(1,105,189)
       1065          6         65       12.044094                  1_GWF-(1,107,196)       70.032152                  1_GWF-(1,168,112)
       1066          6         66       6.9773394                  1_GWF-(1,107,196)      -71.014999                  1_GWF-(1,168,112)
       1067          6         67       5.5942052                  1_GWF-(1,107,196)       63.788470                  1_GWF-(1,168,112)
       1068          6         68       6.6120776                  1_GWF-(1,107,196)      -50.706251                  1_GWF-(1,168,112)
       1069          6         69       10.846293                  1_GWF-(1,107,196)      -69.282580                  1_GWF-(1,106,188)
       1070          6         70       25.525808                  1_GWF-(1,107,196)      -121.02100                  1_GWF-(1,111,184)
       1071          6         71       319.71112                  1_GWF-(1,107,196)       743.81261                  1_GWF-(1,111,184)
       1072          6         72      -423.55550                  1_GWF-(1,107,196)      -159.67112                  1_GWF-(1,106,188)
       1073          6         73       37.250275                  1_GWF-(1,107,196)      -77.659136                  1_GWF-(1,106,188)
       1074          6         74       12.920189                  1_GWF-(1,107,196)      -54.567373                   1_GWF-(1,37,284)
       1075          6         75       8.7491513                  1_GWF-(1,107,196)       50.854680                  1_GWF-(1,106,188)
       1076          6         76       9.0185310                  1_GWF-(1,107,196)       58.122413                  1_GWF-(1,106,188)
       1077          6         77       10.775526                  1_GWF-(1,107,196)      -54.128033                  1_GWF-(1,117,182)
       1078          6         78       14.634089                  1_GWF-(1,107,196)      -105.46277                  1_GWF-(1,110,184)
       1079          6         79       30.302502                  1_GWF-(1,107,196)       170.15861                  1_GWF-(1,110,184)
       1080          6         80       233.54555                  1_GWF-(1,107,196)       621.41304                  1_GWF-(1,109,185)
       1081          6         81      -392.59268                  1_GWF-(1,107,196)       242.30083                  1_GWF-(1,109,185)
       1082          6         82       67.212093                  1_GWF-(1,107,196)       84.061513                  1_GWF-(1,109,184)
       1083          6         83       20.671860                  1_GWF-(1,107,196)       58.203582                  1_GWF-(1,116,179)
       1084          6         84       11.154867                  1_GWF-(1,107,196)       41.253081                  1_GWF-(1,104,189)
       1085          6         85       7.7116655                  1_GWF-(1,107,196)      -51.387618                  1_GWF-(1,168,112)
       1086          6         86       7.6916698                  1_GWF-(1,107,196)       74.576026                  1_GWF-(1,168,112)
       1087          6         87       9.0647153                  1_GWF-(1,107,196)      -82.865566                  1_GWF-(1,168,112)
       1088          6         88       13.795582                  1_GWF-(1,107,196)       84.081606                  1_GWF-(1,168,112)
       1089          6         89       33.867821                  1_GWF-(1,107,196)       119.74702                   1_GWF-(1,39,282)
       1090          6         90       277.36947                  1_GWF-(1,107,196)       543.51251                  1_GWF-(1,114,181)
       1091          6         91      -445.74671                  1_GWF-(1,107,196)      -186.30387                  1_GWF-(1,122,178)
       1092          6         92       69.647431                  1_GWF-(1,107,196)      -76.019397                  1_GWF-(1,104,186)
       1093          6         93       20.950024                  1_GWF-(1,107,196)       54.329266                   1_GWF-(1,39,282)
       1094          6         94       11.171435                  1_GWF-(1,107,196)       47.908312                  1_GWF-(1,114,181)
       1095          6         95       9.4899960                  1_GWF-(1,107,196)       41.349375                  1_GWF-(1,106,186)
       1096          6         96       9.3073546                  1_GWF-(1,107,196)       41.607923                  1_GWF-(1,104,186)
       1097          6         97       11.314421                  1_GWF-(1,107,196)      -56.634406                  1_GWF-(1,109,184)
       1098          6         98       20.096762                  1_GWF-(1,107,196)      -97.463254                  1_GWF-(1,106,186)
       1099          6         99       84.585794                  1_GWF-(1,107,196)       227.35434                  1_GWF-(1,107,186)
       1100          6        100      -256.87710                  1_GWF-(1,107,196)       221.02233                  1_GWF-(1,123,177)
       1101          6        101       96.414784                  1_GWF-(1,107,196)      -98.047749                  1_GWF-(1,106,186)
       1102          6        102       20.383594                  1_GWF-(1,107,196)       51.029464                  1_GWF-(1,108,186)
       1103          6        103       9.7603933                  1_GWF-(1,107,196)      -40.881923                  1_GWF-(1,107,186)
       1104          6        104       7.6005183                  1_GWF-(1,107,196)       37.131759                  1_GWF-(1,107,185)
       1105          6        105       7.1649200                  1_GWF-(1,107,196)       50.924809                  1_GWF-(1,168,112)
       1106          6        106       8.6570417                  1_GWF-(1,107,196)      -93.803919                  1_GWF-(1,168,112)
       1107          6        107       15.407289                  1_GWF-(1,107,196)       134.25365                  1_GWF-(1,168,112)
       1108          6        108       58.032578                  1_GWF-(1,107,196)      -232.21622                  1_GWF-(1,168,112)
       1109          6        109      -306.61954                  1_GWF-(1,107,196)      -331.09793                  1_GWF-(1,168,112)
       1110          6        110       174.01922                  1_GWF-(1,107,196)      -95.441417                  1_GWF-(1,120,189)
       1111          6        111       24.157464                  1_GWF-(1,107,196)      -54.231967                  1_GWF-(1,118,182)
       1112          6        112       11.572348                  1_GWF-(1,107,196)       42.531297                  1_GWF-(1,120,189)
       1113          6        113       8.0056051                  1_GWF-(1,107,196)       39.767580                  1_GWF-(1,111,184)
       1114          6        114       7.4598017                  1_GWF-(1,107,196)      -49.351146                  1_GWF-(1,115,181)
       1115          6        115       9.6947115                  1_GWF-(1,107,196)       44.768583                  1_GWF-(1,112,180)
       1116          6        116       18.194281                  1_GWF-(1,107,196)       91.398840                  1_GWF-(1,116,180)
       1117          6        117       89.178976                  1_GWF-(1,107,196)      -279.72834                  1_GWF-(1,116,180)
       1118          6        118      -233.03243                  1_GWF-(1,107,196)       209.78729                  1_GWF-(1,120,189)
       1119          6        119       74.636708                  1_GWF-(1,107,196)       77.099751                  1_GWF-(1,119,180)
       1120          6        120       16.834699                  1_GWF-(1,107,196)       49.190619                  1_GWF-(1,110,187)
       1121          6        121       9.5200119                  1_GWF-(1,107,196)      -43.669642                  1_GWF-(1,107,186)
       1122          6        122       8.1436521                  1_GWF-(1,107,196)      -45.994675                  1_GWF-(1,117,179)
       1123          6        123       9.2071663                  1_GWF-(1,107,196)       58.159603                  1_GWF-(1,117,179)
       1124          6        124       12.701369                  1_GWF-(1,107,196)      -66.950137                  1_GWF-(1,110,187)
       1125          6        125       18.902913                  1_GWF-(1,107,196)      -119.73906                  1_GWF-(1,168,112)
       1126          6        126       45.741327                  1_GWF-(1,107,196)       286.93790                  1_GWF-(1,168,112)
       1127          6        127       623.73932                  1_GWF-(1,107,196)      -1896.9620                  1_GWF-(1,168,112)
       1128          6        128      -812.94891                  1_GWF-(1,107,196)      -225.49429                  1_GWF-(1,168,112)
       1129          6        129       66.391437                  1_GWF-(1,107,196)       102.48724                  1_GWF-(1,111,187)
       1130          6        130       21.428269                  1_GWF-(1,107,196)       64.108063                  1_GWF-(1,113,181)
       1131          6        131       12.790112                  1_GWF-(1,107,196)      -55.721827                  1_GWF-(1,113,181)
       1132          6        132       9.9827308                  1_GWF-(1,107,196)       53.085780                   1_GWF-(1,37,284)
       1133          6        133       9.3253268                  1_GWF-(1,107,196)       47.109929                  1_GWF-(1,111,186)
       1134          6        134       11.167852                  1_GWF-(1,107,196)       60.552264                  1_GWF-(1,112,185)
       1135          6        135       20.929571                  1_GWF-(1,107,196)      -104.53417                  1_GWF-(1,112,185)
       1136          6        136       60.769898                  1_GWF-(1,107,196)       195.25332                  1_GWF-(1,115,176)
       1137          6        137      -801.64838                  1_GWF-(1,107,196)       1545.7717                  1_GWF-(1,108,185)
       1138          6        138       628.67529                  1_GWF-(1,107,196)       158.28794                  1_GWF-(1,111,187)
       1139          6        139       42.953093                  1_GWF-(1,107,196)      -94.766824                  1_GWF-(1,115,179)
       1140          6        140       18.009838                  1_GWF-(1,107,196)       69.773894                  1_GWF-(1,115,179)
       1141          6        141       10.712842                  1_GWF-(1,107,196)      -57.971535                  1_GWF-(1,119,181)
       1142          6        142       8.5879221                  1_GWF-(1,107,196)      -42.341436                  1_GWF-(1,111,187)
       1143          6        143       8.5956472                    1_GWF-(1,85,94)      -51.554135                   1_GWF-(1,37,284)
       1144          6        144       11.300698                    1_GWF-(1,85,93)      -61.829811                   1_GWF-(1,39,282)
       1145          6        145       29.206615                    1_GWF-(1,85,94)       133.58758                  1_GWF-(1,168,112)
       1146          6        146       167.06629                    1_GWF-(1,86,94)      -673.83728                  1_GWF-(1,168,112)
       1147          6        147      -367.94221                    1_GWF-(1,86,94)      -521.30486                  1_GWF-(1,168,112)
       1148          6        148       91.915221                    1_GWF-(1,85,93)       158.78755                  1_GWF-(1,168,112)
       1149          6        149       25.143751                    1_GWF-(1,85,94)      -76.594536                  1_GWF-(1,168,112)
       1150          6        150       15.500962                    1_GWF-(1,85,94)      -52.858256                   1_GWF-(1,37,284)
       1151          6        151       13.093435                    1_GWF-(1,86,94)       66.858641                  1_GWF-(1,117,172)
       1152          6        152       14.582205                    1_GWF-(1,85,94)      -51.519867                  1_GWF-(1,123,171)
       1153          6        153       18.426963                    1_GWF-(1,85,93)      -72.551521                  1_GWF-(1,117,172)
       1154          6        154       33.307252                    1_GWF-(1,85,94)       119.52403                  1_GWF-(1,119,176)
       1155          6        155       149.85118                    1_GWF-(1,85,94)       388.51268                  1_GWF-(1,115,180)
       1156          6        156      -417.20044                    1_GWF-(1,85,93)       419.34590                  1_GWF-(1,115,178)
       1157          6        157       148.39837                    1_GWF-(1,85,93)      -130.06230                  1_GWF-(1,115,178)
       1158          6        158       33.289349                    1_GWF-(1,85,94)      -89.900533                   1_GWF-(1,39,282)
       1159          6        159       18.903393                    1_GWF-(1,85,93)      -60.833515                  1_GWF-(1,117,183)
       1160          6        160       15.832542                    1_GWF-(1,85,93)      -61.174605                  1_GWF-(1,118,177)
       1161          6        161       20.343904                    1_GWF-(1,85,94)       72.635350                  1_GWF-(1,116,171)
       1162          6        162       41.072054                    1_GWF-(1,85,93)       139.11712                  1_GWF-(1,122,178)
       1163          6        163       300.18321                    1_GWF-(1,85,94)       523.24224                  1_GWF-(1,120,180)
       1164          6        164      -512.38882                    1_GWF-(1,85,94)       253.48043                  1_GWF-(1,117,176)
       1165          6        165       84.505336                    1_GWF-(1,85,94)      -112.83170                  1_GWF-(1,123,177)
       1166          6        166       27.738328                    1_GWF-(1,85,93)      -78.633597                  1_GWF-(1,114,180)
       1167          6        167       17.634053                    1_GWF-(1,85,94)       86.062223                  1_GWF-(1,168,112)
       1168          6        168       12.913077                    1_GWF-(1,85,93)      -112.96531                  1_GWF-(1,168,112)
       1169          6        169       12.313347                    1_GWF-(1,85,93)       105.41533                  1_GWF-(1,168,112)
       1170          6        170       14.128716                    1_GWF-(1,85,94)      -85.810776                  1_GWF-(1,168,112)
       1171          6        171       23.451746                    1_GWF-(1,85,93)       104.96920                  1_GWF-(1,113,181)
       1172          6        172       51.402870                    1_GWF-(1,85,93)      -173.52507                  1_GWF-(1,113,181)
       1173          6        173       465.03260                    1_GWF-(1,85,94)       926.70593                   1_GWF-(1,37,284)
       1174          6        174      -708.54485                    1_GWF-(1,85,94)       200.10349                  1_GWF-(1,109,188)
       1175          6        175       87.860091                    1_GWF-(1,85,93)      -115.91774                  1_GWF-(1,111,183)
       1176          6        176       28.757638                    1_GWF-(1,85,94)       67.793048                  1_GWF-(1,111,183)
       1177          6        177       16.751316                    1_GWF-(1,85,93)       63.204406                   1_GWF-(1,37,284)
       1178          6        178       12.920251                    1_GWF-(1,85,93)       58.199368                  1_GWF-(1,119,182)
       1179          6        179       11.886027                    1_GWF-(1,85,94)       47.639338                  1_GWF-(1,108,178)
       1180          6        180       13.796125                    1_GWF-(1,85,93)      -62.786771                  1_GWF-(1,125,185)
       1181          6        181       21.205875                    1_GWF-(1,85,94)      -74.304286                  1_GWF-(1,110,192)
       1182          6        182       53.623986                    1_GWF-(1,85,93)       196.57395                  1_GWF-(1,122,180)
       1183          6        183       1257.6743                    1_GWF-(1,85,93)       2097.8257                  1_GWF-(1,111,182)
       1184          6        184      -1491.1564                    1_GWF-(1,85,93)       227.61315                  1_GWF-(1,111,182)
       1185          6        185       77.330691                    1_GWF-(1,85,94)      -99.398988                  1_GWF-(1,111,183)
       1186          6        186       27.592447                    1_GWF-(1,85,93)       63.348229                  1_GWF-(1,122,180)
       1187          6        187       15.139526                    1_GWF-(1,86,94)      -54.645042                  1_GWF-(1,110,182)
       1188          6        188       13.016453                    1_GWF-(1,85,94)       53.377809                  1_GWF-(1,108,188)
       1189          6        189       13.730798                    1_GWF-(1,85,93)      -58.319298                   1_GWF-(1,39,282)
       1190          6        190       17.070191                    1_GWF-(1,85,94)      -61.804835                  1_GWF-(1,118,181)
       1191          6        191       27.818250                    1_GWF-(1,86,94)      -96.866098                  1_GWF-(1,109,185)
       1192          6        192       77.634408                    1_GWF-(1,85,93)      -187.74378                  1_GWF-(1,168,112)
       1193          6        193      -1190.9190                    1_GWF-(1,85,94)      -2316.7126                  1_GWF-(1,168,112)
       1194          6        194       942.60544                    1_GWF-(1,85,94)       320.78087                  1_GWF-(1,168,112)
       1195          6        195       58.987279                    1_GWF-(1,85,93)      -155.05324                  1_GWF-(1,168,112)
       1196          6        196       23.720958                    1_GWF-(1,85,93)       70.671152                  1_GWF-(1,168,112)
       1197          6        197       14.706485                    1_GWF-(1,85,94)       47.061372                  1_GWF-(1,107,190)
       1198          6        198       13.581577                    1_GWF-(1,86,94)       46.113791                  1_GWF-(1,126,171)
       1199          6        199       15.883775                    1_GWF-(1,85,94)       59.161895                  1_GWF-(1,113,182)
       1200          6        200       25.555242                    1_GWF-(1,85,94)      -90.667767                  1_GWF-(1,115,179)
       1201          7          1      -10.532615                  1_GWF-(1,107,196)      -703.28586                  1_GWF-(1,103,192)
       1202          7          2       5.5379814                  1_GWF-(1,103,188)       476.04498                  1_GWF-(1,106,196)
       1203          7          3      -4.9342082                  1_GWF-(1,106,196)      -309.27587                  1_GWF-(1,103,191)
       1204          7          4      -9.6873485                  1_GWF-(1,106,196)       362.95384                  1_GWF-(1,104,192)
       1205          7          5      -12.366260                  1_GWF-(1,107,196)       245.55600                  1_GWF-(1,103,191)
       1206          7          6      -7.4056093                  1_GWF-(1,106,196)       165.73735                  1_GWF-(1,103,189)
       1207          7          7      -4.2729344                  1_GWF-(1,106,196)       119.86630                  1_GWF-(1,103,189)
       1208          7          8      -2.9569208                  1_GWF-(1,106,196)       91.146023                  1_GWF-(1,103,191)
       1209          7          9      -1.8459271                  1_GWF-(1,107,196)      -98.950298                  1_GWF-(1,108,194)
       1210          7         10      -1.8222196                  1_GWF-(1,107,197)      -85.431069                  1_GWF-(1,107,196)
       1211          7         11      -3.1618167                  1_GWF-(1,108,197)       115.70734                  1_GWF-(1,108,194)
       1212          7         12      -9.0854263                  1_GWF-(1,108,197)      -239.28518                  1_GWF-(1,103,193)
       1213          7         13      -36.627417                  1_GWF-(1,108,197)      -516.72566                  1_GWF-(1,108,194)
       1214          7         14       242.18108                  1_GWF-(1,108,197)       1496.8106                  1_GWF-(1,103,190)
       1215          7         15      -135.85485                  1_GWF-(1,108,197)       296.59102                  1_GWF-(1,107,193)
       1216          7         16      -21.335643                  1_GWF-(1,108,197)       278.33532                   1_GWF-(1,17,355)
       1217          7         17      -8.0250903                  1_GWF-(1,108,197)      -217.50006                   1_GWF-(1,17,355)
       1218          7         18      -4.9357501                  1_GWF-(1,108,197)       191.86351                   1_GWF-(1,17,355)
       1219          7         19      -3.5764645                  1_GWF-(1,108,197)      -121.05651                   1_GWF-(1,17,355)
       1220          7         20      -3.0950809                  1_GWF-(1,108,197)       136.15316                  1_GWF-(1,105,192)
       1221          7         21      -3.5530077                  1_GWF-(1,108,196)       105.39203                  1_GWF-(1,102,193)
       1222          7         22      -3.6711180                  1_GWF-(1,108,196)       113.24852                  1_GWF-(1,102,193)
       1223          7         23      -5.6649046                  1_GWF-(1,108,196)      -173.38875                  1_GWF-(1,106,192)
       1224          7         24      -16.696647                  1_GWF-(1,108,196)       185.33236                  1_GWF-(1,103,190)
       1225          7         25      -61.814476                  1_GWF-(1,108,196)       712.12051                   1_GWF-(1,24,350)
       1226          7         26       151.55530                  1_GWF-(1,108,196)       440.27715                   1_GWF-(1,24,350)
       1227          7         27      -33.934499                  1_GWF-(1,108,196)       173.77144                  1_GWF-(1,102,193)
       1228          7         28      -10.721320                  1_GWF-(1,108,196)       137.87504                  1_GWF-(1,102,193)
       1229          7         29      -6.6089239                  1_GWF-(1,108,196)      -119.83535                  1_GWF-(1,103,189)
       1230          7         30      -5.6139063                  1_GWF-(1,108,196)      -77.819467                   1_GWF-(1,17,352)
       1231          7         31      -4.4860025                  1_GWF-(1,108,196)       104.71946                   1_GWF-(1,17,352)
       1232          7         32      -4.8330623                  1_GWF-(1,108,196)      -99.318023                   1_GWF-(1,17,352)
       1233          7         33      -8.2664494                  1_GWF-(1,108,196)      -141.07394                  1_GWF-(1,107,195)
       1234          7         34      -20.175454                  1_GWF-(1,108,196)       211.59662                  1_GWF-(1,104,193)
       1235          7         35      -1155.9594                  1_GWF-(1,108,196)      -6994.7517                  1_GWF-(1,102,193)
       1236          7         36       1233.5286                  1_GWF-(1,108,196)      -267.61165                  1_GWF-(1,103,193)
       1237          7         37      -22.528523                  1_GWF-(1,108,196)       118.41890                  1_GWF-(1,111,186)
       1238          7         38      -7.0452619                  1_GWF-(1,106,195)      -83.105383                  1_GWF-(1,110,185)
       1239          7         39      -4.8427826                  1_GWF-(1,108,196)       88.312768                  1_GWF-(1,103,193)
       1240          7         40      -3.4829863                  1_GWF-(1,102,193)       94.434054                   1_GWF-(1,22,355)
       1241          7         41      -3.2713108                  1_GWF-(1,108,196)      -97.150846                   1_GWF-(1,22,355)
       1242          7         42      -4.3446093                  1_GWF-(1,106,195)       132.05765                   1_GWF-(1,22,355)
       1243          7         43      -10.185757                  1_GWF-(1,106,195)      -166.72252                   1_GWF-(1,22,355)
       1244          7         44      -28.559623                  1_GWF-(1,106,195)       385.03345                   1_GWF-(1,22,355)
       1245          7         45       143.32851                  1_GWF-(1,106,195)       512.99842                   1_GWF-(1,22,355)
       1246          7         46      -71.677622                  1_GWF-(1,106,195)      -135.61079                  1_GWF-(1,108,185)
       1247          7         47      -10.765401                  1_GWF-(1,106,195)       107.16968                  1_GWF-(1,108,188)
       1248          7         48      -5.0618071                  1_GWF-(1,106,195)      -72.579262                  1_GWF-(1,108,188)
       1249          7         49      -3.9746992                  1_GWF-(1,108,196)      -72.213859                  1_GWF-(1,107,189)
       1250          7         50      -4.0004477                  1_GWF-(1,106,195)       89.302330                  1_GWF-(1,106,192)
       1251          7         51      -5.6500979                  1_GWF-(1,106,195)      -129.43834                   1_GWF-(1,17,355)
       1252          7         52      -8.4154273                  1_GWF-(1,106,195)       235.42654                   1_GWF-(1,17,355)
       1253          7         53      -19.075943                  1_GWF-(1,106,195)      -458.41976                   1_GWF-(1,17,355)
       1254          7         54      -132.19267                  1_GWF-(1,106,195)       1778.5109                   1_GWF-(1,17,355)
       1255          7         55       225.10996                  1_GWF-(1,106,195)       445.18896                   1_GWF-(1,17,355)
       1256          7         56      -34.422506                  1_GWF-(1,106,195)      -124.93245                   1_GWF-(1,17,355)
       1257          7         57      -11.661270                  1_GWF-(1,106,195)       93.738127                  1_GWF-(1,109,189)
       1258          7         58      -8.8980275                  1_GWF-(1,106,195)       77.678743                  1_GWF-(1,104,194)
       1259          7         59      -6.1663896                  1_GWF-(1,106,195)      -74.840963                  1_GWF-(1,106,190)
       1260          7         60      -8.0946114                  1_GWF-(1,106,195)       91.457036                  1_GWF-(1,105,192)
       1261          7         61      -15.401573                  1_GWF-(1,106,195)       168.36572                  1_GWF-(1,168,112)
       1262          7         62      -45.427135                  1_GWF-(1,106,195)      -361.32715                  1_GWF-(1,168,112)
       1263          7         63       215.55879                  1_GWF-(1,106,195)      -608.90552                  1_GWF-(1,168,112)
       1264          7         64      -111.50305                  1_GWF-(1,106,195)      -136.96479                  1_GWF-(1,105,191)
       1265          7         65      -19.298640                  1_GWF-(1,106,195)      -94.624804                  1_GWF-(1,108,185)
       1266          7         66      -8.3153202                  1_GWF-(1,106,195)      -57.127420                  1_GWF-(1,110,193)
       1267          7         67      -5.0714118                  1_GWF-(1,106,195)      -65.788396                  1_GWF-(1,106,187)
       1268          7         68      -4.2322059                  1_GWF-(1,106,195)       60.870605                  1_GWF-(1,106,187)
       1269          7         69      -4.9912352                  1_GWF-(1,106,195)      -67.062841                  1_GWF-(1,107,195)
       1270          7         70      -10.771791                  1_GWF-(1,106,195)      -107.32643                  1_GWF-(1,106,189)
       1271          7         71      -66.956868                  1_GWF-(1,106,195)      -415.96565                   1_GWF-(1,24,350)
       1272          7         72       129.48683                  1_GWF-(1,106,195)      -278.55978                   1_GWF-(1,24,350)
       1273          7         73      -26.717901                  1_GWF-(1,106,195)       151.00246                   1_GWF-(1,24,350)
       1274          7         74      -7.1013020                  1_GWF-(1,106,195)      -108.92036                   1_GWF-(1,24,350)
       1275          7         75      -4.1980130                  1_GWF-(1,106,195)       68.071547                   1_GWF-(1,24,350)
       1276          7         76      -3.1429399                  1_GWF-(1,106,195)      -44.806819                  1_GWF-(1,105,189)
       1277          7         77      -4.3881125                  1_GWF-(1,106,195)       55.488403                  1_GWF-(1,109,191)
       1278          7         78      -10.132940                  1_GWF-(1,106,195)      -123.57370                  1_GWF-(1,107,195)
       1279          7         79      -31.373018                  1_GWF-(1,106,195)       239.73943                  1_GWF-(1,104,189)
       1280          7         80       304.87427                  1_GWF-(1,106,195)      -873.51204                  1_GWF-(1,107,195)
       1281          7         81      -222.26721                  1_GWF-(1,106,195)       121.36782                  1_GWF-(1,109,184)
       1282          7         82      -16.282819                  1_GWF-(1,106,195)      -101.91158                  1_GWF-(1,104,189)
       1283          7         83      -9.0692787                  1_GWF-(1,106,195)       80.660891                  1_GWF-(1,104,189)
       1284          7         84      -6.2416076                  1_GWF-(1,106,195)       49.279872                  1_GWF-(1,106,123)
       1285          7         85      -4.3462890                  1_GWF-(1,106,195)       49.827814                   1_GWF-(1,19,353)
       1286          7         86      -4.3429436                  1_GWF-(1,106,195)      -60.060413                  1_GWF-(1,104,190)
       1287          7         87      -5.8789040                  1_GWF-(1,106,195)       118.68085                   1_GWF-(1,17,355)
       1288          7         88      -12.128494                  1_GWF-(1,106,195)      -210.97550                   1_GWF-(1,17,355)
       1289          7         89      -33.532760                  1_GWF-(1,106,195)       602.10187                   1_GWF-(1,17,355)
       1290          7         90       181.46615                  1_GWF-(1,106,195)       1543.5595                   1_GWF-(1,17,355)
       1291          7         91      -100.42279                  1_GWF-(1,106,195)      -334.17863                   1_GWF-(1,17,355)
       1292          7         92      -11.529189                  1_GWF-(1,106,195)       136.99261                   1_GWF-(1,17,355)
       1293          7         93      -4.8498612                  1_GWF-(1,106,195)      -56.282458                   1_GWF-(1,17,355)
       1294          7         94      -3.3969957                  1_GWF-(1,106,195)      -52.280078                  1_GWF-(1,109,185)
       1295          7         95      -3.0583255                  1_GWF-(1,106,195)      -48.346584                  1_GWF-(1,105,123)
       1296          7         96      -3.7669132                  1_GWF-(1,106,195)       73.478837                   1_GWF-(1,22,355)
       1297          7         97      -6.5742607                  1_GWF-(1,106,195)      -100.13762                   1_GWF-(1,22,355)
       1298          7         98      -18.813254                  1_GWF-(1,106,195)       250.62491                   1_GWF-(1,22,355)
       1299          7         99       533.93182                  1_GWF-(1,106,195)       4617.8136                   1_GWF-(1,22,355)
       1300          7        100      -475.04317                  1_GWF-(1,106,195)      -287.29048                   1_GWF-(1,22,355)
       1301          7        101      -13.739398                  1_GWF-(1,106,195)       134.35933                   1_GWF-(1,22,355)
       1302          7        102      -6.0043412                  1_GWF-(1,106,195)      -74.699727                   1_GWF-(1,22,355)
       1303          7        103      -4.1912860                  1_GWF-(1,106,195)       59.760054                   1_GWF-(1,22,355)
       1304          7        104      -4.5907711                  1_GWF-(1,106,195)       53.970115                  1_GWF-(1,118,177)
       1305          7        105      -4.8533682                  1_GWF-(1,106,195)      -67.622550                  1_GWF-(1,108,193)
       1306          7        106      -8.2554044                  1_GWF-(1,106,195)      -86.026958                  1_GWF-(1,112,182)
       1307          7        107      -21.889202                  1_GWF-(1,106,195)      -211.30911                   1_GWF-(1,24,350)
       1308          7        108      -1221.3913                  1_GWF-(1,106,195)       8372.3662                   1_GWF-(1,24,350)
       1309          7        109       1312.3701                  1_GWF-(1,106,195)       372.34106                   1_GWF-(1,24,350)
       1310          7        110      -31.226872                  1_GWF-(1,106,195)       183.72536                   1_GWF-(1,23,351)
       1311          7        111      -12.115858                  1_GWF-(1,106,195)      -95.497898                   1_GWF-(1,23,351)
       1312          7        112      -6.9793460                  1_GWF-(1,106,195)      -55.757609                  1_GWF-(1,108,189)
       1313          7        113      -5.0340171                  1_GWF-(1,106,195)      -57.591258                  1_GWF-(1,107,190)
       1314          7        114      -5.0607601                  1_GWF-(1,106,195)       64.861724                  1_GWF-(1,107,190)
       1315          7        115       6.4273004                    1_GWF-(1,86,94)      -74.463760                  1_GWF-(1,109,192)
       1316          7        116       14.781763                    1_GWF-(1,85,94)       116.96172                  1_GWF-(1,109,185)
       1317          7        117       166.51000                    1_GWF-(1,86,94)       745.79794                  1_GWF-(1,117,178)
       1318          7        118      -229.98594                    1_GWF-(1,86,94)      -128.78987                   1_GWF-(1,19,351)
       1319          7        119       21.185281                    1_GWF-(1,86,94)       75.376803                   1_GWF-(1,19,351)
       1320          7        120       7.6218872                    1_GWF-(1,85,94)       55.681629                   1_GWF-(1,18,352)
       1321          7        121       3.8091316                    1_GWF-(1,86,94)      -53.248172                   1_GWF-(1,17,352)
       1322          7        122       2.9788020                    1_GWF-(1,86,94)      -73.993249                   1_GWF-(1,17,355)
       1323          7        123       3.6939878                    1_GWF-(1,85,94)       118.31520                   1_GWF-(1,17,355)
       1324          7        124       6.0568126                    1_GWF-(1,86,94)      -171.92814                   1_GWF-(1,17,355)
       1325          7        125       16.018467                    1_GWF-(1,85,94)       306.64550                   1_GWF-(1,17,355)
       1326          7        126       111.99002                    1_GWF-(1,85,94)      -1117.4934                   1_GWF-(1,17,355)
       1327          7        127      -192.72608                    1_GWF-(1,85,94)      -322.86550                   1_GWF-(1,17,355)
       1328          7        128       31.548014                    1_GWF-(1,86,94)       143.22529                   1_GWF-(1,17,352)
       1329          7        129       10.922864                    1_GWF-(1,85,94)      -107.41206                   1_GWF-(1,17,352)
       1330          7        130       6.1241762                    1_GWF-(1,85,94)       81.685654                   1_GWF-(1,17,352)
       1331          7        131       4.5700741                    1_GWF-(1,86,94)      -48.977993                  1_GWF-(1,168,112)
       1332          7        132       3.5391988                    1_GWF-(1,85,94)       55.807562                  1_GWF-(1,168,112)
       1333          7        133       4.8180226                    1_GWF-(1,85,93)       76.543868                   1_GWF-(1,17,352)
       1334          7        134       6.2693806                    1_GWF-(1,86,94)      -117.31854                   1_GWF-(1,17,352)
       1335          7        135       13.265930                    1_GWF-(1,85,94)       145.86892                   1_GWF-(1,17,352)
       1336          7        136       84.353836                    1_GWF-(1,85,93)      -499.86137                   1_GWF-(1,17,352)
       1337          7        137      -169.74348                    1_GWF-(1,85,93)      -217.44134                  1_GWF-(1,109,192)
       1338          7        138       37.532905                    1_GWF-(1,85,93)       77.047266                  1_GWF-(1,109,184)
       1339          7        139       10.241532                    1_GWF-(1,85,94)      -67.533592                  1_GWF-(1,109,184)
       1340          7        140       5.9305864                    1_GWF-(1,85,93)      -39.727368                  1_GWF-(1,115,174)
       1341          7        141       4.4324795                    1_GWF-(1,85,94)      -42.378612                  1_GWF-(1,107,190)
       1342          7        142       4.9960026                    1_GWF-(1,85,93)       50.571713                  1_GWF-(1,106,188)
       1343          7        143       7.2803624                    1_GWF-(1,85,93)      -66.263784                  1_GWF-(1,109,185)
       1344          7        144       15.075958                    1_GWF-(1,85,94)       119.76064                  1_GWF-(1,107,192)
       1345          7        145       68.973258                    1_GWF-(1,85,93)      -298.74138                  1_GWF-(1,107,192)
       1346          7        146      -201.78957                    1_GWF-(1,85,93)       292.15367                   1_GWF-(1,22,355)
       1347          7        147       73.053042                    1_GWF-(1,85,94)      -145.04962                   1_GWF-(1,24,350)
       1348          7        148       14.919093                    1_GWF-(1,85,94)      -111.71868                   1_GWF-(1,23,351)
       1349          7        149       7.3349481                    1_GWF-(1,85,93)      -101.04279                   1_GWF-(1,24,350)
       1350          7        150       5.8176067                    1_GWF-(1,85,94)       86.140192                   1_GWF-(1,24,350)
       1351          7        151       4.7616421                    1_GWF-(1,85,94)      -58.468532                   1_GWF-(1,24,350)
       1352          7        152       6.2104365                    1_GWF-(1,85,93)      -59.761323                   1_GWF-(1,23,351)
       1353          7        153       12.344517                    1_GWF-(1,85,94)       142.13686                   1_GWF-(1,22,355)
       1354          7        154       36.347549                    1_GWF-(1,85,93)      -376.34765                   1_GWF-(1,22,355)
       1355          7        155      -432.35172                    1_GWF-(1,85,93)      -2292.1689                   1_GWF-(1,22,355)
       1356          7        156       333.22751                    1_GWF-(1,85,93)       242.01684                   1_GWF-(1,22,355)
       1357          7        157       22.058003                    1_GWF-(1,85,94)      -113.83833                   1_GWF-(1,22,355)
       1358          7        158       9.0378095                    1_GWF-(1,85,93)       70.887103                   1_GWF-(1,22,355)
       1359          7        159       7.2696487                    1_GWF-(1,85,94)       62.834326                  1_GWF-(1,111,182)
       1360          7        160       7.3478699                    1_GWF-(1,85,94)      -77.116937                   1_GWF-(1,17,355)
       1361          7        161       8.5434427                    1_GWF-(1,85,93)       122.97532                   1_GWF-(1,17,355)
       1362          7        162       13.836186                    1_GWF-(1,85,94)      -240.33774                   1_GWF-(1,17,355)
       1363          7        163       54.481358                    1_GWF-(1,85,94)       875.17133                   1_GWF-(1,17,355)
       1364          7        164      -160.47373                    1_GWF-(1,85,93)       824.86034                   1_GWF-(1,17,355)
       1365          7        165       55.411078                    1_GWF-(1,85,93)      -175.15480                   1_GWF-(1,17,355)
       1366          7        166       14.661465                    1_GWF-(1,85,94)      -58.437981                  1_GWF-(1,112,182)
       1367          7        167       7.1834206                    1_GWF-(1,85,94)       41.100205                  1_GWF-(1,109,191)
       1368          7        168       6.0103081                    1_GWF-(1,85,93)       42.261219                  1_GWF-(1,113,181)
       1369          7        169       8.4867120                    1_GWF-(1,85,94)       56.401396                  1_GWF-(1,114,180)
       1370          7        170       16.613805                    1_GWF-(1,85,93)       92.816908                  1_GWF-(1,108,192)
       1371          7        171       39.025967                    1_GWF-(1,85,94)      -156.30104                  1_GWF-(1,110,183)
       1372          7        172       700.94239                    1_GWF-(1,85,94)      -1615.4059                  1_GWF-(1,107,190)
       1373          7        173      -847.43878                    1_GWF-(1,85,94)      -200.08567                   1_GWF-(1,20,355)
       1374          7        174       47.509328                    1_GWF-(1,85,93)      -110.01229                  1_GWF-(1,110,184)
       1375          7        175       17.190706                    1_GWF-(1,85,94)       81.399013                  1_GWF-(1,110,184)
       1376          7        176       10.551497                    1_GWF-(1,85,94)      -61.211342                  1_GWF-(1,168,112)
       1377          7        177       7.9145685                    1_GWF-(1,85,93)       74.601067                  1_GWF-(1,168,112)
       1378          7        178       6.3872110                    1_GWF-(1,85,94)      -82.450880                  1_GWF-(1,168,112)
       1379          7        179       8.7656833                    1_GWF-(1,85,93)       80.741766                  1_GWF-(1,168,112)
       1380          7        180       15.345718                    1_GWF-(1,85,93)      -78.093357                  1_GWF-(1,112,186)
       1381          7        181       40.532039                    1_GWF-(1,85,94)       138.44283                  1_GWF-(1,116,178)
       1382          7        182       805.03165                    1_GWF-(1,85,93)       1894.4806                  1_GWF-(1,108,171)
       1383          7        183      -967.46615                    1_GWF-(1,85,93)       163.44464                  1_GWF-(1,110,190)
       1384          7        184       48.924428                    1_GWF-(1,85,93)       80.724376                  1_GWF-(1,109,191)
       1385          7        185       20.650252                    1_GWF-(1,85,94)       91.911004                  1_GWF-(1,109,190)
       1386          7        186       11.727415                    1_GWF-(1,85,93)       55.497293                  1_GWF-(1,107,188)
       1387          7        187       8.9406848                    1_GWF-(1,85,94)       54.695128                  1_GWF-(1,109,184)
       1388          7        188       9.6515722                    1_GWF-(1,85,93)       63.660168                   1_GWF-(1,23,351)
       1389          7        189       11.168741                    1_GWF-(1,85,93)      -98.920855                   1_GWF-(1,23,351)
       1390          7        190       18.426043                    1_GWF-(1,85,94)       151.15899                   1_GWF-(1,17,355)
       1391          7        191       37.056673                    1_GWF-(1,85,93)      -265.79732                   1_GWF-(1,17,355)
       1392          7        192       299.33792                    1_GWF-(1,85,93)       988.18316                   1_GWF-(1,17,355)
       1393          7        193      -515.81353                    1_GWF-(1,85,93)       385.67121                   1_GWF-(1,17,355)
       1394          7        194       95.718812                    1_GWF-(1,85,94)      -167.72466                   1_GWF-(1,17,355)
       1395          7        195       22.935579                    1_GWF-(1,85,93)       116.95059                   1_GWF-(1,17,355)
       1396          7        196       12.902320                    1_GWF-(1,85,93)      -114.67025                   1_GWF-(1,17,355)
       1397          7        197       9.1395759                    1_GWF-(1,85,94)       119.10647                   1_GWF-(1,17,355)
       1398          7        198       9.2065234                    1_GWF-(1,85,93)      -136.15883                   1_GWF-(1,17,355)
       1399          7        199       11.030985                    1_GWF-(1,85,94)       138.31201                   1_GWF-(1,17,355)
       1400          7        200       18.021716                    1_GWF-(1,85,94)      -170.71575                   1_GWF-(1,17,355)
       1401          8          1      -4.7489814                   1_GWF-(1,84,208)       303.54131                   1_GWF-(1,17,355)
       1402          8          2      -1.5601660                   1_GWF-(1,84,208)       183.86544                   1_GWF-(1,84,209)
       1403          8          3      -1.5042548                   1_GWF-(1,84,209)       107.48688                   1_GWF-(1,17,355)
       1404          8          4     -0.85473890                  1_GWF-(1,100,144)      -115.52235                   1_GWF-(1,84,209)
       1405          8          5      -1.0289600                   1_GWF-(1,99,205)       77.752442                   1_GWF-(1,17,355)
       1406          8          6     -0.95462897                  1_GWF-(1,101,145)       92.056331                   1_GWF-(1,85,208)
       1407          8          7       1.2255711                   1_GWF-(1,86,184)       68.676561                   1_GWF-(1,17,355)
       1408          8          8       1.0777511                   1_GWF-(1,86,184)      -77.400636                   1_GWF-(1,17,355)
       1409          8          9      -1.4176418                   1_GWF-(1,61,207)      -87.176152                   1_GWF-(1,24,350)
       1410          8         10      -1.5261785                   1_GWF-(1,61,207)      -71.053482                   1_GWF-(1,23,351)
       1411          8         11      -2.2325685                   1_GWF-(1,61,207)       92.753930                   1_GWF-(1,83,210)
       1412          8         12      -4.0417911                   1_GWF-(1,61,207)      -125.56601                   1_GWF-(1,85,207)
       1413          8         13      -9.3677256                   1_GWF-(1,61,207)      -199.43579                   1_GWF-(1,83,210)
       1414          8         14      -211.35588                   1_GWF-(1,61,207)      -2625.8367                   1_GWF-(1,86,207)
       1415          8         15       252.84687                   1_GWF-(1,61,207)       303.36203                   1_GWF-(1,17,352)
       1416          8         16      -13.322139                   1_GWF-(1,61,207)      -150.91700                   1_GWF-(1,17,352)
       1417          8         17      -4.7987950                   1_GWF-(1,62,206)       92.809313                   1_GWF-(1,17,352)
       1418          8         18      -2.9600547                   1_GWF-(1,62,206)       60.173156                   1_GWF-(1,22,355)
       1419          8         19      -2.3763960                   1_GWF-(1,62,206)       71.685632                   1_GWF-(1,86,207)
       1420          8         20      -2.4853461                   1_GWF-(1,62,206)      -57.471073                   1_GWF-(1,83,210)
       1421          8         21      -2.4744577                   1_GWF-(1,62,206)      -72.427627                   1_GWF-(1,86,207)
       1422          8         22      -3.0698790                   1_GWF-(1,61,207)       76.548893                   1_GWF-(1,83,210)
       1423          8         23      -4.4295013                   1_GWF-(1,165,23)       78.330741                  1_GWF-(1,180,104)
       1424          8         24      -10.679410                   1_GWF-(1,165,23)      -173.32253                   1_GWF-(1,84,209)
       1425          8         25      -422.79938                   1_GWF-(1,165,23)       4590.1688                   1_GWF-(1,22,355)
       1426          8         26       463.56752                   1_GWF-(1,165,23)       283.29799                   1_GWF-(1,22,355)
       1427          8         27      -12.248872                   1_GWF-(1,165,23)      -179.21261                   1_GWF-(1,22,355)
       1428          8         28      -4.6957691                   1_GWF-(1,165,23)       95.791823                   1_GWF-(1,22,355)
       1429          8         29      -2.4905329                   1_GWF-(1,165,23)      -62.388469                   1_GWF-(1,22,355)
       1430          8         30      -1.9909431                   1_GWF-(1,165,23)      -45.726157                   1_GWF-(1,20,355)
       1431          8         31      -2.3621072                   1_GWF-(1,165,23)       60.388394                   1_GWF-(1,20,355)
       1432          8         32      -3.3037083                   1_GWF-(1,165,23)       68.164220                   1_GWF-(1,21,354)
       1433          8         33      -5.2593048                   1_GWF-(1,165,23)      -93.320352                   1_GWF-(1,21,354)
       1434          8         34      -21.447686                   1_GWF-(1,165,23)       187.98569                   1_GWF-(1,88,177)
       1435          8         35       121.67257                   1_GWF-(1,165,23)       451.93038                  1_GWF-(1,107,188)
       1436          8         36      -70.774342                   1_GWF-(1,165,23)      -104.42751                   1_GWF-(1,84,209)
       1437          8         37      -9.5152769                   1_GWF-(1,165,23)      -82.909223                  1_GWF-(1,168,112)
       1438          8         38      -4.6903259                   1_GWF-(1,165,23)       82.579066                  1_GWF-(1,168,112)
       1439          8         39      -3.5882532                   1_GWF-(1,165,23)      -55.668822                  1_GWF-(1,168,112)
       1440          8         40      -3.0803324                   1_GWF-(1,165,23)       46.730737                   1_GWF-(1,88,177)
       1441          8         41      -2.8797761                   1_GWF-(1,165,23)      -46.499687                  1_GWF-(1,110,189)
       1442          8         42      -2.9628182                   1_GWF-(1,165,23)      -45.893466                  1_GWF-(1,105,191)
       1443          8         43       4.5192068                    1_GWF-(1,85,94)      -71.542960                   1_GWF-(1,84,210)
       1444          8         44       14.272016                    1_GWF-(1,85,94)      -174.96308                   1_GWF-(1,21,351)
       1445          8         45      -370.19575                    1_GWF-(1,85,93)      -2400.2029                   1_GWF-(1,21,351)
       1446          8         46       324.01933                    1_GWF-(1,85,93)      -131.39551                   1_GWF-(1,22,350)
       1447          8         47       11.915053                    1_GWF-(1,85,94)      -80.438012                   1_GWF-(1,24,350)
       1448          8         48       4.5565986                    1_GWF-(1,85,94)      -76.326429                   1_GWF-(1,23,351)
       1449          8         49       3.0110075                    1_GWF-(1,85,93)       84.030241                   1_GWF-(1,23,351)
       1450          8         50       2.3712969                    1_GWF-(1,85,94)      -73.210329                   1_GWF-(1,23,351)
       1451          8         51       2.2423977                    1_GWF-(1,85,93)       56.891447                   1_GWF-(1,17,355)
       1452          8         52       3.2010065                    1_GWF-(1,85,93)      -75.830200                   1_GWF-(1,17,355)
       1453          8         53       7.5874335                    1_GWF-(1,85,94)       145.59048                   1_GWF-(1,17,355)
       1454          8         54       50.149167                    1_GWF-(1,85,93)      -723.59535                   1_GWF-(1,17,355)
       1455          8         55      -91.473782                    1_GWF-(1,86,94)      -398.07044                   1_GWF-(1,17,355)
       1456          8         56       17.087183                    1_GWF-(1,86,94)       206.86989                   1_GWF-(1,17,355)
       1457          8         57       5.7705826                    1_GWF-(1,85,94)      -125.92233                   1_GWF-(1,17,355)
       1458          8         58       3.3103178                    1_GWF-(1,85,93)       62.619117                   1_GWF-(1,17,355)
       1459          8         59       2.8264438                    1_GWF-(1,86,94)      -48.483665                  1_GWF-(1,104,189)
       1460          8         60       3.6304840                    1_GWF-(1,85,94)       58.518428                  1_GWF-(1,108,189)
       1461          8         61       6.6007740                    1_GWF-(1,85,93)      -76.096030                  1_GWF-(1,108,189)
       1462          8         62       38.620923                    1_GWF-(1,85,94)       257.89718                   1_GWF-(1,84,210)
       1463          8         63      -84.626495                    1_GWF-(1,85,94)      -204.76359                  1_GWF-(1,107,190)
       1464          8         64       21.314088                    1_GWF-(1,85,94)       69.012007                   1_GWF-(1,84,210)
       1465          8         65       5.8893739                    1_GWF-(1,85,93)      -45.987267                   1_GWF-(1,22,352)
       1466          8         66       3.7507330                    1_GWF-(1,85,94)      -43.042678                   1_GWF-(1,84,210)
       1467          8         67       3.3724518                    1_GWF-(1,85,93)       46.628340                   1_GWF-(1,21,353)
       1468          8         68       3.8443762                    1_GWF-(1,86,94)       51.057509                   1_GWF-(1,20,354)
       1469          8         69       6.3414732                    1_GWF-(1,85,94)      -86.275980                   1_GWF-(1,20,354)
       1470          8         70       17.019061                    1_GWF-(1,86,94)       152.58973                  1_GWF-(1,106,191)
       1471          8         71      -282.28118                    1_GWF-(1,85,94)      -1037.2774                   1_GWF-(1,22,355)
       1472          8         72       230.40919                    1_GWF-(1,85,94)       142.88198                   1_GWF-(1,22,355)
       1473          8         73       13.143581                    1_GWF-(1,85,94)      -101.22208                   1_GWF-(1,22,355)
       1474          8         74       5.4670804                    1_GWF-(1,85,93)      -57.687991                  1_GWF-(1,168,112)
       1475          8         75       3.8241280                    1_GWF-(1,85,94)       55.536339                  1_GWF-(1,168,112)
       1476          8         76       3.5655145                    1_GWF-(1,85,94)      -44.542597                  1_GWF-(1,168,112)
       1477          8         77       4.1486332                    1_GWF-(1,86,94)       51.472539                   1_GWF-(1,22,355)
       1478          8         78       7.0434022                    1_GWF-(1,85,94)      -105.57694                   1_GWF-(1,22,355)
       1479          8         79       21.143445                    1_GWF-(1,86,94)       299.88151                   1_GWF-(1,22,355)
       1480          8         80      -326.73038                    1_GWF-(1,86,94)       2144.2370                   1_GWF-(1,22,355)
       1481          8         81       260.63163                    1_GWF-(1,86,94)      -212.34660                   1_GWF-(1,22,355)
       1482          8         82       14.988905                    1_GWF-(1,85,94)       74.071359                   1_GWF-(1,22,355)
       1483          8         83       7.0044273                    1_GWF-(1,86,94)      -57.594655                   1_GWF-(1,90,179)
       1484          8         84       5.1704170                    1_GWF-(1,86,94)      -44.152246                   1_GWF-(1,25,349)
       1485          8         85       4.7804579                    1_GWF-(1,85,94)      -62.923386                   1_GWF-(1,24,350)
       1486          8         86       5.2980969                    1_GWF-(1,85,93)       91.232900                   1_GWF-(1,24,350)
       1487          8         87       5.8123879                    1_GWF-(1,85,94)      -112.32470                   1_GWF-(1,24,350)
       1488          8         88       9.6221744                    1_GWF-(1,85,94)      -151.95540                   1_GWF-(1,23,351)
       1489          8         89       32.210428                    1_GWF-(1,86,94)       245.41613                   1_GWF-(1,23,351)
       1490          8         90      -289.60242                    1_GWF-(1,85,94)      -721.12178                   1_GWF-(1,22,354)
       1491          8         91       202.01142                    1_GWF-(1,85,94)      -109.64805                   1_GWF-(1,17,355)
       1492          8         92       18.377112                    1_GWF-(1,85,94)       91.452024                   1_GWF-(1,17,355)
       1493          8         93       7.8732603                    1_GWF-(1,86,94)      -104.19253                   1_GWF-(1,17,355)
       1494          8         94       5.4165522                    1_GWF-(1,85,94)       133.49540                   1_GWF-(1,17,355)
       1495          8         95       4.8122184                    1_GWF-(1,86,94)      -151.14767                   1_GWF-(1,17,355)
       1496          8         96       4.8335256                    1_GWF-(1,86,94)       114.16249                   1_GWF-(1,17,355)
       1497          8         97       7.0781809                    1_GWF-(1,85,94)      -92.893876                   1_GWF-(1,17,355)
       1498          8         98       16.935383                    1_GWF-(1,86,94)       146.81587                  1_GWF-(1,104,190)
       1499          8         99       160.62052                    1_GWF-(1,86,94)      -786.28200                  1_GWF-(1,104,190)
       1500          8        100      -243.28823                    1_GWF-(1,86,94)       126.46258                  1_GWF-(1,123,214)
       1501          8        101       31.482900                    1_GWF-(1,85,94)       60.862061                   1_GWF-(1,89,179)
       1502          8        102       9.9850124                    1_GWF-(1,86,94)      -48.134970                   1_GWF-(1,17,352)
       1503          8        103       6.1406185                    1_GWF-(1,85,94)       53.419264                   1_GWF-(1,17,352)
       1504          8        104       5.6345204                    1_GWF-(1,86,94)      -59.881732                   1_GWF-(1,17,352)
       1505          8        105       6.1449657                    1_GWF-(1,86,94)       84.369715                   1_GWF-(1,17,352)
       1506          8        106       9.8068038                    1_GWF-(1,85,94)      -128.27443                   1_GWF-(1,17,352)
       1507          8        107       19.376383                    1_GWF-(1,86,94)       207.56819                   1_GWF-(1,17,352)
       1508          8        108       410.24291                    1_GWF-(1,86,94)       1611.5649                  1_GWF-(1,180,104)
       1509          8        109      -507.91611                    1_GWF-(1,86,94)       253.20627                  1_GWF-(1,180,104)
       1510          8        110       32.061622                    1_GWF-(1,85,94)      -126.33152                  1_GWF-(1,180,104)
       1511          8        111       12.353307                    1_GWF-(1,86,94)       93.512864                   1_GWF-(1,17,352)
       1512          8        112       8.4518641                    1_GWF-(1,86,94)      -80.315536                   1_GWF-(1,17,352)
       1513          8        113       7.4911399                    1_GWF-(1,85,94)       77.111504                   1_GWF-(1,17,352)
       1514          8        114       9.4352317                    1_GWF-(1,85,93)      -88.606491                   1_GWF-(1,17,352)
       1515          8        115       14.294843                    1_GWF-(1,85,94)       82.651739                   1_GWF-(1,17,352)
       1516          8        116       28.564859                    1_GWF-(1,85,94)       154.11201                  1_GWF-(1,105,189)
       1517          8        117       229.13085                    1_GWF-(1,86,94)      -663.20565                  1_GWF-(1,105,189)
       1518          8        118      -379.03297                    1_GWF-(1,86,94)      -150.17964                  1_GWF-(1,110,187)
       1519          8        119       59.245007                    1_GWF-(1,85,94)       132.05222                   1_GWF-(1,23,351)
       1520          8        120       20.459638                    1_GWF-(1,85,93)      -132.11028                   1_GWF-(1,23,351)
       1521          8        121       11.940630                    1_GWF-(1,86,94)      -118.07506                   1_GWF-(1,24,350)
       1522          8        122       9.1930116                    1_GWF-(1,85,94)       116.53536                   1_GWF-(1,24,350)
       1523          8        123       8.4113651                    1_GWF-(1,85,93)      -89.981904                   1_GWF-(1,24,350)
       1524          8        124       10.210513                    1_GWF-(1,85,94)       70.374844                   1_GWF-(1,24,350)
       1525          8        125       14.438720                    1_GWF-(1,85,94)      -71.905106                   1_GWF-(1,21,355)
       1526          8        126       29.959231                    1_GWF-(1,85,93)       115.91300                   1_GWF-(1,22,355)
       1527          8        127       190.93778                    1_GWF-(1,85,94)      -710.45639                   1_GWF-(1,22,355)
       1528          8        128      -354.43952                    1_GWF-(1,85,94)      -385.51220                   1_GWF-(1,22,355)
       1529          8        129       67.172931                    1_GWF-(1,85,94)      -167.27204                   1_GWF-(1,17,355)
       1530          8        130       18.654800                    1_GWF-(1,86,94)       123.39366                   1_GWF-(1,17,355)
       1531          8        131       9.6466066                    1_GWF-(1,85,94)      -101.33675                   1_GWF-(1,17,355)
       1532          8        132       7.7994714                    1_GWF-(1,86,94)       95.062510                   1_GWF-(1,17,355)
       1533          8        133       7.2996408                    1_GWF-(1,85,93)      -90.408098                   1_GWF-(1,17,355)
       1534          8        134       9.4209777                    1_GWF-(1,85,94)       118.18154                   1_GWF-(1,22,355)
       1535          8        135       15.841026                    1_GWF-(1,86,94)      -168.06982                   1_GWF-(1,22,355)
       1536          8        136       47.621116                    1_GWF-(1,86,94)       332.10379                   1_GWF-(1,22,355)
       1537          8        137      -710.47335                    1_GWF-(1,85,94)       1938.0301                   1_GWF-(1,22,355)
       1538          8        138       562.35765                    1_GWF-(1,85,94)      -144.48114                   1_GWF-(1,22,355)
       1539          8        139       34.070746                    1_GWF-(1,85,93)      -82.731427                  1_GWF-(1,105,188)
       1540          8        140       16.020912                    1_GWF-(1,85,94)      -58.967083                  1_GWF-(1,102,212)
       1541          8        141       10.974688                    1_GWF-(1,85,94)       64.413951                   1_GWF-(1,17,355)
       1542          8        142       9.3830485                    1_GWF-(1,85,93)      -105.31389                   1_GWF-(1,17,355)
       1543          8        143       9.7922005                    1_GWF-(1,85,94)       130.67982                   1_GWF-(1,17,355)
       1544          8        144       13.180135                    1_GWF-(1,85,94)      -150.37087                   1_GWF-(1,17,355)
       1545          8        145       21.808227                    1_GWF-(1,85,93)       141.12629                   1_GWF-(1,17,355)
       1546          8        146       77.865398                    1_GWF-(1,85,94)      -215.54070                  1_GWF-(1,102,212)
       1547          8        147      -470.02412                    1_GWF-(1,86,94)       579.33222                   1_GWF-(1,39,282)
       1548          8        148       273.49909                    1_GWF-(1,86,94)      -117.15536                  1_GWF-(1,102,212)
       1549          8        149       38.235315                    1_GWF-(1,85,93)      -66.944035                  1_GWF-(1,111,187)
       1550          8        150       18.292334                    1_GWF-(1,85,94)      -53.950652                   1_GWF-(1,86,210)
       1551          8        151       12.017957                    1_GWF-(1,85,93)       49.613448                  1_GWF-(1,102,212)
       1552          8        152       11.937643                    1_GWF-(1,85,94)       56.927268                   1_GWF-(1,86,210)
       1553          8        153       16.332506                    1_GWF-(1,85,93)      -75.683213                  1_GWF-(1,105,190)
       1554          8        154       23.633682                    1_GWF-(1,85,93)       96.776282                  1_GWF-(1,105,190)
       1555          8        155       63.063537                    1_GWF-(1,85,94)       201.66190                   1_GWF-(1,22,353)
       1556          8        156      -7767.3182                    1_GWF-(1,85,93)       13569.425                   1_GWF-(1,24,350)
       1557          8        157       7541.9529                    1_GWF-(1,85,93)      -307.31111                   1_GWF-(1,24,350)
       1558          8        158       61.900045                    1_GWF-(1,85,94)       219.65492                   1_GWF-(1,24,350)
       1559          8        159       23.912534                    1_GWF-(1,85,94)       172.62241                   1_GWF-(1,23,351)
       1560          8        160       17.736900                    1_GWF-(1,85,93)      -131.13950                   1_GWF-(1,23,351)
       1561          8        161       17.294865                    1_GWF-(1,85,94)       95.327625                   1_GWF-(1,23,351)
       1562          8        162       18.138285                    1_GWF-(1,85,93)      -58.341344                   1_GWF-(1,23,351)
       1563          8        163       33.251548                    1_GWF-(1,85,93)       100.54183                   1_GWF-(1,18,352)
       1564          8        164       134.52416                    1_GWF-(1,85,94)      -318.76048                   1_GWF-(1,17,355)
       1565          8        165      -448.11805                    1_GWF-(1,85,94)      -617.47236                   1_GWF-(1,17,355)
       1566          8        166       177.36901                    1_GWF-(1,85,93)       302.36848                   1_GWF-(1,17,355)
       1567          8        167       42.409224                    1_GWF-(1,85,93)      -255.15730                   1_GWF-(1,17,355)
       1568          8        168       26.251309                    1_GWF-(1,85,94)       200.26831                   1_GWF-(1,17,355)
       1569          8        169       22.570545                    1_GWF-(1,85,93)      -149.32019                   1_GWF-(1,17,355)
       1570          8        170       22.349115                    1_GWF-(1,85,94)      -152.41365                   1_GWF-(1,17,352)
       1571          8        171       26.248928                    1_GWF-(1,85,94)       173.42082                   1_GWF-(1,17,352)
       1572          8        172       45.464346                    1_GWF-(1,85,93)      -236.36621                   1_GWF-(1,17,352)
       1573          8        173       185.32948                    1_GWF-(1,85,94)       545.14490                   1_GWF-(1,17,352)
       1574          8        174      -627.69993                    1_GWF-(1,85,94)       672.44773                   1_GWF-(1,17,352)
       1575          8        175       258.33271                    1_GWF-(1,85,94)      -175.98936                   1_GWF-(1,22,355)
       1576          8        176       47.257620                    1_GWF-(1,85,93)       128.02446                   1_GWF-(1,22,355)
       1577          8        177       22.374671                    1_GWF-(1,85,94)      -113.62707                   1_GWF-(1,22,355)
       1578          8        178       15.892232                    1_GWF-(1,85,93)       100.39413                   1_GWF-(1,22,355)
       1579          8        179       14.808663                    1_GWF-(1,85,93)       101.61838                   1_GWF-(1,17,355)
       1580          8        180       17.021481                    1_GWF-(1,85,94)      -134.98594                   1_GWF-(1,17,355)
       1581          8        181       23.016741                    1_GWF-(1,85,93)       160.24049                   1_GWF-(1,17,355)
       1582          8        182       38.730438                    1_GWF-(1,85,93)      -211.93296                   1_GWF-(1,22,355)
       1583          8        183       144.69338                    1_GWF-(1,85,94)       576.25541                   1_GWF-(1,22,355)
       1584          8        184      -698.25249                    1_GWF-(1,85,93)       964.63471                   1_GWF-(1,22,355)
       1585          8        185       352.66271                    1_GWF-(1,85,93)      -224.59008                   1_GWF-(1,22,355)
       1586          8        186       56.684138                    1_GWF-(1,85,93)       130.04986                   1_GWF-(1,22,355)
       1587          8        187       28.540267                    1_GWF-(1,85,94)      -95.970057                   1_GWF-(1,22,355)
       1588          8        188       19.904583                    1_GWF-(1,85,93)       77.399738                   1_GWF-(1,22,355)
       1589          8        189       19.035130                    1_GWF-(1,85,94)      -81.829207                   1_GWF-(1,18,355)
       1590          8        190       20.786480                    1_GWF-(1,85,93)       102.88905                   1_GWF-(1,18,355)
       1591          8        191       25.120612                    1_GWF-(1,85,93)      -100.82092                   1_GWF-(1,18,355)
       1592          8        192       39.696498                    1_GWF-(1,85,94)       140.06104                   1_GWF-(1,18,354)
       1593          8        193       117.99233                    1_GWF-(1,85,93)       264.18596                   1_GWF-(1,20,354)
       1594          8        194      -1032.2162                    1_GWF-(1,85,93)      -1016.8536                  1_GWF-(1,180,104)
       1595          8        195       700.48504                    1_GWF-(1,85,94)      -227.38787                  1_GWF-(1,181,103)
       1596          8        196       63.598019                    1_GWF-(1,85,94)      -159.58483                  1_GWF-(1,180,104)
       1597          8        197       30.104841                    1_GWF-(1,85,93)       120.44846                  1_GWF-(1,180,104)
       1598          8        198       19.841124                    1_GWF-(1,85,93)      -74.146013                  1_GWF-(1,180,104)
       1599          8        199       18.108914                    1_GWF-(1,85,94)      -57.072082                  1_GWF-(1,110,186)
       1600          8        200       20.151881                    1_GWF-(1,85,93)      -80.141972                   1_GWF-(1,22,352)
       1601          9          1     -0.45093711                   1_GWF-(1,96,198)       76.103212                   1_GWF-(1,97,198)
       1602          9          2     -0.96128245                  1_GWF-(1,129,218)       65.652171                   1_GWF-(1,61,204)
       1603          9          3     -0.77520039                  1_GWF-(1,129,218)      -71.432349                   1_GWF-(1,96,198)
       1604          9          4     -0.85370811                   1_GWF-(1,87,181)      -68.396820                   1_GWF-(1,24,350)
       1605          9          5      -1.0159526                   1_GWF-(1,88,182)       59.050733                   1_GWF-(1,24,350)
       1606          9          6     -0.91289573                   1_GWF-(1,88,183)       66.606912                   1_GWF-(1,96,198)
       1607          9          7      -1.0781709                   1_GWF-(1,86,183)       59.883443                   1_GWF-(1,97,198)
       1608          9          8      -1.2626408                   1_GWF-(1,86,184)       55.598295                   1_GWF-(1,97,197)
       1609          9          9      -1.3526757                   1_GWF-(1,90,178)      -64.909829                   1_GWF-(1,96,198)
       1610          9         10      -2.7817893                   1_GWF-(1,88,176)      -94.089236                   1_GWF-(1,97,197)
       1611          9         11      -5.3379123                   1_GWF-(1,88,176)      -133.23407                   1_GWF-(1,97,198)
       1612          9         12       18.830607                    1_GWF-(1,85,94)      -316.53307                   1_GWF-(1,17,355)
       1613          9         13      -80.894137                    1_GWF-(1,85,93)      -922.22193                   1_GWF-(1,17,355)
       1614          9         14       39.044811                    1_GWF-(1,85,93)       326.07246                   1_GWF-(1,17,355)
       1615          9         15       6.1833225                    1_GWF-(1,85,93)      -210.76768                   1_GWF-(1,17,355)
       1616          9         16       3.2396789                    1_GWF-(1,85,94)       140.71940                   1_GWF-(1,17,355)
       1617          9         17      -1.8447246                   1_GWF-(1,90,179)      -84.191928                   1_GWF-(1,17,355)
       1618          9         18      -1.6253429                   1_GWF-(1,92,177)      -47.409069                   1_GWF-(1,97,198)
       1619          9         19      -1.7832339                   1_GWF-(1,92,177)      -44.549926                   1_GWF-(1,61,203)
       1620          9         20       1.8709445                    1_GWF-(1,85,93)      -45.079139                   1_GWF-(1,22,355)
       1621          9         21       2.5565437                    1_GWF-(1,85,94)      -61.733458                   1_GWF-(1,97,198)
       1622          9         22       5.8281314                    1_GWF-(1,85,93)      -91.941330                   1_GWF-(1,61,205)
       1623          9         23       36.419406                    1_GWF-(1,85,93)      -330.53902                   1_GWF-(1,97,197)
       1624          9         24      -79.110222                    1_GWF-(1,85,93)      -235.58002                   1_GWF-(1,61,205)
       1625          9         25       20.968633                    1_GWF-(1,85,94)       92.216484                   1_GWF-(1,96,198)
       1626          9         26       4.7739757                    1_GWF-(1,86,94)       61.214067                   1_GWF-(1,17,352)
       1627          9         27       2.8288353                    1_GWF-(1,86,94)       54.389130                   1_GWF-(1,97,197)
       1628          9         28       2.2152021                    1_GWF-(1,85,94)       48.900277                   1_GWF-(1,17,352)
       1629          9         29       2.0034323                    1_GWF-(1,85,93)      -45.005457                   1_GWF-(1,22,355)
       1630          9         30       2.3694121                    1_GWF-(1,85,94)       59.914040                   1_GWF-(1,22,355)
       1631          9         31       3.4651890                    1_GWF-(1,85,94)      -88.009741                   1_GWF-(1,22,355)
       1632          9         32       6.8438557                    1_GWF-(1,85,93)       143.54830                   1_GWF-(1,22,355)
       1633          9         33       47.597828                    1_GWF-(1,85,94)      -546.94001                   1_GWF-(1,22,355)
       1634          9         34      -87.883474                    1_GWF-(1,85,94)      -185.48621                   1_GWF-(1,22,355)
       1635          9         35       16.009664                    1_GWF-(1,85,93)      -87.131062                   1_GWF-(1,17,352)
       1636          9         36       4.1739224                    1_GWF-(1,85,93)       54.017264                   1_GWF-(1,17,352)
       1637          9         37       2.6096937                    1_GWF-(1,85,94)      -44.500526                   1_GWF-(1,17,352)
       1638          9         38       2.4691185                    1_GWF-(1,86,94)       41.399708                   1_GWF-(1,17,352)
       1639          9         39       2.4387583                    1_GWF-(1,85,94)      -46.844864                   1_GWF-(1,17,352)
       1640          9         40       2.8932329                    1_GWF-(1,85,94)       53.122074                   1_GWF-(1,17,352)
       1641          9         41       4.9920825                    1_GWF-(1,85,93)      -59.468302                   1_GWF-(1,17,352)
       1642          9         42       12.368592                    1_GWF-(1,85,94)      -136.20596                   1_GWF-(1,17,355)
       1643          9         43       2827.7172                    1_GWF-(1,86,94)       27977.328                   1_GWF-(1,17,355)
       1644          9         44      -2875.3208                    1_GWF-(1,86,94)       343.38034                   1_GWF-(1,17,355)
       1645          9         45       13.206203                    1_GWF-(1,85,93)      -179.92240                   1_GWF-(1,17,355)
       1646          9         46       5.3735303                    1_GWF-(1,85,94)       100.27501                   1_GWF-(1,17,355)
       1647          9         47       3.0556983                    1_GWF-(1,85,93)      -55.508662                   1_GWF-(1,17,355)
       1648          9         48       2.7127006                    1_GWF-(1,86,94)       44.995252                   1_GWF-(1,17,355)
       1649          9         49       2.7634303                    1_GWF-(1,85,94)      -38.912840                   1_GWF-(1,17,355)
       1650          9         50       4.1832658                    1_GWF-(1,85,93)       50.190226                   1_GWF-(1,21,351)
       1651          9         51       8.9097374                    1_GWF-(1,85,94)       114.13274                   1_GWF-(1,23,351)
       1652          9         52       50.837332                    1_GWF-(1,85,94)       479.08226                   1_GWF-(1,24,350)
       1653          9         53      -115.14103                    1_GWF-(1,86,94)       364.89083                   1_GWF-(1,24,350)
       1654          9         54       29.458838                    1_GWF-(1,86,94)      -158.93523                   1_GWF-(1,24,350)
       1655          9         55       10.632802                    1_GWF-(1,85,94)      -70.070417                   1_GWF-(1,23,351)
       1656          9         56       5.2281967                    1_GWF-(1,85,94)       44.607745                   1_GWF-(1,23,351)
       1657          9         57       4.1149490                    1_GWF-(1,85,93)      -41.290366                  1_GWF-(1,112,184)
       1658          9         58       5.6099245                    1_GWF-(1,85,94)       54.140432                  1_GWF-(1,112,184)
       1659          9         59       10.000032                    1_GWF-(1,86,94)      -74.980116                  1_GWF-(1,128,219)
       1660          9         60       35.465021                    1_GWF-(1,86,94)      -161.88238                   1_GWF-(1,98,199)
       1661          9         61      -128.30571                    1_GWF-(1,85,94)      -259.95123                  1_GWF-(1,128,219)
       1662          9         62       53.350629                    1_GWF-(1,85,94)      -77.970291                  1_GWF-(1,128,219)
       1663          9         63       11.441153                    1_GWF-(1,85,93)      -43.993174                   1_GWF-(1,97,198)
       1664          9         64       6.5504548                    1_GWF-(1,85,94)       52.921209                  1_GWF-(1,128,219)
       1665          9         65       5.2264827                    1_GWF-(1,86,94)      -37.067092                  1_GWF-(1,107,186)
       1666          9         66       5.5269215                    1_GWF-(1,86,94)       46.275729                  1_GWF-(1,107,186)
       1667          9         67       7.3132411                    1_GWF-(1,85,94)      -70.639047                   1_GWF-(1,97,199)
       1668          9         68       16.567347                    1_GWF-(1,85,93)       101.83929                   1_GWF-(1,17,352)
       1669          9         69       213.43823                    1_GWF-(1,85,94)       886.14685                   1_GWF-(1,97,199)
       1670          9         70      -285.97201                    1_GWF-(1,85,94)       134.32150                   1_GWF-(1,22,352)
       1671          9         71       26.105960                    1_GWF-(1,85,94)      -62.771100                   1_GWF-(1,22,352)
       1672          9         72       8.9627158                    1_GWF-(1,86,94)      -50.253319                  1_GWF-(1,110,189)
       1673          9         73       5.8179198                    1_GWF-(1,85,94)      -35.921388                   1_GWF-(1,97,199)
       1674          9         74       4.9627595                    1_GWF-(1,85,93)       41.746407                   1_GWF-(1,17,355)
       1675          9         75       6.2586083                    1_GWF-(1,86,94)      -94.812471                   1_GWF-(1,17,355)
       1676          9         76       9.0709524                    1_GWF-(1,85,94)       192.79065                   1_GWF-(1,17,355)
       1677          9         77       20.312552                    1_GWF-(1,86,94)      -441.08968                   1_GWF-(1,17,355)
       1678          9         78       218.41974                    1_GWF-(1,86,94)       2006.0157                   1_GWF-(1,17,355)
       1679          9         79      -312.39461                    1_GWF-(1,86,94)       279.80039                   1_GWF-(1,17,355)
       1680          9         80       33.319131                    1_GWF-(1,85,94)      -66.087825                   1_GWF-(1,17,355)
       1681          9         81       10.826743                    1_GWF-(1,86,94)      -48.552067                  1_GWF-(1,110,184)
       1682          9         82       6.3542911                    1_GWF-(1,85,94)      -35.636186                  1_GWF-(1,110,189)
       1683          9         83       4.8666161                    1_GWF-(1,85,94)      -38.917406                  1_GWF-(1,105,188)
       1684          9         84       5.2154684                    1_GWF-(1,86,94)       38.411967                   1_GWF-(1,83,173)
       1685          9         85       7.7209799                    1_GWF-(1,85,94)      -58.147178                   1_GWF-(1,22,355)
       1686          9         86       14.541130                    1_GWF-(1,85,93)       115.88991                   1_GWF-(1,22,355)
       1687          9         87       51.483540                    1_GWF-(1,86,94)      -309.83172                   1_GWF-(1,22,355)
       1688          9         88      -272.35764                    1_GWF-(1,85,94)      -809.54047                   1_GWF-(1,24,350)
       1689          9         89       147.68073                    1_GWF-(1,85,94)      -173.85814                   1_GWF-(1,23,351)
       1690          9         90       23.998923                    1_GWF-(1,86,94)       107.60853                   1_GWF-(1,23,351)
       1691          9         91       10.357883                    1_GWF-(1,86,94)      -70.610404                   1_GWF-(1,23,351)
       1692          9         92       6.2674952                    1_GWF-(1,85,94)      -61.207054                   1_GWF-(1,24,350)
       1693          9         93       5.9479670                    1_GWF-(1,85,93)      -69.632628                   1_GWF-(1,22,355)
       1694          9         94       6.9478981                    1_GWF-(1,85,94)       75.214037                   1_GWF-(1,22,355)
       1695          9         95       10.485734                    1_GWF-(1,85,94)      -97.415715                   1_GWF-(1,22,355)
       1696          9         96       27.729837                    1_GWF-(1,86,94)       180.88436                   1_GWF-(1,22,355)
       1697          9         97       340.59266                    1_GWF-(1,85,94)      -1034.7741                   1_GWF-(1,22,355)
       1698          9         98      -466.23575                    1_GWF-(1,85,94)      -170.53449                   1_GWF-(1,22,355)
       1699          9         99       48.855219                    1_GWF-(1,85,94)       99.656635                  1_GWF-(1,107,190)
       1700          9        100       14.879136                    1_GWF-(1,85,93)      -59.572534                  1_GWF-(1,107,190)
       1701          9        101       9.3739674                    1_GWF-(1,85,94)      -45.277365                  1_GWF-(1,168,112)
       1702          9        102       7.7465044                    1_GWF-(1,86,94)       54.829458                  1_GWF-(1,168,112)
       1703          9        103       7.8448585                    1_GWF-(1,85,94)      -69.711589                  1_GWF-(1,168,112)
       1704          9        104       10.525350                    1_GWF-(1,85,94)       86.681549                  1_GWF-(1,168,112)
       1705          9        105       24.018154                    1_GWF-(1,86,94)       111.68642                  1_GWF-(1,167,113)
       1706          9        106       102.18957                    1_GWF-(1,85,94)      -251.45559                  1_GWF-(1,106,191)
       1707          9        107      -263.31588                    1_GWF-(1,85,94)      -199.08806                  1_GWF-(1,108,186)
       1708          9        108       80.796232                    1_GWF-(1,85,94)       113.98220                   1_GWF-(1,17,355)
       1709          9        109       18.749192                    1_GWF-(1,86,94)      -125.82846                   1_GWF-(1,17,355)
       1710          9        110       9.6526409                    1_GWF-(1,85,94)       159.28423                   1_GWF-(1,17,355)
       1711          9        111       7.4057096                    1_GWF-(1,85,93)      -167.18960                   1_GWF-(1,17,355)
       1712          9        112       7.7653957                    1_GWF-(1,86,94)       140.75857                   1_GWF-(1,17,355)
       1713          9        113       11.943092                    1_GWF-(1,85,94)      -124.44192                   1_GWF-(1,17,355)
       1714          9        114       31.653822                    1_GWF-(1,85,93)       158.40604                   1_GWF-(1,17,355)
       1715          9        115       337.29696                    1_GWF-(1,85,93)      -1001.4337                  1_GWF-(1,105,187)
       1716          9        116      -481.20686                    1_GWF-(1,85,94)      -175.56352                  1_GWF-(1,105,187)
       1717          9        117       55.167076                    1_GWF-(1,85,94)      -91.102641                   1_GWF-(1,89,178)
       1718          9        118       16.064429                    1_GWF-(1,86,94)       64.055665                  1_GWF-(1,108,190)
       1719          9        119       10.784198                    1_GWF-(1,85,94)       64.961836                   1_GWF-(1,17,352)
       1720          9        120       8.8503875                    1_GWF-(1,85,93)      -74.372183                   1_GWF-(1,17,352)
       1721          9        121       9.2423082                    1_GWF-(1,85,93)       99.756511                   1_GWF-(1,17,352)
       1722          9        122       14.922484                    1_GWF-(1,85,94)      -117.14314                   1_GWF-(1,17,352)
       1723          9        123       33.354197                    1_GWF-(1,86,94)       165.14307                   1_GWF-(1,17,352)
       1724          9        124       294.28408                    1_GWF-(1,85,94)      -603.61266                   1_GWF-(1,17,352)
       1725          9        125      -487.93976                    1_GWF-(1,85,94)      -251.62117                   1_GWF-(1,23,351)
       1726          9        126       76.813871                    1_GWF-(1,85,94)      -181.00830                   1_GWF-(1,24,350)
       1727          9        127       24.825867                    1_GWF-(1,85,93)       141.78817                   1_GWF-(1,24,350)
       1728          9        128       13.437504                    1_GWF-(1,85,94)      -106.59626                   1_GWF-(1,24,350)
       1729          9        129       10.701991                    1_GWF-(1,85,94)      -100.14156                   1_GWF-(1,23,351)
       1730          9        130       12.914035                    1_GWF-(1,86,94)       96.691725                   1_GWF-(1,23,351)
       1731          9        131       18.818694                    1_GWF-(1,85,94)       86.408076                  1_GWF-(1,110,187)
       1732          9        132       35.943920                    1_GWF-(1,85,94)      -107.44191                  1_GWF-(1,108,190)
       1733          9        133       116.91961                    1_GWF-(1,85,93)       256.42990                   1_GWF-(1,17,352)
       1734          9        134      -889.55772                    1_GWF-(1,85,94)       1018.4718                   1_GWF-(1,17,352)
       1735          9        135       581.69217                    1_GWF-(1,85,94)      -190.24648                  1_GWF-(1,112,185)
       1736          9        136       67.210865                    1_GWF-(1,86,94)       110.42031                  1_GWF-(1,109,187)
       1737          9        137       28.538661                    1_GWF-(1,85,93)       80.599368                  1_GWF-(1,106,187)
       1738          9        138       19.704472                    1_GWF-(1,85,94)       86.652723                   1_GWF-(1,17,355)
       1739          9        139       17.465585                    1_GWF-(1,85,93)      -135.49426                   1_GWF-(1,17,355)
       1740          9        140       20.535825                    1_GWF-(1,85,94)       195.13682                   1_GWF-(1,17,355)
       1741          9        141       25.780032                    1_GWF-(1,85,94)      -314.34987                   1_GWF-(1,17,355)
       1742          9        142       43.616879                    1_GWF-(1,85,93)       477.21532                   1_GWF-(1,17,355)
       1743          9        143       227.05428                    1_GWF-(1,85,94)      -1041.7297                   1_GWF-(1,17,355)
       1744          9        144      -744.73228                    1_GWF-(1,85,94)      -760.03293                   1_GWF-(1,17,355)
       1745          9        145       285.84421                    1_GWF-(1,85,94)      -166.49914                  1_GWF-(1,106,189)
       1746          9        146       61.810147                    1_GWF-(1,86,94)       107.74731                  1_GWF-(1,106,189)
       1747          9        147       37.799589                    1_GWF-(1,85,94)       100.42710                  1_GWF-(1,105,189)
       1748          9        148       31.884273                    1_GWF-(1,85,93)      -94.598884                  1_GWF-(1,105,189)
       1749          9        149       28.696359                    1_GWF-(1,85,93)       74.921311                  1_GWF-(1,107,187)
       1750          9        150       30.194984                    1_GWF-(1,85,94)       95.808923                  1_GWF-(1,104,190)
       1751          9        151       41.360649                    1_GWF-(1,86,94)      -113.55827                  1_GWF-(1,104,190)
       1752          9        152       86.411400                    1_GWF-(1,85,94)       183.62809                  1_GWF-(1,105,187)
       1753          9        153       598.33892                    1_GWF-(1,85,94)      -922.15603                  1_GWF-(1,105,187)
       1754          9        154      -1070.5459                    1_GWF-(1,85,93)       297.76764                  1_GWF-(1,128,219)
       1755          9        155       181.76338                    1_GWF-(1,85,93)       155.28008                   1_GWF-(1,22,355)
       1756          9        156       56.432389                    1_GWF-(1,85,94)      -150.07415                   1_GWF-(1,22,355)
       1757          9        157       31.751385                    1_GWF-(1,86,94)       180.10930                   1_GWF-(1,22,355)
       1758          9        158       26.479573                    1_GWF-(1,85,94)      -199.73923                   1_GWF-(1,22,355)
       1759          9        159       26.509538                    1_GWF-(1,85,94)       167.37036                   1_GWF-(1,22,355)
       1760          9        160       32.890578                    1_GWF-(1,85,93)      -160.68380                   1_GWF-(1,22,355)
       1761          9        161       62.224341                    1_GWF-(1,85,94)       135.64007                   1_GWF-(1,22,355)
       1762          9        162       133.62175                    1_GWF-(1,85,94)      -336.02898                   1_GWF-(1,23,351)
       1763          9        163       3678.1804                    1_GWF-(1,85,93)       6812.3255                   1_GWF-(1,23,351)
       1764          9        164      -4231.0481                    1_GWF-(1,85,93)       619.02552                   1_GWF-(1,23,351)
       1765          9        165       171.52391                    1_GWF-(1,85,94)       316.76311                   1_GWF-(1,24,350)
       1766          9        166       67.905357                    1_GWF-(1,85,94)      -187.18400                   1_GWF-(1,24,350)
       1767          9        167       46.292395                    1_GWF-(1,85,93)      -105.09480                   1_GWF-(1,25,349)
       1768          9        168       38.494155                    1_GWF-(1,85,94)      -111.68357                   1_GWF-(1,22,349)
       1769          9        169       41.996985                    1_GWF-(1,85,93)       101.41031                   1_GWF-(1,17,355)
       1770          9        170       80.440320                    1_GWF-(1,85,94)      -196.10157                   1_GWF-(1,17,355)
       1771          9        171       363.33233                    1_GWF-(1,85,94)       898.93189                   1_GWF-(1,17,355)
       1772          9        172      -913.13584                    1_GWF-(1,85,93)       1186.5260                   1_GWF-(1,17,355)
       1773          9        173       280.41116                    1_GWF-(1,85,93)      -462.01357                   1_GWF-(1,17,355)
       1774          9        174       67.498654                    1_GWF-(1,85,93)       313.08532                   1_GWF-(1,17,355)
       1775          9        175       42.247347                    1_GWF-(1,85,94)      -247.84143                   1_GWF-(1,17,355)
       1776          9        176       34.814442                    1_GWF-(1,85,93)       210.75283                   1_GWF-(1,17,355)
       1777          9        177       38.351969                    1_GWF-(1,85,94)      -177.08755                   1_GWF-(1,17,355)
       1778          9        178       56.679422                    1_GWF-(1,85,94)       159.49287                  1_GWF-(1,167,113)
       1779          9        179       123.61170                    1_GWF-(1,85,93)       219.52037                  1_GWF-(1,168,112)
       1780          9        180       848.57412                    1_GWF-(1,85,94)      -889.38525                  1_GWF-(1,108,188)
       1781          9        181      -1517.3999                    1_GWF-(1,85,94)      -312.68671                  1_GWF-(1,108,188)
       1782          9        182       261.25526                    1_GWF-(1,85,93)       146.12960                  1_GWF-(1,110,184)
       1783          9        183       84.638287                    1_GWF-(1,86,94)      -109.30056                  1_GWF-(1,110,184)
       1784          9        184       48.840266                    1_GWF-(1,85,94)      -83.660561                  1_GWF-(1,105,191)
       1785          9        185       34.745925                    1_GWF-(1,85,93)      -83.785161                  1_GWF-(1,106,190)
       1786          9        186       38.386763                    1_GWF-(1,85,94)      -98.855912                  1_GWF-(1,111,185)
       1787          9        187       51.729551                    1_GWF-(1,86,94)       121.45720                   1_GWF-(1,21,354)
       1788          9        188       80.533581                    1_GWF-(1,86,94)      -181.04443                   1_GWF-(1,21,354)
       1789          9        189       259.02503                    1_GWF-(1,85,94)      -364.54912                   1_GWF-(1,20,355)
       1790          9        190      -2903.3903                    1_GWF-(1,85,93)      -2734.0917                   1_GWF-(1,20,355)
       1791          9        191       2137.8395                    1_GWF-(1,85,93)       385.33155                   1_GWF-(1,20,355)
       1792          9        192       171.55553                    1_GWF-(1,85,94)      -195.47981                   1_GWF-(1,20,355)
       1793          9        193       79.960484                    1_GWF-(1,85,94)       140.82178                   1_GWF-(1,17,354)
       1794          9        194       59.210599                    1_GWF-(1,86,94)       130.15388                   1_GWF-(1,17,355)
       1795          9        195       51.059057                    1_GWF-(1,85,94)      -170.41196                   1_GWF-(1,17,355)
       1796          9        196       50.411234                    1_GWF-(1,85,93)       261.66954                   1_GWF-(1,17,355)
       1797          9        197       65.782562                    1_GWF-(1,85,93)      -428.53623                   1_GWF-(1,17,355)
       1798          9        198       113.18565                    1_GWF-(1,85,94)       698.45357                   1_GWF-(1,17,355)
       1799          9        199       489.10468                    1_GWF-(1,86,94)      -1766.8037                   1_GWF-(1,17,355)
       1800          9        200      -1753.8373                    1_GWF-(1,85,93)      -1469.1937                   1_GWF-(1,17,355)
       1801         10          1      -10.162154                  1_GWF-(1,122,212)       1100.8572                   1_GWF-(1,17,355)
       1802         10          2      -5.4883671                  1_GWF-(1,122,212)      -732.45935                   1_GWF-(1,17,355)
       1803         10          3      -3.6223360                  1_GWF-(1,119,194)       528.74942                   1_GWF-(1,17,355)
       1804         10          4      -4.1026013                   1_GWF-(1,61,205)      -379.04517                   1_GWF-(1,17,355)
       1805         10          5      -4.6674567                   1_GWF-(1,61,205)      -321.98357                  1_GWF-(1,122,213)
       1806         10          6      -6.6240705                   1_GWF-(1,61,202)      -285.65259                  1_GWF-(1,121,212)
       1807         10          7      -6.8931057                   1_GWF-(1,61,202)       225.91184                  1_GWF-(1,122,213)
       1808         10          8      -7.4076021                   1_GWF-(1,61,202)      -250.06037                   1_GWF-(1,17,352)
       1809         10          9      -7.7089031                   1_GWF-(1,61,205)       261.54645                   1_GWF-(1,17,352)
       1810         10         10      -7.6339773                   1_GWF-(1,61,205)      -242.21372                   1_GWF-(1,17,352)
       1811         10         11      -6.9819705                   1_GWF-(1,61,205)       272.07280                   1_GWF-(1,17,352)
       1812         10         12      -11.212744                   1_GWF-(1,61,205)      -300.16578                   1_GWF-(1,17,352)
       1813         10         13      -14.129055                   1_GWF-(1,61,202)      -361.50288                  1_GWF-(1,122,213)
       1814         10         14      -45.539278                   1_GWF-(1,61,202)      -655.53360                   1_GWF-(1,17,352)
       1815         10         15       7782.5673                   1_GWF-(1,61,202)      -70485.736                  1_GWF-(1,122,213)
       1816         10         16      -7642.3153                   1_GWF-(1,61,202)      -534.48586                  1_GWF-(1,120,214)
       1817         10         17      -38.248790                   1_GWF-(1,61,202)      -345.53634                   1_GWF-(1,88,152)
       1818         10         18      -13.112441                   1_GWF-(1,61,202)       227.84180                   1_GWF-(1,22,355)
       1819         10         19      -7.3028827                   1_GWF-(1,61,205)      -237.66021                   1_GWF-(1,22,355)
       1820         10         20      -5.8523563                   1_GWF-(1,61,205)       188.53590                   1_GWF-(1,22,355)
       1821         10         21      -3.8536815                   1_GWF-(1,61,205)      -192.09740                   1_GWF-(1,22,355)
       1822         10         22       3.8197041                   1_GWF-(1,83,167)       169.35003                   1_GWF-(1,22,355)
       1823         10         23       4.1372894                   1_GWF-(1,83,167)      -152.82123                   1_GWF-(1,22,355)
       1824         10         24       6.5886518                   1_GWF-(1,83,167)      -217.27307                  1_GWF-(1,120,212)
       1825         10         25       14.704747                   1_GWF-(1,83,167)      -334.70488                  1_GWF-(1,121,212)
       1826         10         26       68.964810                   1_GWF-(1,83,167)       1023.2599                   1_GWF-(1,89,151)
       1827         10         27      -197.48318                   1_GWF-(1,83,167)       902.87340                  1_GWF-(1,120,212)
       1828         10         28       69.997845                   1_GWF-(1,83,167)       291.96675                  1_GWF-(1,121,212)
       1829         10         29       16.176516                   1_GWF-(1,83,167)      -211.97811                   1_GWF-(1,89,151)
       1830         10         30       8.2892680                   1_GWF-(1,83,167)      -116.23127                   1_GWF-(1,24,350)
       1831         10         31       6.5116467                   1_GWF-(1,83,167)       159.98116                   1_GWF-(1,24,350)
       1832         10         32       6.4624038                   1_GWF-(1,83,167)      -196.49502                   1_GWF-(1,24,350)
       1833         10         33       6.4612780                   1_GWF-(1,83,167)       211.62144                   1_GWF-(1,24,350)
       1834         10         34       7.9883764                   1_GWF-(1,83,167)      -204.66847                   1_GWF-(1,17,355)
       1835         10         35       17.109869                   1_GWF-(1,83,167)       306.72013                   1_GWF-(1,17,355)
       1836         10         36       105.70089                   1_GWF-(1,83,167)      -1360.1062                   1_GWF-(1,17,355)
       1837         10         37      -201.49701                   1_GWF-(1,83,167)      -892.71766                   1_GWF-(1,17,355)
       1838         10         38       41.930134                   1_GWF-(1,83,167)       420.02156                   1_GWF-(1,17,355)
       1839         10         39       12.920994                   1_GWF-(1,83,167)      -349.04580                   1_GWF-(1,17,355)
       1840         10         40       6.0065410                   1_GWF-(1,83,167)       224.82002                   1_GWF-(1,17,355)
       1841         10         41       3.7280477                   1_GWF-(1,83,167)      -117.31106                   1_GWF-(1,17,355)
       1842         10         42      -3.4203019                   1_GWF-(1,95,267)       88.401538                   1_GWF-(1,17,355)
       1843         10         43      -4.0692438                   1_GWF-(1,95,267)       100.42928                  1_GWF-(1,119,212)
       1844         10         44      -5.5804685                   1_GWF-(1,95,267)      -92.134224                  1_GWF-(1,119,208)
       1845         10         45      -10.436312                   1_GWF-(1,95,267)      -165.02412                  1_GWF-(1,119,212)
       1846         10         46      -43.194270                   1_GWF-(1,95,267)       551.99066                  1_GWF-(1,119,212)
       1847         10         47       109.49169                   1_GWF-(1,95,267)       430.53812                  1_GWF-(1,120,212)
       1848         10         48      -29.561216                   1_GWF-(1,95,267)       182.62074                  1_GWF-(1,119,212)
       1849         10         49      -8.4014934                   1_GWF-(1,95,267)       111.23820                   1_GWF-(1,85,158)
       1850         10         50      -4.6698650                   1_GWF-(1,95,267)      -114.04114                  1_GWF-(1,119,212)
       1851         10         51      -3.5615193                   1_GWF-(1,95,267)       79.239082                  1_GWF-(1,120,211)
       1852         10         52      -3.2140441                   1_GWF-(1,95,267)       96.082071                  1_GWF-(1,119,212)
       1853         10         53      -4.4695722                   1_GWF-(1,95,267)       89.253122                  1_GWF-(1,120,212)
       1854         10         54      -7.4613924                   1_GWF-(1,95,267)      -123.32714                  1_GWF-(1,119,212)
       1855         10         55      -21.106974                   1_GWF-(1,95,267)       358.60706                  1_GWF-(1,119,212)
       1856         10         56       79.989749                   1_GWF-(1,95,267)       399.10298                   1_GWF-(1,89,159)
       1857         10         57      -31.166063                   1_GWF-(1,95,267)       146.53121                  1_GWF-(1,119,212)
       1858         10         58      -6.9807904                   1_GWF-(1,95,267)       81.606568                  1_GWF-(1,120,211)
       1859         10         59      -3.9624370                   1_GWF-(1,95,267)      -86.879995                  1_GWF-(1,119,212)
       1860         10         60       3.5513576                   1_GWF-(1,61,202)      -71.730704                  1_GWF-(1,121,210)
       1861         10         61      -3.9572742                   1_GWF-(1,95,267)       98.149134                  1_GWF-(1,119,212)
       1862         10         62      -7.3958709                   1_GWF-(1,95,267)      -110.93902                  1_GWF-(1,119,207)
       1863         10         63      -67.608186                   1_GWF-(1,95,267)       1015.2691                   1_GWF-(1,17,355)
       1864         10         64       103.69066                   1_GWF-(1,95,267)       422.63589                   1_GWF-(1,17,355)
       1865         10         65      -12.953597                   1_GWF-(1,95,267)      -303.42332                   1_GWF-(1,17,355)
       1866         10         66       4.9325454                   1_GWF-(1,61,205)       247.51358                   1_GWF-(1,17,355)
       1867         10         67       3.6625985                   1_GWF-(1,61,205)      -173.26000                   1_GWF-(1,17,355)
       1868         10         68       3.0868096                   1_GWF-(1,61,204)       102.59803                   1_GWF-(1,17,355)
       1869         10         69       3.6410150                   1_GWF-(1,61,202)      -76.785062                   1_GWF-(1,17,355)
       1870         10         70       5.0092575                   1_GWF-(1,61,202)       103.23652                   1_GWF-(1,22,353)
       1871         10         71      -11.613757                   1_GWF-(1,95,267)       213.84543                  1_GWF-(1,120,213)
       1872         10         72       372.24281                   1_GWF-(1,95,267)       2644.5156                  1_GWF-(1,107,186)
       1873         10         73      -334.67018                   1_GWF-(1,95,267)       159.94186                  1_GWF-(1,120,211)
       1874         10         74      -9.3805810                   1_GWF-(1,95,267)      -98.972033                  1_GWF-(1,120,211)
       1875         10         75       4.6140028                   1_GWF-(1,68,219)       90.046046                   1_GWF-(1,24,350)
       1876         10         76       3.3333727                   1_GWF-(1,68,219)      -111.54270                   1_GWF-(1,24,350)
       1877         10         77       3.4314930                   1_GWF-(1,68,219)       143.04441                   1_GWF-(1,24,350)
       1878         10         78       4.0519558                   1_GWF-(1,68,219)      -132.37939                   1_GWF-(1,24,350)
       1879         10         79       8.7882471                   1_GWF-(1,68,219)      -168.86540                  1_GWF-(1,121,211)
       1880         10         80       37.494018                   1_GWF-(1,68,219)       340.94794                   1_GWF-(1,82,189)
       1881         10         81      -114.46322                   1_GWF-(1,68,219)      -462.63972                  1_GWF-(1,121,211)
       1882         10         82       42.727730                   1_GWF-(1,68,219)       136.78427                  1_GWF-(1,121,211)
       1883         10         83       9.3897510                   1_GWF-(1,68,219)       104.50770                   1_GWF-(1,22,355)
       1884         10         84       4.9422775                   1_GWF-(1,68,219)      -100.13678                   1_GWF-(1,22,355)
       1885         10         85       3.6394452                   1_GWF-(1,68,219)       103.39891                   1_GWF-(1,22,355)
       1886         10         86       3.3921398                   1_GWF-(1,68,218)      -101.93693                   1_GWF-(1,22,355)
       1887         10         87       4.7354245                   1_GWF-(1,68,218)       125.49649                   1_GWF-(1,22,355)
       1888         10         88       8.3624511                   1_GWF-(1,68,218)      -181.29252                   1_GWF-(1,22,355)
       1889         10         89       27.562736                   1_GWF-(1,68,218)       359.27763                   1_GWF-(1,22,355)
       1890         10         90      -492.52653                   1_GWF-(1,68,218)       3376.1461                   1_GWF-(1,22,355)
       1891         10         91       412.44295                   1_GWF-(1,68,218)      -250.55288                   1_GWF-(1,22,355)
       1892         10         92       20.446851                   1_GWF-(1,68,218)       95.742043                   1_GWF-(1,22,355)
       1893         10         93       9.0704074                   1_GWF-(1,68,218)       70.303653                  1_GWF-(1,105,190)
       1894         10         94       6.1732874                   1_GWF-(1,68,218)       72.936466                  1_GWF-(1,104,191)
       1895         10         95       5.4425347                   1_GWF-(1,68,218)      -79.218001                  1_GWF-(1,104,191)
       1896         10         96       5.7978077                   1_GWF-(1,68,219)       73.210621                  1_GWF-(1,121,208)
       1897         10         97       7.1145231                   1_GWF-(1,68,219)       79.236530                   1_GWF-(1,89,159)
       1898         10         98       10.701512                   1_GWF-(1,68,219)       96.503724                  1_GWF-(1,121,211)
       1899         10         99       28.138765                   1_GWF-(1,68,219)      -229.05717                   1_GWF-(1,17,355)
       1900         10        100      -233.50011                   1_GWF-(1,68,219)      -1526.8119                   1_GWF-(1,17,355)
       1901         10        101       155.85145                   1_GWF-(1,68,219)       440.19122                   1_GWF-(1,17,355)
       1902         10        102       15.638908                   1_GWF-(1,68,219)      -296.52750                   1_GWF-(1,17,355)
       1903         10        103       7.0419174                   1_GWF-(1,68,219)       218.43116                   1_GWF-(1,17,355)
       1904         10        104       4.8985150                   1_GWF-(1,68,219)      -145.54540                   1_GWF-(1,17,355)
       1905         10        105       5.0716600                   1_GWF-(1,68,219)       97.167268                   1_GWF-(1,17,355)
       1906         10        106       6.0445735                   1_GWF-(1,68,219)       80.021151                  1_GWF-(1,120,214)
       1907         10        107       8.9662973                   1_GWF-(1,68,219)       105.15201                   1_GWF-(1,89,157)
       1908         10        108       16.729201                   1_GWF-(1,68,219)      -126.93739                  1_GWF-(1,120,214)
       1909         10        109       1233.0333                   1_GWF-(1,68,219)       6539.8400                  1_GWF-(1,121,213)
       1910         10        110      -1295.9282                   1_GWF-(1,68,219)       130.09603                  1_GWF-(1,121,209)
       1911         10        111       16.388005                   1_GWF-(1,68,219)      -98.290158                  1_GWF-(1,121,209)
       1912         10        112       6.9309854                   1_GWF-(1,68,219)      -65.692413                   1_GWF-(1,25,349)
       1913         10        113       5.0649964                   1_GWF-(1,67,219)       90.734761                   1_GWF-(1,23,351)
       1914         10        114       4.2801630                   1_GWF-(1,67,219)       112.22910                   1_GWF-(1,24,350)
       1915         10        115       4.6943995                   1_GWF-(1,67,219)      -152.54088                   1_GWF-(1,24,350)
       1916         10        116       8.6267894                   1_GWF-(1,67,219)      -213.92140                   1_GWF-(1,23,351)
       1917         10        117       26.327661                   1_GWF-(1,67,219)       308.88684                   1_GWF-(1,23,351)
       1918         10        118      -413.73620                   1_GWF-(1,67,219)       1928.5641                   1_GWF-(1,25,349)
       1919         10        119       332.77753                   1_GWF-(1,67,219)       152.22661                   1_GWF-(1,19,352)
       1920         10        120       21.887758                   1_GWF-(1,67,219)      -108.75048                   1_GWF-(1,19,352)
       1921         10        121       9.3861426                   1_GWF-(1,69,217)       76.869507                   1_GWF-(1,19,352)
       1922         10        122       7.3084285                   1_GWF-(1,69,217)       63.277546                   1_GWF-(1,18,353)
       1923         10        123       5.2483409                   1_GWF-(1,69,217)       75.737077                  1_GWF-(1,120,210)
       1924         10        124       5.8051859                   1_GWF-(1,68,216)      -66.316793                  1_GWF-(1,120,210)
       1925         10        125       7.4318955                   1_GWF-(1,68,216)      -75.593860                   1_GWF-(1,84,186)
       1926         10        126       15.080076                   1_GWF-(1,67,219)       135.79233                   1_GWF-(1,79,193)
       1927         10        127       63.941480                   1_GWF-(1,67,219)      -370.94569                  1_GWF-(1,120,210)
       1928         10        128      -148.59691                   1_GWF-(1,67,219)       264.69695                   1_GWF-(1,18,354)
       1929         10        129       34.906283                   1_GWF-(1,67,219)      -120.88486                   1_GWF-(1,18,354)
       1930         10        130       9.7161841                   1_GWF-(1,67,219)      -88.328826                   1_GWF-(1,17,355)
       1931         10        131       5.6912702                   1_GWF-(1,67,219)       152.42855                   1_GWF-(1,17,355)
       1932         10        132       3.8841131                   1_GWF-(1,67,219)      -194.56509                   1_GWF-(1,17,355)
       1933         10        133       4.1194711                   1_GWF-(1,67,219)       200.91643                   1_GWF-(1,17,355)
       1934         10        134       5.5687379                   1_GWF-(1,67,219)      -156.69012                   1_GWF-(1,17,355)
       1935         10        135       8.3358185                   1_GWF-(1,67,219)       154.12279                   1_GWF-(1,17,355)
       1936         10        136       41.336651                   1_GWF-(1,67,219)       264.56591                   1_GWF-(1,19,352)
       1937         10        137      -145.20206                   1_GWF-(1,67,219)       385.22574                   1_GWF-(1,19,354)
       1938         10        138       57.181253                   1_GWF-(1,67,219)      -123.49035                   1_GWF-(1,19,354)
       1939         10        139       10.269068                   1_GWF-(1,67,219)       73.977500                   1_GWF-(1,19,354)
       1940         10        140       7.3763711                   1_GWF-(1,67,219)       69.800126                   1_GWF-(1,22,355)
       1941         10        141       6.9064591                   1_GWF-(1,67,219)      -92.909635                   1_GWF-(1,22,355)
       1942         10        142       7.4297596                   1_GWF-(1,67,219)       119.75474                   1_GWF-(1,22,355)
       1943         10        143       8.5708946                   1_GWF-(1,67,219)      -140.97212                   1_GWF-(1,22,355)
       1944         10        144       14.574442                   1_GWF-(1,67,219)       223.29873                   1_GWF-(1,22,355)
       1945         10        145       35.218163                   1_GWF-(1,67,219)      -401.35573                   1_GWF-(1,22,355)
       1946         10        146       571.88292                   1_GWF-(1,67,219)       3197.6969                   1_GWF-(1,22,355)
       1947         10        147      -715.94823                   1_GWF-(1,67,219)       300.97419                   1_GWF-(1,22,355)
       1948         10        148       42.375122                   1_GWF-(1,67,219)      -148.61624                   1_GWF-(1,17,352)
       1949         10        149       19.893714                   1_GWF-(1,67,219)       167.27844                   1_GWF-(1,17,352)
       1950         10        150       13.124346                   1_GWF-(1,67,219)      -140.26272                   1_GWF-(1,17,352)
       1951         10        151       10.011945                   1_GWF-(1,67,219)       117.27593                   1_GWF-(1,17,352)
       1952         10        152       9.6193947                   1_GWF-(1,67,219)       131.27750                   1_GWF-(1,24,350)
       1953         10        153       10.993059                   1_GWF-(1,67,219)      -151.14556                   1_GWF-(1,24,350)
       1954         10        154       14.246287                   1_GWF-(1,67,219)      -202.42961                   1_GWF-(1,23,351)
       1955         10        155       30.876527                   1_GWF-(1,67,219)       301.12696                   1_GWF-(1,23,351)
       1956         10        156       258.37380                   1_GWF-(1,67,219)       1904.9550                   1_GWF-(1,17,352)
       1957         10        157      -431.98223                   1_GWF-(1,67,219)       546.86126                   1_GWF-(1,17,352)
       1958         10        158       69.312771                   1_GWF-(1,67,219)      -144.87811                   1_GWF-(1,17,352)
       1959         10        159       23.892322                   1_GWF-(1,67,219)       87.035530                   1_GWF-(1,40,278)
       1960         10        160       12.746106                   1_GWF-(1,67,219)      -71.842114                   1_GWF-(1,89,150)
       1961         10        161       10.565097                   1_GWF-(1,67,219)       74.868199                   1_GWF-(1,22,351)
       1962         10        162       7.8604310                   1_GWF-(1,67,219)       91.520165                   1_GWF-(1,17,355)
       1963         10        163       7.7509503                   1_GWF-(1,67,219)      -143.97991                   1_GWF-(1,17,355)
       1964         10        164       8.9384120                   1_GWF-(1,67,219)       239.58083                   1_GWF-(1,17,355)
       1965         10        165       15.676143                   1_GWF-(1,67,219)      -375.55953                   1_GWF-(1,17,355)
       1966         10        166       54.421132                   1_GWF-(1,67,219)       913.03539                   1_GWF-(1,17,355)
       1967         10        167      -238.65268                   1_GWF-(1,67,219)       1023.9148                   1_GWF-(1,17,355)
       1968         10        168       111.25672                   1_GWF-(1,67,219)      -133.90090                   1_GWF-(1,17,355)
       1969         10        169       18.062514                   1_GWF-(1,67,219)      -77.754788                  1_GWF-(1,105,186)
       1970         10        170       9.9802517                   1_GWF-(1,67,219)       64.173656                  1_GWF-(1,105,186)
       1971         10        171       7.1918986                   1_GWF-(1,67,219)       60.975635                   1_GWF-(1,21,352)
       1972         10        172       6.4095695                   1_GWF-(1,67,219)       61.540659                  1_GWF-(1,107,190)
       1973         10        173       8.3485945                   1_GWF-(1,67,219)      -70.703126                   1_GWF-(1,27,347)
       1974         10        174       14.739258                   1_GWF-(1,67,219)       98.857133                   1_GWF-(1,39,279)
       1975         10        175       92.251598                   1_GWF-(1,67,219)       542.61240                   1_GWF-(1,27,347)
       1976         10        176      -171.57587                   1_GWF-(1,67,219)       230.21467                   1_GWF-(1,19,355)
       1977         10        177       33.372665                   1_GWF-(1,67,219)      -96.043523                   1_GWF-(1,19,355)
       1978         10        178       10.764810                   1_GWF-(1,67,219)      -70.120285                   1_GWF-(1,20,354)
       1979         10        179       5.9980319                   1_GWF-(1,67,219)       69.971088                   1_GWF-(1,20,354)
       1980         10        180       6.9100753                   1_GWF-(1,67,219)      -72.737153                   1_GWF-(1,20,354)
       1981         10        181       10.318779                   1_GWF-(1,67,219)      -100.38360                   1_GWF-(1,18,355)
       1982         10        182       26.546402                   1_GWF-(1,67,219)       209.70534                   1_GWF-(1,18,355)
       1983         10        183      -2023.6494                   1_GWF-(1,67,219)       8612.6921                   1_GWF-(1,18,355)
       1984         10        184       1939.2881                   1_GWF-(1,67,219)      -189.27734                   1_GWF-(1,18,355)
       1985         10        185       21.068775                   1_GWF-(1,67,219)      -84.093391                   1_GWF-(1,21,351)
       1986         10        186       7.6018263                   1_GWF-(1,67,219)      -79.225109                   1_GWF-(1,17,355)
       1987         10        187       5.2210668                   1_GWF-(1,67,219)       112.16048                   1_GWF-(1,17,355)
       1988         10        188       4.8786109                   1_GWF-(1,67,219)      -153.73705                   1_GWF-(1,17,355)
       1989         10        189       6.2101569                   1_GWF-(1,67,219)       176.89570                   1_GWF-(1,17,355)
       1990         10        190       11.534521                   1_GWF-(1,67,219)      -199.94335                   1_GWF-(1,17,355)
       1991         10        191       23.110547                   1_GWF-(1,67,219)       236.60512                   1_GWF-(1,17,355)
       1992         10        192       245.29940                   1_GWF-(1,67,219)      -1279.0228                   1_GWF-(1,17,355)
       1993         10        193      -390.70723                   1_GWF-(1,67,219)      -474.01318                   1_GWF-(1,17,355)
       1994         10        194       58.064894                   1_GWF-(1,67,219)       226.21402                   1_GWF-(1,17,355)
       1995         10        195       19.002369                   1_GWF-(1,67,219)      -191.13561                   1_GWF-(1,23,351)
       1996         10        196       12.481721                   1_GWF-(1,67,219)       124.63050                   1_GWF-(1,23,351)
       1997         10        197       11.146244                   1_GWF-(1,67,219)       79.133280                   1_GWF-(1,24,350)
       1998         10        198       9.0329923                   1_GWF-(1,67,219)       63.933215                   1_GWF-(1,20,352)
       1999         10        199       9.8683962                   1_GWF-(1,67,219)      -65.491639                   1_GWF-(1,87,153)
       2000         10        200       13.969298                   1_GWF-(1,67,219)       97.802879                  1_GWF-(1,110,185)
       2001         11          1       13.101897                   1_GWF-(1,67,220)       488.05663                   1_GWF-(1,70,213)
       2002         11          2      -6.0819751                   1_GWF-(1,68,218)      -391.97293                   1_GWF-(1,70,213)
       2003         11          3      -7.4331351                   1_GWF-(1,68,218)      -365.72706                   1_GWF-(1,68,219)
       2004         11          4      -10.824987                   1_GWF-(1,68,216)       528.03691                   1_GWF-(1,69,214)
       2005         11          5      -9.6313926                   1_GWF-(1,70,216)       343.53014                   1_GWF-(1,68,219)
       2006         11          6      -9.6235242                   1_GWF-(1,69,214)       430.07722                   1_GWF-(1,68,218)
       2007         11          7      -8.4559050                   1_GWF-(1,70,212)      -274.90615                   1_GWF-(1,69,215)
       2008         11          8      -6.2519645                   1_GWF-(1,67,219)       228.62972                   1_GWF-(1,17,355)
       2009         11          9      -5.8453311                   1_GWF-(1,67,219)       197.11401                   1_GWF-(1,69,215)
       2010         11         10      -6.3937757                   1_GWF-(1,67,220)       233.90873                   1_GWF-(1,17,355)
       2011         11         11      -8.4724266                   1_GWF-(1,67,220)      -365.49027                   1_GWF-(1,17,355)
       2012         11         12      -18.714946                   1_GWF-(1,67,219)       712.48472                   1_GWF-(1,17,355)
       2013         11         13      -155.63006                   1_GWF-(1,67,219)      -3218.4704                   1_GWF-(1,17,355)
       2014         11         14       270.10996                   1_GWF-(1,67,219)      -1281.9821                   1_GWF-(1,17,355)
       2015         11         15      -56.235498                   1_GWF-(1,67,219)       366.70510                   1_GWF-(1,17,355)
       2016         11         16      -13.347392                   1_GWF-(1,67,220)       310.48239                   1_GWF-(1,70,216)
       2017         11         17      -9.1429164                   1_GWF-(1,67,220)      -153.68613                   1_GWF-(1,99,274)
       2018         11         18      -4.1939761                   1_GWF-(1,67,220)       172.79350                   1_GWF-(1,22,355)
       2019         11         19      -3.6369041                   1_GWF-(1,68,219)      -173.33102                   1_GWF-(1,22,355)
       2020         11         20      -2.1338474                   1_GWF-(1,69,218)       125.45886                   1_GWF-(1,22,355)
       2021         11         21      -2.9210943                   1_GWF-(1,68,218)       134.52584                   1_GWF-(1,98,273)
       2022         11         22      -3.1801537                   1_GWF-(1,69,218)       136.74984                   1_GWF-(1,22,355)
       2023         11         23      -8.2160189                   1_GWF-(1,67,218)      -318.07861                   1_GWF-(1,98,273)
       2024         11         24      -58.359241                   1_GWF-(1,67,218)      -790.42812                   1_GWF-(1,70,213)
       2025         11         25       117.65344                   1_GWF-(1,67,218)      -602.98017                   1_GWF-(1,98,273)
       2026         11         26      -25.185063                   1_GWF-(1,67,218)      -177.45552                   1_GWF-(1,69,215)
       2027         11         27      -5.5998108                   1_GWF-(1,67,218)       110.54406                   1_GWF-(1,98,273)
       2028         11         28      -3.4701640                   1_GWF-(1,67,218)      -98.897480                   1_GWF-(1,69,213)
       2029         11         29      -2.4949310                   1_GWF-(1,67,218)      -77.984518                   1_GWF-(1,76,196)
       2030         11         30      -3.0109314                   1_GWF-(1,78,188)      -119.92479                   1_GWF-(1,62,229)
       2031         11         31      -4.2198155                   1_GWF-(1,78,188)      -100.17104                   1_GWF-(1,98,272)
       2032         11         32      -5.1008880                   1_GWF-(1,67,218)      -138.27167                   1_GWF-(1,18,355)
       2033         11         33      -54.879668                   1_GWF-(1,67,218)      -1057.4483                   1_GWF-(1,98,273)
       2034         11         34       103.27198                   1_GWF-(1,67,218)       364.55008                   1_GWF-(1,70,215)
       2035         11         35      -18.926040                   1_GWF-(1,67,218)      -228.39341                   1_GWF-(1,98,273)
       2036         11         36      -10.618310                   1_GWF-(1,84,186)       148.88766                   1_GWF-(1,84,186)
       2037         11         37      -6.3537027                   1_GWF-(1,84,186)       103.24115                   1_GWF-(1,98,273)
       2038         11         38      -4.6629453                   1_GWF-(1,84,186)      -69.375744                   1_GWF-(1,70,213)
       2039         11         39      -2.8945697                   1_GWF-(1,84,186)      -76.643611                   1_GWF-(1,84,186)
       2040         11         40      -3.1573286                   1_GWF-(1,82,184)      -132.00556                   1_GWF-(1,84,186)
       2041         11         41      -4.4367937                   1_GWF-(1,67,218)      -141.93673                   1_GWF-(1,99,274)
       2042         11         42      -9.5192193                   1_GWF-(1,67,218)       209.11721                   1_GWF-(1,19,355)
       2043         11         43      -45.218965                   1_GWF-(1,67,218)      -652.45257                   1_GWF-(1,76,196)
       2044         11         44       113.39090                   1_GWF-(1,67,218)       679.42714                   1_GWF-(1,17,355)
       2045         11         45      -35.360603                   1_GWF-(1,67,218)      -345.53881                   1_GWF-(1,17,355)
       2046         11         46      -7.4733346                   1_GWF-(1,67,218)       284.18801                   1_GWF-(1,17,355)
       2047         11         47      -2.8592038                   1_GWF-(1,79,196)      -204.13963                   1_GWF-(1,17,355)
       2048         11         48      -2.6141415                   1_GWF-(1,79,194)       135.33067                   1_GWF-(1,17,355)
       2049         11         49      -2.3379230                   1_GWF-(1,80,194)       63.189319                   1_GWF-(1,17,352)
       2050         11         50      -1.8621956                   1_GWF-(1,87,152)      -105.43265                   1_GWF-(1,17,352)
       2051         11         51      -4.5634740                   1_GWF-(1,87,152)       164.69416                   1_GWF-(1,17,352)
       2052         11         52      -15.481592                   1_GWF-(1,87,152)      -342.91187                   1_GWF-(1,17,352)
       2053         11         53       133.33709                   1_GWF-(1,87,152)      -1247.4359                   1_GWF-(1,17,352)
       2054         11         54      -98.040748                   1_GWF-(1,87,152)       163.92027                   1_GWF-(1,17,352)
       2055         11         55      -8.6188830                   1_GWF-(1,87,152)       83.461514                   1_GWF-(1,70,212)
       2056         11         56      -4.4887464                   1_GWF-(1,87,152)       75.650834                   1_GWF-(1,24,350)
       2057         11         57      -3.2949929                   1_GWF-(1,87,152)      -85.349091                   1_GWF-(1,24,350)
       2058         11         58      -3.2017568                   1_GWF-(1,87,152)      -97.967244                   1_GWF-(1,23,351)
       2059         11         59      -4.0339344                   1_GWF-(1,87,152)       117.89319                   1_GWF-(1,23,351)
       2060         11         60      -8.6352720                   1_GWF-(1,87,152)      -166.26715                   1_GWF-(1,23,351)
       2061         11         61       334.25783                   1_GWF-(1,87,152)      -3829.0636                   1_GWF-(1,17,352)
       2062         11         62      -309.70049                   1_GWF-(1,87,152)       143.49808                   1_GWF-(1,60,228)
       2063         11         63      -7.0389655                   1_GWF-(1,87,152)      -60.522489                   1_GWF-(1,17,352)
       2064         11         64      -3.3439532                   1_GWF-(1,87,152)      -63.413467                   1_GWF-(1,56,241)
       2065         11         65      -1.9717368                   1_GWF-(1,87,152)      -46.350697                   1_GWF-(1,61,228)
       2066         11         66       1.4453179                    1_GWF-(1,85,94)      -58.844911                   1_GWF-(1,99,273)
       2067         11         67       2.4549883                    1_GWF-(1,86,94)      -73.475163                   1_GWF-(1,76,196)
       2068         11         68       7.4811078                    1_GWF-(1,86,94)      -187.85988                   1_GWF-(1,82,184)
       2069         11         69      -421.08094                    1_GWF-(1,85,94)      -5257.6119                   1_GWF-(1,99,274)
       2070         11         70       395.46859                    1_GWF-(1,85,94)       199.32114                   1_GWF-(1,22,355)
       2071         11         71       6.9361176                    1_GWF-(1,86,94)      -145.17017                   1_GWF-(1,22,355)
       2072         11         72       3.4705951                    1_GWF-(1,85,94)       140.94320                   1_GWF-(1,22,355)
       2073         11         73       2.1876850                    1_GWF-(1,85,94)      -100.94582                   1_GWF-(1,22,355)
       2074         11         74       1.9457340                    1_GWF-(1,85,93)       77.759605                   1_GWF-(1,22,355)
       2075         11         75       2.3732980                    1_GWF-(1,85,94)      -62.920372                   1_GWF-(1,81,182)
       2076         11         76       4.5159570                    1_GWF-(1,86,94)       127.28046                   1_GWF-(1,17,355)
       2077         11         77       23.886923                    1_GWF-(1,86,94)      -627.85457                   1_GWF-(1,17,355)
       2078         11         78      -55.697246                    1_GWF-(1,86,94)      -517.75194                   1_GWF-(1,17,355)
       2079         11         79       14.567960                    1_GWF-(1,85,94)       250.73026                   1_GWF-(1,17,355)
       2080         11         80       3.5723790                    1_GWF-(1,85,93)      -132.83494                   1_GWF-(1,17,355)
       2081         11         81       1.8163900                    1_GWF-(1,85,93)       79.526689                   1_GWF-(1,17,355)
       2082         11         82       1.9633831                    1_GWF-(1,85,94)      -56.086074                   1_GWF-(1,17,355)
       2083         11         83       2.2939451                    1_GWF-(1,86,94)      -46.965651                  1_GWF-(1,107,188)
       2084         11         84       3.3345129                    1_GWF-(1,85,94)       76.388284                   1_GWF-(1,69,213)
       2085         11         85       7.1564849                    1_GWF-(1,85,94)      -110.40409                   1_GWF-(1,99,273)
       2086         11         86       25.912733                    1_GWF-(1,85,93)      -289.01147                   1_GWF-(1,69,213)
       2087         11         87      -113.41155                    1_GWF-(1,85,94)      -552.42840                   1_GWF-(1,74,207)
       2088         11         88       56.529594                    1_GWF-(1,85,94)      -133.11210                   1_GWF-(1,69,213)
       2089         11         89       9.8190758                    1_GWF-(1,86,94)      -79.428443                  1_GWF-(1,100,270)
       2090         11         90       4.0200929                    1_GWF-(1,86,94)      -47.696909                   1_GWF-(1,98,272)
       2091         11         91       3.3619579                    1_GWF-(1,85,94)       68.644805                  1_GWF-(1,100,270)
       2092         11         92       4.0279620                    1_GWF-(1,85,93)      -53.965160                  1_GWF-(1,108,189)
       2093         11         93       3.6451770                    1_GWF-(1,85,94)      -62.460165                  1_GWF-(1,100,270)
       2094         11         94       4.9217707                    1_GWF-(1,86,94)       75.377449                   1_GWF-(1,25,349)
       2095         11         95       10.565842                    1_GWF-(1,85,93)       148.16047                   1_GWF-(1,24,350)
       2096         11         96       68.786121                    1_GWF-(1,85,94)       869.30319                   1_GWF-(1,23,351)
       2097         11         97      -155.15204                    1_GWF-(1,85,94)       658.73285                   1_GWF-(1,23,351)
       2098         11         98       47.195468                    1_GWF-(1,85,93)      -194.62224                   1_GWF-(1,23,351)
       2099         11         99       10.501754                    1_GWF-(1,86,94)       87.424891                   1_GWF-(1,61,233)
       2100         11        100       5.7812666                    1_GWF-(1,85,94)      -49.620548                   1_GWF-(1,28,347)
       2101         11        101       3.3127777                    1_GWF-(1,85,93)       54.317193                   1_GWF-(1,28,347)
       2102         11        102       3.5014195                    1_GWF-(1,85,94)       46.748671                   1_GWF-(1,18,355)
       2103         11        103       3.3242896                    1_GWF-(1,85,94)      -59.293704                   1_GWF-(1,18,355)
       2104         11        104       5.2794031                    1_GWF-(1,86,94)       77.016378                   1_GWF-(1,17,355)
       2105         11        105       19.622017                    1_GWF-(1,85,94)      -411.90477                   1_GWF-(1,17,355)
       2106         11        106      -103.34320                    1_GWF-(1,86,94)      -1284.2604                   1_GWF-(1,17,355)
       2107         11        107       55.766222                    1_GWF-(1,86,94)       365.61670                   1_GWF-(1,17,355)
       2108         11        108       8.8363545                    1_GWF-(1,86,94)      -158.59749                   1_GWF-(1,17,355)
       2109         11        109       4.0258593                    1_GWF-(1,85,94)       65.208719                   1_GWF-(1,17,355)
       2110         11        110       2.2790157                    1_GWF-(1,86,94)       40.901872                   1_GWF-(1,75,201)
       2111         11        111       2.7696894                    1_GWF-(1,86,94)      -45.108132                   1_GWF-(1,74,207)
       2112         11        112       3.2676697                    1_GWF-(1,85,94)      -55.665048                   1_GWF-(1,75,201)
       2113         11        113       6.7915458                    1_GWF-(1,85,93)       85.703871                   1_GWF-(1,87,161)
       2114         11        114       23.892959                    1_GWF-(1,85,94)      -177.11324                  1_GWF-(1,124,189)
       2115         11        115      -91.050413                    1_GWF-(1,85,94)      -322.49257                   1_GWF-(1,87,160)
       2116         11        116       42.403986                    1_GWF-(1,86,94)       94.744897                   1_GWF-(1,57,239)
       2117         11        117       5.7066809                    1_GWF-(1,86,94)       46.224914                   1_GWF-(1,22,355)
       2118         11        118       3.7347250                    1_GWF-(1,85,94)      -72.329693                   1_GWF-(1,22,355)
       2119         11        119       2.4528407                    1_GWF-(1,85,93)       75.827547                   1_GWF-(1,22,355)
       2120         11        120       2.4472398                    1_GWF-(1,85,94)      -103.29766                   1_GWF-(1,22,355)
       2121         11        121       4.2928285                    1_GWF-(1,85,94)       144.52102                   1_GWF-(1,22,355)
       2122         11        122       13.794700                    1_GWF-(1,86,94)      -204.03172                   1_GWF-(1,22,355)
       2123         11        123      -284.18844                    1_GWF-(1,85,94)      -1327.5517                   1_GWF-(1,22,355)
       2124         11        124       241.31431                    1_GWF-(1,85,94)       102.53307                  1_GWF-(1,100,268)
       2125         11        125       9.9612826                    1_GWF-(1,85,93)      -60.134096                   1_GWF-(1,21,355)
       2126         11        126       3.8323960                    1_GWF-(1,85,93)       43.453558                   1_GWF-(1,21,355)
       2127         11        127       2.8482664                    1_GWF-(1,85,94)      -38.244459                   1_GWF-(1,58,238)
       2128         11        128       3.1571733                    1_GWF-(1,86,94)      -52.617000                   1_GWF-(1,28,347)
       2129         11        129       4.8679429                    1_GWF-(1,85,94)      -60.541668                   1_GWF-(1,24,350)
       2130         11        130       6.3463780                    1_GWF-(1,85,93)       93.380167                   1_GWF-(1,24,350)
       2131         11        131       15.240021                    1_GWF-(1,85,93)       191.78945                   1_GWF-(1,23,351)
       2132         11        132       201.01094                    1_GWF-(1,85,94)      -1357.8505                   1_GWF-(1,23,351)
       2133         11        133      -277.72496                    1_GWF-(1,85,94)       230.18486                   1_GWF-(1,17,355)
       2134         11        134       25.003727                    1_GWF-(1,85,94)      -132.55497                   1_GWF-(1,17,355)
       2135         11        135       11.228008                    1_GWF-(1,86,94)       110.68957                   1_GWF-(1,17,355)
       2136         11        136      -7.1757614                   1_GWF-(1,98,242)      -105.97860                   1_GWF-(1,17,355)
       2137         11        137      -5.9674462                   1_GWF-(1,98,242)       135.02355                   1_GWF-(1,17,355)
       2138         11        138      -5.4827334                   1_GWF-(1,98,242)      -126.81939                   1_GWF-(1,17,355)
       2139         11        139      -5.8976393                   1_GWF-(1,98,242)       111.22110                   1_GWF-(1,17,355)
       2140         11        140      -7.3501392                   1_GWF-(1,98,242)      -107.26591                   1_GWF-(1,17,355)
       2141         11        141      -19.627387                   1_GWF-(1,98,242)      -201.67533                   1_GWF-(1,17,352)
       2142         11        142      -288.17914                   1_GWF-(1,98,242)       1386.2865                   1_GWF-(1,17,352)
       2143         11        143       383.36074                   1_GWF-(1,98,242)       230.69880                   1_GWF-(1,17,352)
       2144         11        144      -33.631092                   1_GWF-(1,98,242)      -86.223789                   1_GWF-(1,17,352)
       2145         11        145      -12.862345                   1_GWF-(1,98,242)      -64.740664                   1_GWF-(1,28,347)
       2146         11        146      -6.7979145                   1_GWF-(1,98,242)      -53.340328                   1_GWF-(1,21,355)
       2147         11        147      -6.6207935                   1_GWF-(1,98,242)       52.651660                   1_GWF-(1,21,355)
       2148         11        148      -7.4737226                   1_GWF-(1,98,242)      -57.926328                   1_GWF-(1,21,352)
       2149         11        149      -10.285161                   1_GWF-(1,98,242)       72.430687                   1_GWF-(1,21,352)
       2150         11        150      -17.614588                   1_GWF-(1,98,242)      -95.641956                  1_GWF-(1,124,186)
       2151         11        151      -57.313201                   1_GWF-(1,98,242)      -191.73450                  1_GWF-(1,124,186)
       2152         11        152       374.88610                   1_GWF-(1,98,242)       614.37772                  1_GWF-(1,105,188)
       2153         11        153      -236.07845                   1_GWF-(1,98,242)       119.76397                  1_GWF-(1,120,206)
       2154         11        154      -24.962527                   1_GWF-(1,98,242)      -75.071855                  1_GWF-(1,124,186)
       2155         11        155      -14.724076                   1_GWF-(1,98,242)      -65.381208                  1_GWF-(1,124,186)
       2156         11        156      -10.543319                   1_GWF-(1,98,242)      -57.781571                  1_GWF-(1,120,217)
       2157         11        157      -8.3104557                   1_GWF-(1,98,242)      -62.108361                   1_GWF-(1,20,355)
       2158         11        158      -7.4247579                   1_GWF-(1,98,242)       76.172508                   1_GWF-(1,20,355)
       2159         11        159      -9.8713700                   1_GWF-(1,98,242)      -84.248643                   1_GWF-(1,20,355)
       2160         11        160       17.648217                    1_GWF-(1,85,93)       131.77129                   1_GWF-(1,17,355)
       2161         11        161       84.272445                    1_GWF-(1,86,94)      -701.27298                   1_GWF-(1,17,355)
       2162         11        162      -278.76086                    1_GWF-(1,85,94)      -1203.6282                   1_GWF-(1,17,355)
       2163         11        163       108.66735                    1_GWF-(1,85,94)       365.76304                   1_GWF-(1,17,355)
       2164         11        164       22.843291                    1_GWF-(1,85,94)      -169.90668                   1_GWF-(1,17,355)
       2165         11        165       12.942565                    1_GWF-(1,85,93)       96.200929                   1_GWF-(1,17,355)
       2166         11        166       9.8854423                    1_GWF-(1,85,94)      -67.348539                   1_GWF-(1,17,355)
       2167         11        167       7.3210242                    1_GWF-(1,86,94)       53.396822                   1_GWF-(1,17,355)
       2168         11        168       7.3284283                    1_GWF-(1,86,94)       83.464962                   1_GWF-(1,24,350)
       2169         11        169       9.0639825                    1_GWF-(1,85,94)      -130.89497                   1_GWF-(1,24,350)
       2170         11        170       29.748021                    1_GWF-(1,85,93)      -277.39868                   1_GWF-(1,23,351)
       2171         11        171       824.63494                    1_GWF-(1,85,93)      -3324.2117                   1_GWF-(1,24,350)
       2172         11        172      -936.38854                    1_GWF-(1,85,93)       143.64224                   1_GWF-(1,25,349)
       2173         11        173       38.861059                    1_GWF-(1,85,94)      -71.263022                   1_GWF-(1,88,157)
       2174         11        174       15.248624                    1_GWF-(1,86,94)       69.216645                   1_GWF-(1,39,279)
       2175         11        175       11.005460                    1_GWF-(1,85,94)      -52.129590                   1_GWF-(1,21,353)
       2176         11        176       9.9480867                    1_GWF-(1,85,93)       64.836533                   1_GWF-(1,21,353)
       2177         11        177       11.327724                    1_GWF-(1,85,93)       100.21632                   1_GWF-(1,22,355)
       2178         11        178       31.408458                    1_GWF-(1,85,94)      -350.47047                   1_GWF-(1,22,355)
       2179         11        179      -339.70552                    1_GWF-(1,86,94)      -1515.4749                   1_GWF-(1,22,355)
       2180         11        180       242.36796                    1_GWF-(1,86,94)       227.51097                   1_GWF-(1,22,355)
       2181         11        181       21.019200                    1_GWF-(1,86,94)      -102.24942                   1_GWF-(1,22,355)
       2182         11        182       8.8017367                    1_GWF-(1,85,94)       72.749614                   1_GWF-(1,22,355)
       2183         11        183       6.8179422                    1_GWF-(1,85,93)      -72.121071                   1_GWF-(1,22,355)
       2184         11        184       7.5264041                    1_GWF-(1,85,94)       65.031168                   1_GWF-(1,22,355)
       2185         11        185       7.8750179                    1_GWF-(1,86,94)      -76.256780                   1_GWF-(1,17,352)
       2186         11        186       14.326715                    1_GWF-(1,86,94)       103.91857                   1_GWF-(1,17,352)
       2187         11        187       37.004635                    1_GWF-(1,85,94)       127.93892                   1_GWF-(1,76,203)
       2188         11        188       1944.2668                    1_GWF-(1,85,93)       4163.0677                   1_GWF-(1,86,160)
       2189         11        189      -2090.4616                    1_GWF-(1,85,93)       150.34348                   1_GWF-(1,86,160)
       2190         11        190       46.292576                    1_GWF-(1,85,94)       104.59365                   1_GWF-(1,39,279)
       2191         11        191       17.140939                    1_GWF-(1,85,94)       51.545669                  1_GWF-(1,104,190)
       2192         11        192       9.6552555                    1_GWF-(1,86,94)       47.062830                   1_GWF-(1,73,209)
       2193         11        193       7.7681179                    1_GWF-(1,85,94)       46.644090                   1_GWF-(1,88,158)
       2194         11        194       8.3843689                    1_GWF-(1,85,93)      -85.945684                   1_GWF-(1,17,355)
       2195         11        195       14.183868                    1_GWF-(1,85,93)       183.18609                   1_GWF-(1,17,355)
       2196         11        196       23.627618                    1_GWF-(1,85,94)      -348.91767                   1_GWF-(1,17,355)
       2197         11        197       61.467789                    1_GWF-(1,86,94)       635.83332                   1_GWF-(1,17,355)
       2198         11        198      -613.36151                    1_GWF-(1,86,94)       1810.8172                   1_GWF-(1,17,355)
       2199         11        199       430.21559                    1_GWF-(1,86,94)      -202.17980                   1_GWF-(1,17,355)
       2200         11        200       39.158369                    1_GWF-(1,85,94)       95.635018                   1_GWF-(1,17,355)
       2201         12          1      -1.7909950                  1_GWF-(1,118,186)       157.25332                  1_GWF-(1,102,248)
       2202         12          2      -1.8233220                  1_GWF-(1,118,186)      -155.92589                  1_GWF-(1,118,186)
       2203         12          3      -1.6434959                  1_GWF-(1,117,186)      -113.19954                   1_GWF-(1,17,355)
       2204         12          4     -0.88381317                  1_GWF-(1,117,186)       81.149504                   1_GWF-(1,17,355)
       2205         12          5     -0.92617985                  1_GWF-(1,119,186)      -81.115672                   1_GWF-(1,17,355)
       2206         12          6      -1.6121714                  1_GWF-(1,101,248)      -55.776796                  1_GWF-(1,119,186)
       2207         12          7      -1.2773907                  1_GWF-(1,101,248)      -53.333401                  1_GWF-(1,118,186)
       2208         12          8      -1.3221822                  1_GWF-(1,101,248)       40.186515                  1_GWF-(1,119,186)
       2209         12          9      -1.2644696                  1_GWF-(1,102,248)      -54.711381                  1_GWF-(1,101,248)
       2210         12         10      -2.2575382                  1_GWF-(1,102,248)      -89.469946                   1_GWF-(1,23,351)
       2211         12         11      -3.4226359                  1_GWF-(1,102,248)       114.05111                   1_GWF-(1,23,351)
       2212         12         12      -10.488889                  1_GWF-(1,102,248)       199.80834                   1_GWF-(1,24,350)
       2213         12         13       73.999175                  1_GWF-(1,102,248)       678.23793                  1_GWF-(1,118,187)
       2214         12         14      -45.902274                  1_GWF-(1,102,248)       95.057835                  1_GWF-(1,118,187)
       2215         12         15      -5.5859147                  1_GWF-(1,102,248)       64.431542                  1_GWF-(1,100,248)
       2216         12         16      -2.6323766                  1_GWF-(1,102,248)      -62.194499                  1_GWF-(1,118,187)
       2217         12         17      -2.1105819                  1_GWF-(1,102,248)      -64.007228                   1_GWF-(1,17,352)
       2218         12         18      -1.8896629                  1_GWF-(1,138,187)       66.595624                   1_GWF-(1,17,352)
       2219         12         19      -2.2911715                  1_GWF-(1,138,187)      -68.610320                   1_GWF-(1,17,352)
       2220         12         20      -2.3591744                  1_GWF-(1,138,186)      -71.334800                   1_GWF-(1,99,246)
       2221         12         21       4.5210730                    1_GWF-(1,85,93)      -104.60632                   1_GWF-(1,17,352)
       2222         12         22       9.3876911                    1_GWF-(1,85,94)       144.65518                   1_GWF-(1,17,352)
       2223         12         23       65.442234                    1_GWF-(1,85,93)      -616.26495                   1_GWF-(1,17,352)
       2224         12         24      -116.89020                    1_GWF-(1,85,93)      -265.43417                   1_GWF-(1,22,355)
       2225         12         25       20.899782                    1_GWF-(1,85,93)       143.88110                   1_GWF-(1,22,355)
       2226         12         26       6.7100464                    1_GWF-(1,85,94)      -92.383255                   1_GWF-(1,22,355)
       2227         12         27       3.5170747                    1_GWF-(1,85,93)       75.751848                   1_GWF-(1,22,355)
       2228         12         28       2.3072311                    1_GWF-(1,85,93)      -52.372700                   1_GWF-(1,22,355)
       2229         12         29       2.0427267                    1_GWF-(1,85,94)       62.815592                   1_GWF-(1,22,355)
       2230         12         30       3.1314542                    1_GWF-(1,85,93)      -85.212708                   1_GWF-(1,22,355)
       2231         12         31       5.2362572                    1_GWF-(1,85,94)       87.073055                   1_GWF-(1,22,355)
       2232         12         32       12.908754                    1_GWF-(1,85,94)      -131.84775                   1_GWF-(1,19,351)
       2233         12         33       196.15621                    1_GWF-(1,85,93)      -1114.9045                  1_GWF-(1,120,185)
       2234         12         34      -247.65164                    1_GWF-(1,85,93)       127.55564                   1_GWF-(1,17,355)
       2235         12         35       15.419240                    1_GWF-(1,85,94)      -121.42236                   1_GWF-(1,17,355)
       2236         12         36       5.8937325                    1_GWF-(1,86,94)       142.68869                   1_GWF-(1,17,355)
       2237         12         37       3.7592514                    1_GWF-(1,86,94)      -146.33293                   1_GWF-(1,17,355)
       2238         12         38       2.9468725                    1_GWF-(1,85,94)       102.84378                   1_GWF-(1,17,355)
       2239         12         39       2.6322957                    1_GWF-(1,85,93)      -71.412632                   1_GWF-(1,17,355)
       2240         12         40       3.4873359                    1_GWF-(1,86,94)       71.100645                   1_GWF-(1,17,355)
       2241         12         41       5.5128863                    1_GWF-(1,85,94)      -59.446121                  1_GWF-(1,120,185)
       2242         12         42       12.235172                    1_GWF-(1,85,93)       127.24306                  1_GWF-(1,119,188)
       2243         12         43       166.42790                    1_GWF-(1,85,93)       991.28428                   1_GWF-(1,18,355)
       2244         12         44      -226.68535                    1_GWF-(1,85,93)       199.42043                   1_GWF-(1,21,353)
       2245         12         45       21.714845                    1_GWF-(1,85,94)       79.868298                   1_GWF-(1,20,354)
       2246         12         46       6.9071147                    1_GWF-(1,86,94)       61.947178                  1_GWF-(1,119,188)
       2247         12         47       4.0490505                    1_GWF-(1,85,94)      -42.555878                   1_GWF-(1,19,355)
       2248         12         48       2.9091687                    1_GWF-(1,85,93)       43.286206                  1_GWF-(1,106,188)
       2249         12         49       3.5826983                    1_GWF-(1,85,93)      -48.240746                  1_GWF-(1,119,188)
       2250         12         50       7.0936345                    1_GWF-(1,85,94)      -70.456681                  1_GWF-(1,105,189)
       2251         12         51       16.414412                    1_GWF-(1,86,94)       123.98291                  1_GWF-(1,105,189)
       2252         12         52       570.35012                    1_GWF-(1,85,94)       2381.6621                   1_GWF-(1,23,351)
       2253         12         53      -642.53942                    1_GWF-(1,85,94)       246.70588                   1_GWF-(1,23,351)
       2254         12         54       25.944462                    1_GWF-(1,85,93)       159.04255                   1_GWF-(1,24,350)
       2255         12         55       9.0779002                    1_GWF-(1,85,93)      -110.49295                   1_GWF-(1,24,350)
       2256         12         56       6.5689769                    1_GWF-(1,85,94)       83.942329                   1_GWF-(1,24,350)
       2257         12         57       7.5708580                    1_GWF-(1,86,94)      -59.311323                   1_GWF-(1,88,161)
       2258         12         58       9.1208491                    1_GWF-(1,85,93)       95.553719                   1_GWF-(1,98,246)
       2259         12         59       14.509711                    1_GWF-(1,85,94)       121.21890                   1_GWF-(1,98,246)
       2260         12         60       48.946082                    1_GWF-(1,86,94)       268.72318                  1_GWF-(1,104,191)
       2261         12         61      -194.17237                    1_GWF-(1,86,94)       381.44844                  1_GWF-(1,104,191)
       2262         12         62       91.823029                    1_GWF-(1,86,94)       159.42364                   1_GWF-(1,98,246)
       2263         12         63       14.174338                    1_GWF-(1,85,94)       85.920248                   1_GWF-(1,98,246)
       2264         12         64       7.2118452                    1_GWF-(1,85,93)      -57.014951                  1_GWF-(1,107,189)
       2265         12         65       6.6363508                    1_GWF-(1,85,94)      -78.927560                   1_GWF-(1,17,355)
       2266         12         66       7.1164422                    1_GWF-(1,86,94)       149.25816                   1_GWF-(1,17,355)
       2267         12         67       9.3641281                    1_GWF-(1,86,94)      -230.83017                   1_GWF-(1,17,355)
       2268         12         68       17.723148                    1_GWF-(1,85,94)       365.31866                   1_GWF-(1,17,355)
       2269         12         69       96.856070                    1_GWF-(1,86,94)      -876.73450                   1_GWF-(1,17,355)
       2270         12         70      -209.32786                    1_GWF-(1,86,94)      -314.53571                   1_GWF-(1,98,246)
       2271         12         71       50.392197                    1_GWF-(1,86,94)       113.77982                   1_GWF-(1,99,245)
       2272         12         72       16.238979                    1_GWF-(1,85,94)      -69.878895                  1_GWF-(1,118,209)
       2273         12         73       7.6029726                    1_GWF-(1,86,94)       69.010699                   1_GWF-(1,98,246)
       2274         12         74       7.5238555                    1_GWF-(1,85,94)       67.780700                  1_GWF-(1,104,189)
       2275         12         75       7.7246807                    1_GWF-(1,85,94)      -60.315550                  1_GWF-(1,104,189)
       2276         12         76       9.3848700                    1_GWF-(1,86,94)       80.254513                   1_GWF-(1,98,245)
       2277         12         77       16.174803                    1_GWF-(1,85,94)      -118.95298                   1_GWF-(1,99,245)
       2278         12         78       111.05502                    1_GWF-(1,86,94)      -573.44711                  1_GWF-(1,118,210)
       2279         12         79      -219.85287                    1_GWF-(1,86,94)       229.42800                  1_GWF-(1,109,190)
       2280         12         80       48.422879                    1_GWF-(1,85,94)       100.47138                   1_GWF-(1,98,245)
       2281         12         81       12.102997                    1_GWF-(1,85,94)       68.354806                   1_GWF-(1,21,354)
       2282         12         82       7.1721641                    1_GWF-(1,86,94)      -56.334482                   1_GWF-(1,21,354)
       2283         12         83       6.2052416                    1_GWF-(1,85,94)      -53.344131                   1_GWF-(1,20,355)
       2284         12         84       5.9129438                    1_GWF-(1,86,94)       56.264742                   1_GWF-(1,22,353)
       2285         12         85       7.8721554                    1_GWF-(1,85,94)       62.035253                  1_GWF-(1,101,253)
       2286         12         86       16.809226                    1_GWF-(1,85,94)      -129.94938                   1_GWF-(1,22,355)
       2287         12         87       48.563739                    1_GWF-(1,86,94)       324.27887                   1_GWF-(1,22,355)
       2288         12         88      -402.92081                    1_GWF-(1,86,94)       1259.6988                   1_GWF-(1,22,355)
       2289         12         89       265.04190                    1_GWF-(1,85,94)      -217.85861                   1_GWF-(1,24,350)
       2290         12         90       30.817406                    1_GWF-(1,85,94)       122.01295                   1_GWF-(1,24,350)
       2291         12         91       13.260406                    1_GWF-(1,86,94)      -78.245293                   1_GWF-(1,24,350)
       2292         12         92       10.081905                    1_GWF-(1,85,94)      -78.555267                  1_GWF-(1,102,267)
       2293         12         93       7.8739033                    1_GWF-(1,86,94)       93.810405                   1_GWF-(1,22,355)
       2294         12         94       7.6057670                    1_GWF-(1,86,94)      -111.36555                   1_GWF-(1,22,355)
       2295         12         95       9.5802710                    1_GWF-(1,85,94)       109.46947                   1_GWF-(1,22,355)
       2296         12         96       17.913563                    1_GWF-(1,86,94)       157.00465                   1_GWF-(1,17,355)
       2297         12         97       54.813019                    1_GWF-(1,86,94)      -440.34221                   1_GWF-(1,17,355)
       2298         12         98      -325.39616                    1_GWF-(1,85,94)      -1621.2495                   1_GWF-(1,17,355)
       2299         12         99       192.38541                    1_GWF-(1,85,94)       335.17817                   1_GWF-(1,17,355)
       2300         12        100       23.434680                    1_GWF-(1,86,94)      -166.97242                   1_GWF-(1,17,355)
       2301         12        101       10.016082                    1_GWF-(1,86,94)      -74.483591                   1_GWF-(1,98,244)
       2302         12        102       7.8347990                    1_GWF-(1,85,94)      -59.115594                   1_GWF-(1,98,244)
       2303         12        103       6.3106400                    1_GWF-(1,85,93)       41.655310                  1_GWF-(1,109,177)
       2304         12        104       8.1697392                    1_GWF-(1,85,94)       57.462088                   1_GWF-(1,22,354)
       2305         12        105       15.230177                    1_GWF-(1,85,94)       107.55253                   1_GWF-(1,98,244)
       2306         12        106       46.712963                    1_GWF-(1,86,94)      -192.01118                   1_GWF-(1,21,355)
       2307         12        107      -325.90617                    1_GWF-(1,85,94)       523.42986                  1_GWF-(1,124,191)
       2308         12        108       198.53428                    1_GWF-(1,85,94)       124.87661                  1_GWF-(1,106,190)
       2309         12        109       29.386044                    1_GWF-(1,85,93)       80.085554                   1_GWF-(1,98,244)
       2310         12        110       13.226016                    1_GWF-(1,86,94)      -62.569078                   1_GWF-(1,27,348)
       2311         12        111       8.4814720                    1_GWF-(1,85,94)       49.002825                   1_GWF-(1,19,355)
       2312         12        112       7.6161122                    1_GWF-(1,86,94)      -52.663324                  1_GWF-(1,124,191)
       2313         12        113       10.542847                    1_GWF-(1,85,94)       70.193394                   1_GWF-(1,22,351)
       2314         12        114       20.260126                    1_GWF-(1,86,94)      -95.884214                   1_GWF-(1,22,351)
       2315         12        115       81.049339                    1_GWF-(1,86,94)       239.50757                  1_GWF-(1,102,267)
       2316         12        116      -327.01991                    1_GWF-(1,86,94)       409.80627                   1_GWF-(1,20,355)
       2317         12        117       167.99024                    1_GWF-(1,85,94)      -117.03648                   1_GWF-(1,20,355)
       2318         12        118       21.325089                    1_GWF-(1,85,93)      -68.506862                   1_GWF-(1,22,354)
       2319         12        119       11.263492                    1_GWF-(1,85,94)       57.654673                   1_GWF-(1,22,354)
       2320         12        120       7.4103122                    1_GWF-(1,86,94)       50.517962                   1_GWF-(1,17,355)
       2321         12        121       7.4708593                    1_GWF-(1,86,94)      -129.38630                   1_GWF-(1,17,355)
       2322         12        122       10.439083                    1_GWF-(1,85,94)       200.49052                   1_GWF-(1,17,355)
       2323         12        123       12.590426                    1_GWF-(1,85,93)      -276.40060                   1_GWF-(1,17,355)
       2324         12        124       28.694681                    1_GWF-(1,85,93)       361.27365                   1_GWF-(1,17,355)
       2325         12        125       296.85535                    1_GWF-(1,85,94)      -1219.4655                   1_GWF-(1,17,355)
       2326         12        126      -434.79716                    1_GWF-(1,85,94)      -197.49198                  1_GWF-(1,103,265)
       2327         12        127       49.031267                    1_GWF-(1,86,94)      -85.317824                   1_GWF-(1,19,354)
       2328         12        128       14.917093                    1_GWF-(1,86,94)       83.568815                   1_GWF-(1,17,352)
       2329         12        129       8.6513081                    1_GWF-(1,85,94)      -88.762552                   1_GWF-(1,17,352)
       2330         12        130       7.3164503                    1_GWF-(1,85,93)       80.477639                   1_GWF-(1,17,352)
       2331         12        131       7.8195411                    1_GWF-(1,85,94)      -83.468671                   1_GWF-(1,23,351)
       2332         12        132       12.152225                    1_GWF-(1,86,94)       140.00242                   1_GWF-(1,23,351)
       2333         12        133       22.176797                    1_GWF-(1,85,93)      -168.77987                   1_GWF-(1,23,351)
       2334         12        134       89.873435                    1_GWF-(1,85,94)      -422.09623                   1_GWF-(1,24,350)
       2335         12        135      -293.78159                    1_GWF-(1,85,94)      -536.81197                   1_GWF-(1,17,352)
       2336         12        136       106.53110                    1_GWF-(1,85,94)       245.85275                   1_GWF-(1,17,352)
       2337         12        137       24.341109                    1_GWF-(1,86,94)      -141.97130                   1_GWF-(1,17,352)
       2338         12        138       11.487738                    1_GWF-(1,85,94)       75.417227                   1_GWF-(1,17,352)
       2339         12        139       9.7183239                    1_GWF-(1,85,93)      -56.855033                   1_GWF-(1,77,199)
       2340         12        140       12.205100                    1_GWF-(1,85,93)      -54.266275                  1_GWF-(1,103,265)
       2341         12        141       16.440037                    1_GWF-(1,85,94)      -82.748013                   1_GWF-(1,22,354)
       2342         12        142       23.594540                    1_GWF-(1,86,94)       121.89160                   1_GWF-(1,22,354)
       2343         12        143       60.847768                    1_GWF-(1,85,94)      -213.28271                  1_GWF-(1,104,188)
       2344         12        144      -1182.3615                    1_GWF-(1,85,94)       2160.1062                  1_GWF-(1,103,265)
       2345         12        145       977.51197                    1_GWF-(1,85,94)      -141.69890                   1_GWF-(1,75,204)
       2346         12        146       46.606323                    1_GWF-(1,85,93)       88.583970                  1_GWF-(1,104,188)
       2347         12        147       21.815647                    1_GWF-(1,85,94)      -94.897083                  1_GWF-(1,104,188)
       2348         12        148       17.367413                    1_GWF-(1,86,94)      -106.49274                   1_GWF-(1,22,355)
       2349         12        149       20.241476                    1_GWF-(1,86,94)       137.31414                   1_GWF-(1,22,355)
       2350         12        150       19.432868                    1_GWF-(1,85,94)      -155.90192                   1_GWF-(1,22,355)
       2351         12        151       21.623242                    1_GWF-(1,85,93)       170.28867                   1_GWF-(1,22,355)
       2352         12        152       27.811272                    1_GWF-(1,85,94)       192.48139                   1_GWF-(1,17,355)
       2353         12        153       71.776405                    1_GWF-(1,85,94)      -425.80198                   1_GWF-(1,17,355)
       2354         12        154      -3626.3015                    1_GWF-(1,86,94)      -13860.256                   1_GWF-(1,17,355)
       2355         12        155       3373.7775                    1_GWF-(1,86,94)       583.40276                   1_GWF-(1,17,355)
       2356         12        156       60.109816                    1_GWF-(1,85,94)      -289.16587                   1_GWF-(1,17,355)
       2357         12        157       24.174160                    1_GWF-(1,85,94)       149.98641                   1_GWF-(1,17,355)
       2358         12        158       15.789046                    1_GWF-(1,85,93)      -73.887606                   1_GWF-(1,17,355)
       2359         12        159       12.814208                    1_GWF-(1,85,94)      -65.942095                  1_GWF-(1,100,273)
       2360         12        160       14.503709                    1_GWF-(1,86,94)       95.427332                   1_GWF-(1,20,354)
       2361         12        161       22.443388                    1_GWF-(1,85,93)      -131.34452                   1_GWF-(1,20,354)
       2362         12        162       38.269992                    1_GWF-(1,85,94)       191.65721                   1_GWF-(1,20,354)
       2363         12        163       116.83339                    1_GWF-(1,86,94)       393.92860                   1_GWF-(1,21,353)
       2364         12        164      -870.40319                    1_GWF-(1,85,94)       1110.9075                   1_GWF-(1,17,352)
       2365         12        165       558.23190                    1_GWF-(1,85,94)      -175.79930                   1_GWF-(1,18,355)
       2366         12        166       58.410541                    1_GWF-(1,85,94)       108.72794                   1_GWF-(1,18,355)
       2367         12        167       26.833552                    1_GWF-(1,85,93)      -83.808701                   1_GWF-(1,18,355)
       2368         12        168       23.243712                    1_GWF-(1,85,94)      -85.729621                   1_GWF-(1,24,350)
       2369         12        169       19.732168                    1_GWF-(1,86,94)       125.24666                   1_GWF-(1,24,350)
       2370         12        170       19.679101                    1_GWF-(1,86,94)      -156.19014                   1_GWF-(1,24,350)
       2371         12        171       22.061813                    1_GWF-(1,85,94)       166.08324                   1_GWF-(1,24,350)
       2372         12        172       37.162394                    1_GWF-(1,85,93)       269.25380                   1_GWF-(1,23,351)
       2373         12        173       237.13028                    1_GWF-(1,85,94)      -653.19399                   1_GWF-(1,23,351)
       2374         12        174      -608.81893                    1_GWF-(1,85,94)       420.02992                   1_GWF-(1,22,352)
       2375         12        175       203.49718                    1_GWF-(1,85,94)      -159.93129                  1_GWF-(1,106,186)
       2376         12        176       49.928522                    1_GWF-(1,86,94)       106.36930                  1_GWF-(1,106,186)
       2377         12        177       28.420120                    1_GWF-(1,85,94)      -78.344802                   1_GWF-(1,20,352)
       2378         12        178       22.026684                    1_GWF-(1,85,93)       80.581477                   1_GWF-(1,20,352)
       2379         12        179       29.254888                    1_GWF-(1,85,94)      -128.91355                   1_GWF-(1,20,351)
       2380         12        180       74.750431                    1_GWF-(1,85,94)       247.99703                   1_GWF-(1,20,351)
       2381         12        181      -12656.982                    1_GWF-(1,86,94)       27215.090                   1_GWF-(1,17,355)
       2382         12        182       12384.578                    1_GWF-(1,86,94)      -493.84472                   1_GWF-(1,17,355)
       2383         12        183       81.757631                    1_GWF-(1,85,94)       394.65499                   1_GWF-(1,17,355)
       2384         12        184       30.327318                    1_GWF-(1,85,93)      -282.77403                   1_GWF-(1,17,355)
       2385         12        185       21.794354                    1_GWF-(1,85,93)       189.08358                   1_GWF-(1,17,355)
       2386         12        186       23.978813                    1_GWF-(1,85,94)      -113.27127                   1_GWF-(1,19,352)
       2387         12        187       27.489788                    1_GWF-(1,85,93)      -175.36416                   1_GWF-(1,18,353)
       2388         12        188       42.620168                    1_GWF-(1,85,93)       190.21709                   1_GWF-(1,18,353)
       2389         12        189       74.323009                    1_GWF-(1,85,94)      -276.64210                   1_GWF-(1,18,353)
       2390         12        190       408.56063                    1_GWF-(1,86,94)       857.19233                   1_GWF-(1,20,353)
       2391         12        191      -873.77432                    1_GWF-(1,85,93)       464.56010                   1_GWF-(1,20,353)
       2392         12        192       197.46425                    1_GWF-(1,85,94)       221.93731                   1_GWF-(1,19,354)
       2393         12        193       56.317318                    1_GWF-(1,85,94)      -154.44163                   1_GWF-(1,19,354)
       2394         12        194       33.717929                    1_GWF-(1,85,93)       122.30859                   1_GWF-(1,19,354)
       2395         12        195       29.762716                    1_GWF-(1,85,94)      -85.932342                   1_GWF-(1,22,350)
       2396         12        196       27.565681                    1_GWF-(1,86,94)       85.785135                   1_GWF-(1,19,351)
       2397         12        197       31.501792                    1_GWF-(1,85,94)      -111.57824                   1_GWF-(1,19,351)
       2398         12        198       60.908720                    1_GWF-(1,85,94)       148.33362                  1_GWF-(1,119,211)
       2399         12        199       206.89029                    1_GWF-(1,85,93)      -451.32865                   1_GWF-(1,22,355)
       2400         12        200      -1320.8219                    1_GWF-(1,85,94)      -1708.1176                   1_GWF-(1,22,355)
       2401         13          1      -42.618199                  1_GWF-(1,124,186)       2229.1018                  1_GWF-(1,101,251)
       2402         13          2      -25.250512                  1_GWF-(1,124,186)       2118.2843                  1_GWF-(1,124,187)
       2403         13          3      -29.386360                  1_GWF-(1,101,251)       1257.1860                   1_GWF-(1,22,355)
       2404         13          4      -31.830266                  1_GWF-(1,101,251)      -2279.6980                  1_GWF-(1,124,187)
       2405         13          5      -42.742246                   1_GWF-(1,99,248)      -1804.1484                  1_GWF-(1,101,251)
       2406         13          6      -49.203809                   1_GWF-(1,98,242)       1826.9529                  1_GWF-(1,124,187)
       2407         13          7      -50.317902                   1_GWF-(1,98,242)      -1026.9905                  1_GWF-(1,124,189)
       2408         13          8      -29.195088                  1_GWF-(1,102,248)       902.29395                  1_GWF-(1,124,186)
       2409         13          9      -25.599530                  1_GWF-(1,102,248)      -762.22283                  1_GWF-(1,100,249)
       2410         13         10      -19.351335                  1_GWF-(1,101,251)      -901.50084                  1_GWF-(1,124,186)
       2411         13         11      -23.063317                  1_GWF-(1,101,251)      -1080.3759                   1_GWF-(1,22,355)
       2412         13         12      -22.595599                  1_GWF-(1,100,250)       1172.1140                   1_GWF-(1,22,355)
       2413         13         13      -32.053488                  1_GWF-(1,100,250)      -1138.3383                   1_GWF-(1,22,355)
       2414         13         14      -85.379275                  1_GWF-(1,101,250)       1915.4713                  1_GWF-(1,100,249)
       2415         13         15      -290.72944                  1_GWF-(1,101,250)      -4895.3010                  1_GWF-(1,100,253)
       2416         13         16       854.77049                  1_GWF-(1,101,250)      -4443.2321                  1_GWF-(1,100,253)
       2417         13         17      -254.35307                  1_GWF-(1,101,250)       1447.7456                  1_GWF-(1,104,262)
       2418         13         18      -58.076107                  1_GWF-(1,100,246)       781.12958                  1_GWF-(1,115,180)
       2419         13         19      -21.966261                  1_GWF-(1,101,250)       634.57578                  1_GWF-(1,124,187)
       2420         13         20      -17.456660                  1_GWF-(1,100,250)       619.69510                  1_GWF-(1,101,248)
       2421         13         21      -10.754179                  1_GWF-(1,101,250)      -346.97155                  1_GWF-(1,101,248)
       2422         13         22      -15.164082                  1_GWF-(1,101,250)      -517.57569                   1_GWF-(1,99,254)
       2423         13         23      -20.704688                  1_GWF-(1,101,250)      -540.05790                  1_GWF-(1,101,251)
       2424         13         24      -23.397556                  1_GWF-(1,101,250)      -683.34546                  1_GWF-(1,101,251)
       2425         13         25      -65.625701                  1_GWF-(1,101,250)       1985.5815                   1_GWF-(1,17,355)
       2426         13         26      -1462.0590                  1_GWF-(1,101,250)      -24843.599                   1_GWF-(1,17,355)
       2427         13         27       1768.5435                  1_GWF-(1,101,250)      -2764.1809                   1_GWF-(1,17,355)
       2428         13         28      -90.049792                  1_GWF-(1,101,250)       1172.3850                   1_GWF-(1,17,355)
       2429         13         29      -32.971671                  1_GWF-(1,101,250)      -742.61114                   1_GWF-(1,17,355)
       2430         13         30      -23.415366                   1_GWF-(1,99,244)       482.34526                   1_GWF-(1,17,355)
       2431         13         31      -13.344924                   1_GWF-(1,99,244)      -331.11143                  1_GWF-(1,122,188)
       2432         13         32      -10.365708                   1_GWF-(1,99,244)      -315.56100                  1_GWF-(1,100,253)
       2433         13         33       25.399120                    1_GWF-(1,85,94)       474.98842                  1_GWF-(1,100,253)
       2434         13         34       56.334877                    1_GWF-(1,85,94)      -596.96908                   1_GWF-(1,99,245)
       2435         13         35       158.94759                    1_GWF-(1,85,94)       1020.0466                  1_GWF-(1,118,189)
       2436         13         36       7406.0543                    1_GWF-(1,85,94)      -21570.936                  1_GWF-(1,100,251)
       2437         13         37      -7954.5616                    1_GWF-(1,85,94)       838.10523                  1_GWF-(1,118,189)
       2438         13         38       93.981742                    1_GWF-(1,85,94)      -402.36961                   1_GWF-(1,98,242)
       2439         13         39       29.619497                    1_GWF-(1,85,94)      -395.13184                   1_GWF-(1,98,244)
       2440         13         40      -19.908507                  1_GWF-(1,100,250)      -565.10303                   1_GWF-(1,99,262)
       2441         13         41      -17.690748                  1_GWF-(1,101,250)      -401.49860                  1_GWF-(1,100,262)
       2442         13         42      -21.795622                  1_GWF-(1,101,250)       415.80088                  1_GWF-(1,100,262)
       2443         13         43      -68.010144                    1_GWF-(1,85,94)       1006.5845                   1_GWF-(1,99,262)
       2444         13         44       1187.6613                    1_GWF-(1,85,94)      -6820.9273                   1_GWF-(1,98,242)
       2445         13         45      -902.01966                    1_GWF-(1,85,94)       769.73350                  1_GWF-(1,123,199)
       2446         13         46      -50.384229                    1_GWF-(1,85,94)       400.89496                  1_GWF-(1,100,262)
       2447         13         47      -13.637199                  1_GWF-(1,101,250)      -288.86164                  1_GWF-(1,100,252)
       2448         13         48      -9.2583012                  1_GWF-(1,101,250)       222.71331                   1_GWF-(1,99,249)
       2449         13         49      -7.9747532                  1_GWF-(1,100,250)      -240.07242                   1_GWF-(1,99,249)
       2450         13         50      -10.704427                  1_GWF-(1,100,250)       325.60253                   1_GWF-(1,98,242)
       2451         13         51      -34.130277                  1_GWF-(1,100,250)       591.83425                   1_GWF-(1,99,246)
       2452         13         52       1003.0374                  1_GWF-(1,100,250)       7545.3686                  1_GWF-(1,110,183)
       2453         13         53      -872.82910                  1_GWF-(1,100,250)      -570.32696                  1_GWF-(1,122,203)
       2454         13         54      -33.655153                  1_GWF-(1,100,250)      -331.08979                  1_GWF-(1,122,203)
       2455         13         55       15.425013                  1_GWF-(1,122,203)       245.98243                  1_GWF-(1,100,248)
       2456         13         56       13.478894                  1_GWF-(1,122,203)      -245.53123                   1_GWF-(1,24,350)
       2457         13         57       13.728906                  1_GWF-(1,122,203)      -385.42040                   1_GWF-(1,23,351)
       2458         13         58       14.115198                  1_GWF-(1,122,203)       352.64309                   1_GWF-(1,23,351)
       2459         13         59       17.028306                  1_GWF-(1,122,203)      -482.99046                   1_GWF-(1,23,351)
       2460         13         60       39.312224                  1_GWF-(1,122,203)       615.82919                   1_GWF-(1,23,351)
       2461         13         61      -319.02122                  1_GWF-(1,100,250)       2575.0258                  1_GWF-(1,122,203)
       2462         13         62       538.46228                  1_GWF-(1,100,250)      -1020.3514                  1_GWF-(1,123,199)
       2463         13         63      -93.661374                  1_GWF-(1,100,250)      -396.90359                  1_GWF-(1,111,183)
       2464         13         64      -21.319243                  1_GWF-(1,100,250)      -233.16834                  1_GWF-(1,100,247)
       2465         13         65      -12.177576                  1_GWF-(1,100,250)      -199.13335                  1_GWF-(1,120,185)
       2466         13         66      -11.112323                  1_GWF-(1,100,250)       254.42836                  1_GWF-(1,123,199)
       2467         13         67      -10.008630                  1_GWF-(1,100,250)       198.62084                  1_GWF-(1,100,262)
       2468         13         68      -13.215939                  1_GWF-(1,100,250)      -279.87537                  1_GWF-(1,100,247)
       2469         13         69      -24.976930                  1_GWF-(1,100,250)      -465.40549                  1_GWF-(1,123,199)
       2470         13         70      -380.98627                  1_GWF-(1,100,250)       5073.8126                   1_GWF-(1,22,355)
       2471         13         71       512.30226                  1_GWF-(1,100,250)       987.76626                   1_GWF-(1,22,355)
       2472         13         72      -34.641942                  1_GWF-(1,100,250)      -501.84931                   1_GWF-(1,22,355)
       2473         13         73      -17.145272                  1_GWF-(1,100,250)       358.97065                   1_GWF-(1,22,355)
       2474         13         74      -14.235854                  1_GWF-(1,100,250)      -266.85099                   1_GWF-(1,22,355)
       2475         13         75      -11.680454                  1_GWF-(1,100,250)      -190.47935                  1_GWF-(1,121,200)
       2476         13         76      -20.211673                  1_GWF-(1,100,250)       374.72552                  1_GWF-(1,100,252)
       2477         13         77      -74.352985                  1_GWF-(1,100,250)      -748.56794                  1_GWF-(1,116,179)
       2478         13         78       594.17607                  1_GWF-(1,100,250)       2333.0365                  1_GWF-(1,120,188)
       2479         13         79      -412.33376                  1_GWF-(1,100,250)       390.30902                  1_GWF-(1,110,183)
       2480         13         80      -41.155205                  1_GWF-(1,100,250)       308.33457                  1_GWF-(1,120,192)
       2481         13         81       23.248911                  1_GWF-(1,102,277)       218.07316                  1_GWF-(1,100,253)
       2482         13         82       13.987944                  1_GWF-(1,102,277)      -217.37629                   1_GWF-(1,98,255)
       2483         13         83       11.799957                  1_GWF-(1,102,277)      -158.97331                   1_GWF-(1,99,249)
       2484         13         84      -15.206237                   1_GWF-(1,95,267)       223.52400                  1_GWF-(1,123,198)
       2485         13         85      -34.182781                  1_GWF-(1,100,250)       393.69866                   1_GWF-(1,17,355)
       2486         13         86      -127.75907                  1_GWF-(1,100,250)      -1217.9257                   1_GWF-(1,17,355)
       2487         13         87       589.15182                  1_GWF-(1,100,250)      -3096.5855                   1_GWF-(1,17,355)
       2488         13         88      -303.19307                  1_GWF-(1,100,250)       860.55572                   1_GWF-(1,17,355)
       2489         13         89      -52.745440                  1_GWF-(1,100,250)      -508.38886                   1_GWF-(1,17,355)
       2490         13         90      -26.465923                  1_GWF-(1,100,250)       362.57125                   1_GWF-(1,17,355)
       2491         13         91      -18.708943                  1_GWF-(1,100,250)      -222.78145                   1_GWF-(1,17,355)
       2492         13         92      -10.758123                   1_GWF-(1,95,267)       155.85751                  1_GWF-(1,100,254)
       2493         13         93      -9.8523822                  1_GWF-(1,100,250)      -140.00701                  1_GWF-(1,110,183)
       2494         13         94      -14.865960                  1_GWF-(1,100,250)      -200.85551                  1_GWF-(1,119,188)
       2495         13         95      -59.953667                  1_GWF-(1,100,250)      -559.80024                  1_GWF-(1,109,183)
       2496         13         96       238.76722                  1_GWF-(1,100,250)       932.49688                  1_GWF-(1,120,185)
       2497         13         97      -102.97159                  1_GWF-(1,100,250)       218.71660                  1_GWF-(1,101,251)
       2498         13         98      -17.857735                  1_GWF-(1,100,250)       172.09715                  1_GWF-(1,110,183)
       2499         13         99      -10.642728                  1_GWF-(1,100,250)       130.52811                   1_GWF-(1,99,249)
       2500         13        100      -5.0463906                  1_GWF-(1,100,250)      -94.408637                   1_GWF-(1,23,351)
       2501         13        101      -4.5337776                  1_GWF-(1,100,250)       166.74676                   1_GWF-(1,23,351)
       2502         13        102      -7.6860105                  1_GWF-(1,100,250)      -309.54754                   1_GWF-(1,23,351)
       2503         13        103      -21.683124                  1_GWF-(1,100,250)       396.62217                   1_GWF-(1,23,351)
       2504         13        104      -332.97528                  1_GWF-(1,100,250)      -2582.3028                   1_GWF-(1,23,351)
       2505         13        105       437.70073                  1_GWF-(1,100,250)       367.05461                  1_GWF-(1,100,262)
       2506         13        106      -35.294804                  1_GWF-(1,100,250)       199.81113                  1_GWF-(1,122,200)
       2507         13        107      -13.414355                  1_GWF-(1,100,250)      -126.87748                  1_GWF-(1,100,247)
       2508         13        108      -5.4770784                  1_GWF-(1,100,250)       78.795970                  1_GWF-(1,121,201)
       2509         13        109      -4.5352149                  1_GWF-(1,100,250)       104.56404                  1_GWF-(1,119,190)
       2510         13        110      -8.8804158                  1_GWF-(1,102,277)       171.43398                  1_GWF-(1,100,247)
       2511         13        111      -17.758076                  1_GWF-(1,102,277)      -164.02260                  1_GWF-(1,119,190)
       2512         13        112      -58.214684                  1_GWF-(1,102,277)      -561.02258                  1_GWF-(1,100,247)
       2513         13        113       188.11600                  1_GWF-(1,102,277)       555.25198                  1_GWF-(1,101,251)
       2514         13        114      -68.919566                  1_GWF-(1,102,277)      -223.28750                  1_GWF-(1,100,247)
       2515         13        115      -15.429987                  1_GWF-(1,102,277)       133.17491                  1_GWF-(1,121,185)
       2516         13        116      -14.358051                  1_GWF-(1,102,277)       144.43722                  1_GWF-(1,100,247)
       2517         13        117      -12.052041                  1_GWF-(1,102,277)       120.77578                  1_GWF-(1,104,262)
       2518         13        118      -11.687035                  1_GWF-(1,102,277)      -119.43895                   1_GWF-(1,21,355)
       2519         13        119      -17.867039                  1_GWF-(1,102,277)       141.58368                   1_GWF-(1,22,355)
       2520         13        120      -36.011983                  1_GWF-(1,102,277)      -361.77491                   1_GWF-(1,22,355)
       2521         13        121      -326.05504                  1_GWF-(1,102,277)       2871.3507                   1_GWF-(1,22,355)
       2522         13        122       499.19110                  1_GWF-(1,102,277)       828.78418                   1_GWF-(1,22,355)
       2523         13        123      -65.884581                  1_GWF-(1,102,277)      -368.90917                   1_GWF-(1,22,355)
       2524         13        124      -24.506622                  1_GWF-(1,102,277)       193.85105                   1_GWF-(1,22,355)
       2525         13        125      -15.009715                  1_GWF-(1,102,277)      -115.76832                   1_GWF-(1,22,355)
       2526         13        126      -13.254202                  1_GWF-(1,102,277)       104.88833                  1_GWF-(1,100,254)
       2527         13        127      -12.460032                  1_GWF-(1,102,277)      -88.697479                  1_GWF-(1,100,254)
       2528         13        128      -12.508973                  1_GWF-(1,102,277)      -95.003528                  1_GWF-(1,100,252)
       2529         13        129      -12.916261                  1_GWF-(1,102,277)       106.45904                  1_GWF-(1,101,276)
       2530         13        130      -25.881466                  1_GWF-(1,102,277)      -203.89024                  1_GWF-(1,116,180)
       2531         13        131       2252.7440                  1_GWF-(1,102,277)      -9109.8732                  1_GWF-(1,118,188)
       2532         13        132      -2148.5452                  1_GWF-(1,102,277)      -270.01928                   1_GWF-(1,99,262)
       2533         13        133      -31.063646                  1_GWF-(1,102,277)      -140.02172                   1_GWF-(1,23,351)
       2534         13        134      -10.688301                  1_GWF-(1,102,277)       88.569452                   1_GWF-(1,23,351)
       2535         13        135      -7.4063439                  1_GWF-(1,102,277)       106.89237                   1_GWF-(1,24,350)
       2536         13        136      -5.3716898                  1_GWF-(1,102,277)      -112.43825                   1_GWF-(1,24,350)
       2537         13        137      -5.9908792                  1_GWF-(1,102,277)      -148.57953                   1_GWF-(1,23,351)
       2538         13        138      -9.1876344                  1_GWF-(1,102,277)       189.98394                   1_GWF-(1,23,351)
       2539         13        139      -37.096927                  1_GWF-(1,102,277)      -453.10136                   1_GWF-(1,23,351)
       2540         13        140       114.74337                  1_GWF-(1,102,277)      -378.52276                  1_GWF-(1,122,210)
       2541         13        141      -41.699209                  1_GWF-(1,102,277)      -106.28547                  1_GWF-(1,122,210)
       2542         13        142      -8.6559508                  1_GWF-(1,102,277)       73.477091                  1_GWF-(1,101,272)
       2543         13        143      -5.5175523                  1_GWF-(1,102,277)       72.391694                  1_GWF-(1,123,196)
       2544         13        144      -3.9919372                  1_GWF-(1,102,277)      -67.726980                   1_GWF-(1,76,202)
       2545         13        145      -5.9970433                  1_GWF-(1,102,277)       88.000408                  1_GWF-(1,123,189)
       2546         13        146      -11.202739                  1_GWF-(1,101,252)      -157.78492                  1_GWF-(1,123,189)
       2547         13        147      -53.285636                  1_GWF-(1,101,252)      -329.79649                  1_GWF-(1,121,192)
       2548         13        148       153.63951                  1_GWF-(1,101,252)      -465.28888                   1_GWF-(1,76,202)
       2549         13        149      -55.895357                  1_GWF-(1,101,252)       143.19660                  1_GWF-(1,118,181)
       2550         13        150      -9.7428265                  1_GWF-(1,101,252)       77.945377                   1_GWF-(1,98,243)
       2551         13        151      -4.7945624                  1_GWF-(1,101,252)       71.058209                  1_GWF-(1,100,256)
       2552         13        152      -5.6777366                  1_GWF-(1,101,252)      -104.66024                   1_GWF-(1,17,355)
       2553         13        153      -7.9360395                  1_GWF-(1,101,252)       157.37487                   1_GWF-(1,17,355)
       2554         13        154      -7.5290897                  1_GWF-(1,101,252)      -175.43221                   1_GWF-(1,17,355)
       2555         13        155      -11.103155                  1_GWF-(1,101,252)       239.14067                   1_GWF-(1,17,355)
       2556         13        156      -39.563482                  1_GWF-(1,101,252)      -485.41005                   1_GWF-(1,17,355)
       2557         13        157       314.73662                  1_GWF-(1,101,252)      -1885.5881                   1_GWF-(1,17,355)
       2558         13        158      -215.85308                  1_GWF-(1,101,252)       238.44237                   1_GWF-(1,17,355)
       2559         13        159      -18.862070                  1_GWF-(1,101,252)      -126.74830                   1_GWF-(1,17,355)
       2560         13        160      -9.2091098                  1_GWF-(1,101,252)      -89.333489                   1_GWF-(1,22,354)
       2561         13        161      -4.2623056                  1_GWF-(1,101,252)       68.866824                   1_GWF-(1,22,354)
       2562         13        162      -4.0234165                  1_GWF-(1,101,252)       69.038907                   1_GWF-(1,21,355)
       2563         13        163      -4.6388673                  1_GWF-(1,101,252)       64.939814                   1_GWF-(1,22,354)
       2564         13        164      -6.5412134                  1_GWF-(1,101,252)      -105.89859                  1_GWF-(1,121,201)
       2565         13        165      -21.557773                  1_GWF-(1,101,252)      -205.09508                  1_GWF-(1,121,201)
       2566         13        166       268.22465                  1_GWF-(1,101,252)      -1099.3821                   1_GWF-(1,99,257)
       2567         13        167      -200.18390                  1_GWF-(1,101,252)       121.22543                  1_GWF-(1,121,190)
       2568         13        168      -14.122173                  1_GWF-(1,101,252)       71.773772                   1_GWF-(1,76,202)
       2569         13        169      -6.3374997                  1_GWF-(1,101,252)      -97.234606                   1_GWF-(1,24,350)
       2570         13        170      -4.9696183                  1_GWF-(1,101,252)      -107.68556                   1_GWF-(1,23,351)
       2571         13        171      -3.6505338                  1_GWF-(1,101,252)       122.09996                   1_GWF-(1,23,351)
       2572         13        172      -4.2331984                  1_GWF-(1,101,252)      -116.59518                   1_GWF-(1,23,351)
       2573         13        173      -5.6424868                  1_GWF-(1,101,252)       94.230193                   1_GWF-(1,23,351)
       2574         13        174      -12.077921                  1_GWF-(1,101,252)       130.14611                   1_GWF-(1,98,244)
       2575         13        175      -53.809263                  1_GWF-(1,101,252)      -364.16121                   1_GWF-(1,84,167)
       2576         13        176       158.45943                  1_GWF-(1,101,252)      -521.33614                   1_GWF-(1,22,355)
       2577         13        177      -56.421727                  1_GWF-(1,101,252)       233.25611                   1_GWF-(1,22,355)
       2578         13        178      -13.513233                  1_GWF-(1,101,252)      -167.67069                   1_GWF-(1,22,355)
       2579         13        179      -5.6126177                  1_GWF-(1,101,252)       118.68110                   1_GWF-(1,22,355)
       2580         13        180       3.7633798                  1_GWF-(1,122,210)      -104.45326                   1_GWF-(1,22,355)
       2581         13        181       3.4499188                  1_GWF-(1,122,210)       75.453953                   1_GWF-(1,22,355)
       2582         13        182       5.0468713                  1_GWF-(1,122,210)      -85.180088                   1_GWF-(1,22,355)
       2583         13        183      -8.3519578                  1_GWF-(1,101,252)      -91.105735                   1_GWF-(1,84,167)
       2584         13        184      -26.691786                  1_GWF-(1,101,252)       224.69251                  1_GWF-(1,104,264)
       2585         13        185       182.55181                  1_GWF-(1,101,252)       699.55745                   1_GWF-(1,84,166)
       2586         13        186      -107.92588                  1_GWF-(1,101,252)       109.00891                  1_GWF-(1,123,190)
       2587         13        187      -14.070333                  1_GWF-(1,101,252)      -71.739134                  1_GWF-(1,118,207)
       2588         13        188      -6.2650321                  1_GWF-(1,101,252)       57.772408                  1_GWF-(1,103,263)
       2589         13        189      -4.1302000                  1_GWF-(1,101,252)      -55.855122                  1_GWF-(1,119,187)
       2590         13        190       4.2308349                  1_GWF-(1,102,277)       54.656288                  1_GWF-(1,104,264)
       2591         13        191       6.0136173                  1_GWF-(1,102,277)       77.458922                  1_GWF-(1,103,265)
       2592         13        192       9.9703293                  1_GWF-(1,102,277)      -97.023525                   1_GWF-(1,55,244)
       2593         13        193       23.626924                  1_GWF-(1,102,277)       149.15199                  1_GWF-(1,109,183)
       2594         13        194       252.93857                  1_GWF-(1,102,277)      -916.63030                   1_GWF-(1,22,350)
       2595         13        195      -356.50793                  1_GWF-(1,102,277)      -264.56392                  1_GWF-(1,121,192)
       2596         13        196       44.102354                  1_GWF-(1,102,277)       115.50334                  1_GWF-(1,121,192)
       2597         13        197       15.217242                  1_GWF-(1,102,277)       74.887403                   1_GWF-(1,84,166)
       2598         13        198       10.469376                  1_GWF-(1,102,277)      -90.433667                  1_GWF-(1,101,266)
       2599         13        199       7.8485713                  1_GWF-(1,102,277)      -63.479523                   1_GWF-(1,84,166)
       2600         13        200       6.1926322                  1_GWF-(1,102,277)      -64.103697                  1_GWF-(1,100,255)
       2601         14          1      -1.9540475                   1_GWF-(1,69,217)       184.24846                   1_GWF-(1,69,216)
       2602         14          2       2.4546740                  1_GWF-(1,121,203)      -101.77259                  1_GWF-(1,122,202)
       2603         14          3      -2.3970077                   1_GWF-(1,69,216)      -90.156536                   1_GWF-(1,23,350)
       2604         14          4      -3.5577651                   1_GWF-(1,70,215)      -115.04265                  1_GWF-(1,121,201)
       2605         14          5      -3.5890820                   1_GWF-(1,69,216)      -116.20796                   1_GWF-(1,17,355)
       2606         14          6      -2.8215116                   1_GWF-(1,69,217)       157.59936                   1_GWF-(1,17,355)
       2607         14          7      -3.0577825                   1_GWF-(1,69,217)      -113.06854                   1_GWF-(1,17,355)
       2608         14          8      -1.9574353                   1_GWF-(1,71,213)       89.865718                   1_GWF-(1,17,355)
       2609         14          9      -2.1877324                  1_GWF-(1,137,194)       111.80038                   1_GWF-(1,17,352)
       2610         14         10      -3.1420891                  1_GWF-(1,138,191)      -111.02716                   1_GWF-(1,70,215)
       2611         14         11      -10.256984                  1_GWF-(1,138,187)       187.39900                   1_GWF-(1,17,352)
       2612         14         12      -91.587303                  1_GWF-(1,138,186)      -916.60829                  1_GWF-(1,122,203)
       2613         14         13       143.82154                  1_GWF-(1,138,186)       272.30917                   1_GWF-(1,23,351)
       2614         14         14      -17.796967                  1_GWF-(1,138,186)      -166.15425                   1_GWF-(1,23,351)
       2615         14         15      -6.1473085                  1_GWF-(1,138,186)      -136.59634                   1_GWF-(1,22,352)
       2616         14         16      -4.3118645                  1_GWF-(1,138,187)      -105.58639                   1_GWF-(1,23,351)
       2617         14         17      -4.2273280                  1_GWF-(1,138,186)       79.948893                   1_GWF-(1,23,351)
       2618         14         18      -3.4477389                  1_GWF-(1,138,186)       67.700704                  1_GWF-(1,122,210)
       2619         14         19      -3.0246161                  1_GWF-(1,138,187)      -69.700293                   1_GWF-(1,20,354)
       2620         14         20      -3.0842819                  1_GWF-(1,138,186)       69.606924                   1_GWF-(1,20,354)
       2621         14         21      -3.2447634                  1_GWF-(1,138,186)       85.007061                   1_GWF-(1,20,355)
       2622         14         22      -6.3961622                    1_GWF-(1,85,94)      -115.60027                   1_GWF-(1,20,355)
       2623         14         23      -82.828861                    1_GWF-(1,85,94)      -707.38532                   1_GWF-(1,21,354)
       2624         14         24       121.22335                    1_GWF-(1,85,94)      -123.90456                   1_GWF-(1,17,352)
       2625         14         25      -8.7431323                    1_GWF-(1,85,94)      -75.012875                   1_GWF-(1,22,355)
       2626         14         26      -2.0456196                  1_GWF-(1,138,186)       72.131671                   1_GWF-(1,22,355)
       2627         14         27      -1.6699031                  1_GWF-(1,138,187)      -84.279144                   1_GWF-(1,22,355)
       2628         14         28      -1.8132724                  1_GWF-(1,138,187)       76.879843                   1_GWF-(1,22,355)
       2629         14         29       5.0066183                    1_GWF-(1,85,94)      -103.54474                   1_GWF-(1,22,355)
       2630         14         30       24.576105                    1_GWF-(1,85,94)      -192.16128                   1_GWF-(1,76,205)
       2631         14         31      -131.73841                    1_GWF-(1,85,94)      -421.44789                  1_GWF-(1,122,203)
       2632         14         32       64.962367                    1_GWF-(1,85,94)      -104.46993                   1_GWF-(1,87,160)
       2633         14         33       9.5085640                    1_GWF-(1,85,94)      -64.617859                   1_GWF-(1,70,215)
       2634         14         34       3.3139846                    1_GWF-(1,85,94)       49.854193                   1_GWF-(1,20,352)
       2635         14         35      -1.9009232                  1_GWF-(1,138,187)       61.771524                   1_GWF-(1,19,353)
       2636         14         36      -2.7604416                  1_GWF-(1,138,187)      -73.081516                   1_GWF-(1,19,353)
       2637         14         37      -4.3846745                  1_GWF-(1,138,186)      -103.97325                   1_GWF-(1,18,354)
       2638         14         38      -7.9030424                  1_GWF-(1,138,186)      -144.21310                   1_GWF-(1,20,354)
       2639         14         39      -30.857394                  1_GWF-(1,137,190)       359.57749                   1_GWF-(1,20,354)
       2640         14         40       96.094315                  1_GWF-(1,137,190)      -347.42258                   1_GWF-(1,21,353)
       2641         14         41      -38.080383                  1_GWF-(1,137,190)      -136.90876                   1_GWF-(1,20,355)
       2642         14         42      -8.0197408                  1_GWF-(1,138,186)       67.407602                   1_GWF-(1,22,352)
       2643         14         43      -3.0346134                  1_GWF-(1,138,186)      -73.546109                   1_GWF-(1,22,352)
       2644         14         44      -2.5125327                  1_GWF-(1,138,186)       52.461008                   1_GWF-(1,22,352)
       2645         14         45      -2.6919375                  1_GWF-(1,138,186)      -66.805580                   1_GWF-(1,21,355)
       2646         14         46      -4.2093713                  1_GWF-(1,138,186)       82.495747                   1_GWF-(1,21,355)
       2647         14         47      -6.0323227                  1_GWF-(1,138,186)       125.95493                   1_GWF-(1,22,354)
       2648         14         48      -11.671716                  1_GWF-(1,138,186)      -212.10131                   1_GWF-(1,22,354)
       2649         14         49      -519.81760                  1_GWF-(1,137,190)       4879.0279                   1_GWF-(1,22,354)
       2650         14         50       562.22374                  1_GWF-(1,137,190)       162.44284                   1_GWF-(1,22,354)
       2651         14         51      -12.150933                   1_GWF-(1,94,148)      -92.230103                   1_GWF-(1,89,156)
       2652         14         52      -5.1036813                   1_GWF-(1,94,148)       61.095700                   1_GWF-(1,22,351)
       2653         14         53      -3.0736761                   1_GWF-(1,94,148)      -66.547321                   1_GWF-(1,17,355)
       2654         14         54      -3.0374862                   1_GWF-(1,93,148)       92.504683                   1_GWF-(1,17,355)
       2655         14         55      -2.4440289                   1_GWF-(1,94,148)      -97.122440                   1_GWF-(1,17,355)
       2656         14         56      -2.1660429                  1_GWF-(1,137,190)       119.43740                   1_GWF-(1,17,355)
       2657         14         57      -3.6740302                  1_GWF-(1,137,190)      -127.51388                   1_GWF-(1,17,355)
       2658         14         58      -13.151675                  1_GWF-(1,137,190)       179.01706                   1_GWF-(1,17,355)
       2659         14         59       324.12822                  1_GWF-(1,137,190)      -2828.7843                   1_GWF-(1,20,353)
       2660         14         60      -286.75916                  1_GWF-(1,137,190)       196.25909                   1_GWF-(1,20,353)
       2661         14         61      -8.5983397                  1_GWF-(1,137,190)       93.341809                   1_GWF-(1,21,352)
       2662         14         62      -3.2204026                  1_GWF-(1,137,190)      -71.824612                   1_GWF-(1,21,352)
       2663         14         63      -1.9219073                  1_GWF-(1,137,190)       56.028962                   1_GWF-(1,19,354)
       2664         14         64      -2.0654530                   1_GWF-(1,98,245)      -64.689451                   1_GWF-(1,19,354)
       2665         14         65      -2.9258149                  1_GWF-(1,100,247)      -87.012398                   1_GWF-(1,20,353)
       2666         14         66      -7.7117952                   1_GWF-(1,99,245)       147.87831                   1_GWF-(1,20,353)
       2667         14         67      -49.290877                   1_GWF-(1,99,245)      -723.84333                   1_GWF-(1,23,351)
       2668         14         68       92.249448                   1_GWF-(1,99,245)      -419.38540                   1_GWF-(1,23,351)
       2669         14         69      -21.216606                   1_GWF-(1,99,245)       166.72907                   1_GWF-(1,23,351)
       2670         14         70      -6.3756648                   1_GWF-(1,99,245)      -95.001426                   1_GWF-(1,23,351)
       2671         14         71      -3.7782108                   1_GWF-(1,98,245)       55.558386                   1_GWF-(1,19,354)
       2672         14         72      -3.2398572                   1_GWF-(1,99,246)      -49.790483                  1_GWF-(1,122,201)
       2673         14         73      -4.0110811                   1_GWF-(1,99,246)      -81.176258                   1_GWF-(1,22,351)
       2674         14         74      -5.3751530                   1_GWF-(1,98,244)       117.77544                   1_GWF-(1,22,351)
       2675         14         75      -18.395930                   1_GWF-(1,98,242)      -253.04019                   1_GWF-(1,22,351)
       2676         14         76       94.806134                   1_GWF-(1,98,242)      -441.22507                  1_GWF-(1,100,273)
       2677         14         77      -51.708691                   1_GWF-(1,98,242)      -142.76412                   1_GWF-(1,20,354)
       2678         14         78      -8.1198616                   1_GWF-(1,98,242)       69.156302                   1_GWF-(1,20,354)
       2679         14         79      -2.6763346                   1_GWF-(1,98,242)       50.308134                   1_GWF-(1,72,209)
       2680         14         80      -2.5995101                   1_GWF-(1,98,242)      -84.079023                   1_GWF-(1,22,355)
       2681         14         81      -4.6046018                   1_GWF-(1,98,242)       145.97321                   1_GWF-(1,22,355)
       2682         14         82      -7.7335775                   1_GWF-(1,98,242)      -196.95485                   1_GWF-(1,22,355)
       2683         14         83      -16.437482                   1_GWF-(1,98,242)       276.76749                   1_GWF-(1,22,355)
       2684         14         84      -205.28095                   1_GWF-(1,98,242)      -1401.3451                   1_GWF-(1,22,355)
       2685         14         85       272.37950                   1_GWF-(1,98,242)      -276.57177                   1_GWF-(1,73,208)
       2686         14         86      -22.529716                   1_GWF-(1,98,242)       160.52947                   1_GWF-(1,73,208)
       2687         14         87      -9.9094359                   1_GWF-(1,98,242)       64.460735                   1_GWF-(1,74,207)
       2688         14         88      -6.0782230                   1_GWF-(1,98,242)      -80.142227                   1_GWF-(1,74,207)
       2689         14         89      -4.2487866                   1_GWF-(1,98,242)       72.627229                   1_GWF-(1,74,207)
       2690         14         90      -4.3126094                   1_GWF-(1,98,242)      -53.189762                   1_GWF-(1,23,350)
       2691         14         91      -5.5366110                   1_GWF-(1,98,242)       69.223800                   1_GWF-(1,75,204)
       2692         14         92      -11.476456                   1_GWF-(1,98,242)      -107.15651                   1_GWF-(1,17,355)
       2693         14         93      -72.170722                   1_GWF-(1,98,242)       804.94257                   1_GWF-(1,17,355)
       2694         14         94       147.41562                   1_GWF-(1,98,242)       740.97385                   1_GWF-(1,17,355)
       2695         14         95      -34.833479                   1_GWF-(1,98,242)      -300.03501                   1_GWF-(1,17,355)
       2696         14         96      -8.0295756                   1_GWF-(1,99,245)       163.83919                   1_GWF-(1,17,355)
       2697         14         97      -5.7987883                   1_GWF-(1,98,245)       89.689612                   1_GWF-(1,18,353)
       2698         14         98      -4.4843638                   1_GWF-(1,98,243)      -86.915751                   1_GWF-(1,18,353)
       2699         14         99      -4.4096286                   1_GWF-(1,98,243)       82.892239                   1_GWF-(1,18,353)
       2700         14        100      -6.3906762                   1_GWF-(1,98,243)      -96.293596                   1_GWF-(1,18,353)
       2701         14        101      -9.5808366                   1_GWF-(1,98,242)       121.13074                   1_GWF-(1,18,353)
       2702         14        102      -25.404027                   1_GWF-(1,98,242)      -273.94170                   1_GWF-(1,18,353)
       2703         14        103       245.26980                   1_GWF-(1,98,242)      -1020.1245                   1_GWF-(1,18,353)
       2704         14        104      -166.73325                   1_GWF-(1,98,242)       181.90860                   1_GWF-(1,18,353)
       2705         14        105      -17.887160                   1_GWF-(1,98,242)      -106.48070                   1_GWF-(1,86,162)
       2706         14        106      -11.093423                   1_GWF-(1,98,242)      -85.608787                   1_GWF-(1,21,353)
       2707         14        107      -8.8933411                   1_GWF-(1,98,242)      -103.16283                   1_GWF-(1,20,354)
       2708         14        108      -8.2011448                   1_GWF-(1,98,243)       133.92965                   1_GWF-(1,20,354)
       2709         14        109      -6.8673949                   1_GWF-(1,98,243)      -103.68575                   1_GWF-(1,21,355)
       2710         14        110      -7.6377858                   1_GWF-(1,98,242)      -139.10704                   1_GWF-(1,22,354)
       2711         14        111      -19.974105                   1_GWF-(1,98,242)       223.57268                   1_GWF-(1,22,354)
       2712         14        112       214.77165                   1_GWF-(1,98,242)      -824.68899                   1_GWF-(1,85,163)
       2713         14        113      -152.64923                   1_GWF-(1,98,242)      -111.39080                  1_GWF-(1,122,195)
       2714         14        114      -13.611050                   1_GWF-(1,98,242)       77.640219                   1_GWF-(1,23,351)
       2715         14        115      -5.2265924                   1_GWF-(1,98,242)      -90.438780                   1_GWF-(1,23,351)
       2716         14        116      -4.8817899                   1_GWF-(1,98,242)       118.24349                   1_GWF-(1,23,351)
       2717         14        117      -4.0648047                   1_GWF-(1,98,242)       102.74043                   1_GWF-(1,24,350)
       2718         14        118      -4.1733537                   1_GWF-(1,98,242)       69.680248                   1_GWF-(1,23,351)
       2719         14        119       5.7202952                   1_GWF-(1,31,172)      -90.274799                   1_GWF-(1,22,351)
       2720         14        120       14.093672                   1_GWF-(1,31,171)       122.84279                   1_GWF-(1,22,351)
       2721         14        121       85.706830                   1_GWF-(1,31,171)      -470.96508                  1_GWF-(1,122,198)
       2722         14        122      -187.99472                   1_GWF-(1,31,174)      -380.11196                  1_GWF-(1,122,198)
       2723         14        123       54.128413                   1_GWF-(1,31,174)       156.29371                   1_GWF-(1,22,354)
       2724         14        124       11.533653                   1_GWF-(1,31,174)      -124.78061                   1_GWF-(1,22,354)
       2725         14        125       6.0232762                   1_GWF-(1,31,174)       102.09533                   1_GWF-(1,22,354)
       2726         14        126       4.9081731                   1_GWF-(1,31,174)      -68.496024                   1_GWF-(1,22,354)
       2727         14        127       3.8490098                   1_GWF-(1,31,129)      -56.428739                   1_GWF-(1,21,353)
       2728         14        128       5.5604845                   1_GWF-(1,31,129)      -83.598962                   1_GWF-(1,22,355)
       2729         14        129       12.704279                   1_GWF-(1,31,132)       178.83947                   1_GWF-(1,22,355)
       2730         14        130       81.351700                   1_GWF-(1,31,132)      -980.66089                   1_GWF-(1,22,355)
       2731         14        131      -160.49148                   1_GWF-(1,31,132)      -552.56531                   1_GWF-(1,22,355)
       2732         14        132       37.171231                   1_GWF-(1,31,132)       132.25891                   1_GWF-(1,22,355)
       2733         14        133       9.3712817                   1_GWF-(1,31,129)       85.637693                   1_GWF-(1,17,355)
       2734         14        134       5.2360829                   1_GWF-(1,31,129)      -60.289280                   1_GWF-(1,17,355)
       2735         14        135       3.9118370                   1_GWF-(1,31,129)      -61.246619                   1_GWF-(1,16,356)
       2736         14        136       4.9238793                   1_GWF-(1,31,132)       88.053027                   1_GWF-(1,16,356)
       2737         14        137       7.8212734                   1_GWF-(1,31,132)       201.73441                   1_GWF-(1,17,355)
       2738         14        138       20.076087                   1_GWF-(1,31,129)      -422.49269                   1_GWF-(1,17,355)
       2739         14        139      -392.92217                   1_GWF-(1,31,129)      -2645.9027                   1_GWF-(1,17,355)
       2740         14        140       321.77764                   1_GWF-(1,31,129)      -162.53283                   1_GWF-(1,88,159)
       2741         14        141       17.587804                   1_GWF-(1,31,129)       102.45197                   1_GWF-(1,88,159)
       2742         14        142       7.4026051                   1_GWF-(1,31,171)      -58.853765                   1_GWF-(1,21,354)
       2743         14        143       6.7144804                   1_GWF-(1,31,171)       84.499690                   1_GWF-(1,21,354)
       2744         14        144       7.8649635                   1_GWF-(1,31,171)      -110.64059                   1_GWF-(1,21,354)
       2745         14        145       9.7468130                   1_GWF-(1,31,174)      -155.74661                   1_GWF-(1,20,355)
       2746         14        146       17.187697                   1_GWF-(1,31,174)       223.86960                   1_GWF-(1,20,355)
       2747         14        147       32.427613                   1_GWF-(1,31,174)      -220.31680                   1_GWF-(1,20,355)
       2748         14        148       144.17177                   1_GWF-(1,31,171)      -675.96928                   1_GWF-(1,21,354)
       2749         14        149      -325.76192                   1_GWF-(1,31,171)      -421.72735                  1_GWF-(1,101,271)
       2750         14        150       90.498150                   1_GWF-(1,31,171)      -139.51077                   1_GWF-(1,19,355)
       2751         14        151       19.894820                   1_GWF-(1,31,171)      -103.36714                   1_GWF-(1,74,206)
       2752         14        152       9.2850081                   1_GWF-(1,31,174)       80.711567                   1_GWF-(1,85,163)
       2753         14        153       5.3069521                   1_GWF-(1,31,174)      -44.214670                  1_GWF-(1,122,197)
       2754         14        154       5.3610278                   1_GWF-(1,31,174)      -74.201321                  1_GWF-(1,101,271)
       2755         14        155       8.5524518                   1_GWF-(1,31,171)       87.419563                  1_GWF-(1,100,253)
       2756         14        156       16.741208                   1_GWF-(1,31,171)       140.94661                   1_GWF-(1,20,353)
       2757         14        157       51.217321                   1_GWF-(1,31,174)      -432.25682                   1_GWF-(1,20,353)
       2758         14        158      -221.45063                   1_GWF-(1,31,174)      -875.18830                   1_GWF-(1,20,353)
       2759         14        159       112.49574                   1_GWF-(1,31,174)      -202.29525                   1_GWF-(1,19,354)
       2760         14        160       11.874752                   1_GWF-(1,31,174)       123.05265                   1_GWF-(1,19,354)
       2761         14        161       5.2590241                   1_GWF-(1,31,174)      -74.381944                   1_GWF-(1,19,354)
       2762         14        162       4.6264190                   1_GWF-(1,31,172)      -43.402108                  1_GWF-(1,109,180)
       2763         14        163       6.9058580                   1_GWF-(1,31,171)      -76.319849                   1_GWF-(1,75,205)
       2764         14        164       12.009417                   1_GWF-(1,31,171)       128.56074                   1_GWF-(1,23,351)
       2765         14        165       23.264765                   1_GWF-(1,31,174)      -231.24757                   1_GWF-(1,23,351)
       2766         14        166       110.87929                   1_GWF-(1,31,174)      -922.76921                   1_GWF-(1,17,355)
       2767         14        167      -270.88196                   1_GWF-(1,31,174)      -500.63577                   1_GWF-(1,17,355)
       2768         14        168       80.669892                   1_GWF-(1,31,132)      -157.15578                   1_GWF-(1,74,206)
       2769         14        169       17.425485                   1_GWF-(1,31,174)       112.35522                   1_GWF-(1,74,206)
       2770         14        170       9.6306229                   1_GWF-(1,31,171)      -76.350733                   1_GWF-(1,18,354)
       2771         14        171       7.8387924                   1_GWF-(1,31,171)      -95.601691                   1_GWF-(1,17,355)
       2772         14        172       8.0516561                   1_GWF-(1,31,171)       161.14120                   1_GWF-(1,17,355)
       2773         14        173       9.0204305                   1_GWF-(1,31,174)      -161.36221                   1_GWF-(1,17,355)
       2774         14        174       12.280637                   1_GWF-(1,31,174)       135.80117                   1_GWF-(1,17,355)
       2775         14        175       21.169929                   1_GWF-(1,31,171)       196.41232                   1_GWF-(1,17,352)
       2776         14        176       276.92501                   1_GWF-(1,31,171)      -1990.6374                   1_GWF-(1,17,352)
       2777         14        177      -401.36158                   1_GWF-(1,31,171)      -472.88503                   1_GWF-(1,17,352)
       2778         14        178       39.629430                   1_GWF-(1,31,171)       195.08567                   1_GWF-(1,17,352)
       2779         14        179       14.761353                   1_GWF-(1,31,171)      -88.939820                   1_GWF-(1,17,352)
       2780         14        180       10.046842                   1_GWF-(1,31,174)      -69.892674                   1_GWF-(1,21,353)
       2781         14        181       7.1680861                   1_GWF-(1,31,174)       93.001052                   1_GWF-(1,21,353)
       2782         14        182       8.3429929                   1_GWF-(1,31,174)      -127.40642                   1_GWF-(1,22,355)
       2783         14        183       17.448548                   1_GWF-(1,31,172)       230.00485                   1_GWF-(1,22,355)
       2784         14        184       84.754132                   1_GWF-(1,31,171)      -659.06426                   1_GWF-(1,22,355)
       2785         14        185      -264.92437                   1_GWF-(1,31,172)      -629.75397                   1_GWF-(1,22,355)
       2786         14        186       89.502223                   1_GWF-(1,31,171)       222.74914                   1_GWF-(1,22,355)
       2787         14        187       28.813986                   1_GWF-(1,31,171)      -143.17611                   1_GWF-(1,22,355)
       2788         14        188       18.599276                   1_GWF-(1,31,174)       111.28198                   1_GWF-(1,22,355)
       2789         14        189       17.955206                   1_GWF-(1,31,174)      -123.01572                   1_GWF-(1,20,354)
       2790         14        190       18.521158                   1_GWF-(1,31,174)       120.44016                   1_GWF-(1,20,354)
       2791         14        191       37.246732                   1_GWF-(1,31,172)       170.96245                  1_GWF-(1,101,265)
       2792         14        192       132.27409                   1_GWF-(1,31,172)      -474.50886                   1_GWF-(1,55,243)
       2793         14        193      -417.58978                   1_GWF-(1,31,174)      -564.86664                   1_GWF-(1,55,243)
       2794         14        194       153.92540                   1_GWF-(1,31,173)       229.05938                   1_GWF-(1,55,243)
       2795         14        195       33.502167                   1_GWF-(1,31,174)      -150.20239                   1_GWF-(1,55,243)
       2796         14        196       22.595141                   1_GWF-(1,31,174)       128.56627                   1_GWF-(1,55,243)
       2797         14        197       25.082717                   1_GWF-(1,31,174)       93.508252                   1_GWF-(1,56,243)
       2798         14        198       21.034925                   1_GWF-(1,31,171)      -111.03416                  1_GWF-(1,102,265)
       2799         14        199       24.972179                   1_GWF-(1,31,171)      -162.02934                   1_GWF-(1,55,244)
       2800         14        200       34.391675                   1_GWF-(1,31,173)       200.82487                   1_GWF-(1,55,244)
       2801         15          1       6.7090538                  1_GWF-(1,114,177)       547.14882                   1_GWF-(1,61,233)
       2802         15          2      -5.0008832                   1_GWF-(1,61,233)      -228.75331                  1_GWF-(1,113,177)
       2803         15          3      -4.8229816                   1_GWF-(1,61,233)       180.39968                  1_GWF-(1,113,179)
       2804         15          4      -3.3694880                   1_GWF-(1,61,233)      -271.95781                   1_GWF-(1,61,233)
       2805         15          5      -8.6124341                  1_GWF-(1,102,277)      -319.73005                   1_GWF-(1,61,233)
       2806         15          6      -12.213383                  1_GWF-(1,102,277)       253.20340                   1_GWF-(1,61,232)
       2807         15          7      -6.7077490                  1_GWF-(1,102,277)      -202.65917                   1_GWF-(1,17,355)
       2808         15          8      -5.0156818                  1_GWF-(1,110,177)       211.99511                   1_GWF-(1,17,355)
       2809         15          9      -4.2619697                  1_GWF-(1,108,178)      -263.75402                   1_GWF-(1,17,355)
       2810         15         10      -2.9126129                   1_GWF-(1,96,268)       207.76868                   1_GWF-(1,17,355)
       2811         15         11      -5.4323501                   1_GWF-(1,96,268)      -218.29762                   1_GWF-(1,59,234)
       2812         15         12      -8.6757501                   1_GWF-(1,96,268)      -243.78081                  1_GWF-(1,110,177)
       2813         15         13      -24.980872                   1_GWF-(1,96,268)       578.35833                  1_GWF-(1,111,181)
       2814         15         14      -593.37182                   1_GWF-(1,96,268)      -5999.7654                  1_GWF-(1,111,181)
       2815         15         15       686.97033                   1_GWF-(1,96,268)      -518.09143                   1_GWF-(1,61,232)
       2816         15         16      -27.799756                   1_GWF-(1,96,268)       299.07684                   1_GWF-(1,24,350)
       2817         15         17      -10.809347                   1_GWF-(1,96,268)      -179.49205                   1_GWF-(1,24,350)
       2818         15         18      -4.8701088                   1_GWF-(1,96,268)       118.33177                   1_GWF-(1,59,234)
       2819         15         19      -3.7848177                   1_GWF-(1,96,268)       109.77676                   1_GWF-(1,60,233)
       2820         15         20      -2.8419915                   1_GWF-(1,96,268)       83.532187                  1_GWF-(1,111,181)
       2821         15         21      -3.6652958                   1_GWF-(1,96,268)      -95.372274                  1_GWF-(1,110,177)
       2822         15         22      -3.8774466                   1_GWF-(1,96,268)       124.52561                   1_GWF-(1,60,233)
       2823         15         23      -9.2018321                   1_GWF-(1,96,268)      -213.77566                   1_GWF-(1,17,352)
       2824         15         24      -49.137895                    1_GWF-(1,85,94)       843.76043                   1_GWF-(1,17,352)
       2825         15         25       134.49828                    1_GWF-(1,85,94)       602.25727                   1_GWF-(1,17,352)
       2826         15         26      -27.552814                    1_GWF-(1,85,94)      -266.98601                   1_GWF-(1,17,352)
       2827         15         27      -12.517028                   1_GWF-(1,96,268)       148.94652                   1_GWF-(1,60,233)
       2828         15         28      -11.056617                   1_GWF-(1,96,268)       155.42892                  1_GWF-(1,109,183)
       2829         15         29      -8.2499852                   1_GWF-(1,96,268)      -128.92814                  1_GWF-(1,109,183)
       2830         15         30      -7.6789704                   1_GWF-(1,96,268)      -103.33619                   1_GWF-(1,59,233)
       2831         15         31      -6.2530518                   1_GWF-(1,96,268)       85.208294                  1_GWF-(1,109,183)
       2832         15         32       14.722970                    1_GWF-(1,85,94)      -219.23384                  1_GWF-(1,109,183)
       2833         15         33       309.09549                    1_GWF-(1,85,94)      -1438.7234                   1_GWF-(1,58,233)
       2834         15         34      -394.09729                    1_GWF-(1,85,94)      -195.09583                   1_GWF-(1,57,236)
       2835         15         35       20.527389                    1_GWF-(1,85,94)      -110.74068                   1_GWF-(1,59,233)
       2836         15         36       4.5882937                    1_GWF-(1,85,94)      -80.380978                   1_GWF-(1,22,355)
       2837         15         37      -2.2463747                   1_GWF-(1,96,268)       78.659828                   1_GWF-(1,22,355)
       2838         15         38      -3.0382483                   1_GWF-(1,96,268)      -96.694189                   1_GWF-(1,22,355)
       2839         15         39      -4.3300188                   1_GWF-(1,96,268)       125.07097                   1_GWF-(1,22,355)
       2840         15         40      -13.205707                   1_GWF-(1,96,268)      -258.72430                   1_GWF-(1,22,355)
       2841         15         41      -204.65087                   1_GWF-(1,96,268)       1732.7103                   1_GWF-(1,22,355)
       2842         15         42       251.20025                   1_GWF-(1,96,268)       201.74176                   1_GWF-(1,59,233)
       2843         15         43      -12.157058                   1_GWF-(1,96,268)      -74.106710                   1_GWF-(1,19,355)
       2844         15         44      -5.0089203                   1_GWF-(1,96,268)      -73.706246                   1_GWF-(1,59,233)
       2845         15         45      -4.6757638                   1_GWF-(1,96,268)      -59.077851                  1_GWF-(1,110,183)
       2846         15         46      -5.6276686                   1_GWF-(1,96,268)       74.920761                  1_GWF-(1,110,183)
       2847         15         47      -4.9267675                   1_GWF-(1,96,268)      -67.992092                   1_GWF-(1,60,228)
       2848         15         48      -5.8010136                   1_GWF-(1,96,268)      -99.943665                   1_GWF-(1,17,355)
       2849         15         49      -10.399864                   1_GWF-(1,96,268)       175.29158                   1_GWF-(1,17,355)
       2850         15         50      -35.819880                   1_GWF-(1,96,268)      -628.68631                   1_GWF-(1,17,355)
       2851         15         51       781.15668                   1_GWF-(1,96,268)      -8636.5641                   1_GWF-(1,17,355)
       2852         15         52      -697.47483                   1_GWF-(1,96,268)       353.51165                   1_GWF-(1,17,355)
       2853         15         53      -15.645604                   1_GWF-(1,96,268)      -113.19454                   1_GWF-(1,17,355)
       2854         15         54      -6.4869755                   1_GWF-(1,96,268)       64.169853                   1_GWF-(1,60,228)
       2855         15         55      -5.0338925                   1_GWF-(1,96,268)       57.188157                  1_GWF-(1,110,182)
       2856         15         56      -3.4498005                   1_GWF-(1,96,268)       32.825214                   1_GWF-(1,58,233)
       2857         15         57      -2.5221341                   1_GWF-(1,96,268)       41.583630                   1_GWF-(1,61,204)
       2858         15         58      -4.5494170                   1_GWF-(1,96,268)       100.84188                  1_GWF-(1,110,182)
       2859         15         59      -15.301341                   1_GWF-(1,96,268)      -169.27149                  1_GWF-(1,110,182)
       2860         15         60       442.01957                   1_GWF-(1,96,268)       1855.2381                  1_GWF-(1,109,183)
       2861         15         61      -385.19197                   1_GWF-(1,96,268)       146.00523                  1_GWF-(1,112,181)
       2862         15         62      -19.077312                   1_GWF-(1,96,268)       92.228484                   1_GWF-(1,24,350)
       2863         15         63      -6.1446368                   1_GWF-(1,96,268)       82.050320                   1_GWF-(1,23,351)
       2864         15         64      -3.6896467                   1_GWF-(1,96,268)      -80.981827                   1_GWF-(1,23,351)
       2865         15         65      -3.3146984                   1_GWF-(1,96,268)      -67.845098                   1_GWF-(1,24,350)
       2866         15         66      -3.6084433                   1_GWF-(1,96,268)       53.781474                   1_GWF-(1,24,350)
       2867         15         67      -5.5652692                   1_GWF-(1,96,268)      -81.369060                  1_GWF-(1,109,183)
       2868         15         68      -12.971384                   1_GWF-(1,96,268)      -145.28478                  1_GWF-(1,112,181)
       2869         15         69       193.83795                   1_GWF-(1,96,268)       861.15930                   1_GWF-(1,60,230)
       2870         15         70      -153.26368                   1_GWF-(1,96,268)      -119.90560                   1_GWF-(1,19,352)
       2871         15         71      -10.433140                   1_GWF-(1,96,268)       56.423119                   1_GWF-(1,19,352)
       2872         15         72      -5.0140683                   1_GWF-(1,96,268)       49.746871                  1_GWF-(1,115,183)
       2873         15         73      -3.9580186                   1_GWF-(1,96,268)      -43.467719                  1_GWF-(1,119,186)
       2874         15         74      -5.1038125                   1_GWF-(1,96,268)      -56.081841                   1_GWF-(1,55,244)
       2875         15         75      -9.0474025                   1_GWF-(1,96,268)      -108.90950                  1_GWF-(1,116,183)
       2876         15         76      -43.448883                   1_GWF-(1,96,268)      -363.11984                  1_GWF-(1,114,179)
       2877         15         77       101.70027                   1_GWF-(1,96,268)      -166.31835                  1_GWF-(1,114,179)
       2878         15         78      -24.824985                   1_GWF-(1,96,268)      -68.983487                  1_GWF-(1,115,183)
       2879         15         79      -8.5622712                   1_GWF-(1,96,268)       50.942150                  1_GWF-(1,113,181)
       2880         15         80      -4.9086869                   1_GWF-(1,96,268)      -50.841635                  1_GWF-(1,113,181)
       2881         15         81      -4.3697950                   1_GWF-(1,96,268)      -42.370722                  1_GWF-(1,112,182)
       2882         15         82      -6.8337077                   1_GWF-(1,96,268)       85.768673                  1_GWF-(1,112,182)
       2883         15         83      -9.9784463                   1_GWF-(1,96,268)      -154.02407                   1_GWF-(1,17,355)
       2884         15         84      -16.071097                   1_GWF-(1,96,268)       318.98456                   1_GWF-(1,17,355)
       2885         15         85      -50.643209                   1_GWF-(1,96,268)      -715.59357                   1_GWF-(1,17,355)
       2886         15         86       153.08948                   1_GWF-(1,96,268)      -494.40260                   1_GWF-(1,17,355)
       2887         15         87      -48.969991                   1_GWF-(1,96,268)       102.64341                   1_GWF-(1,17,355)
       2888         15         88      -12.211230                   1_GWF-(1,96,268)      -49.749648                   1_GWF-(1,58,234)
       2889         15         89      -6.7410717                   1_GWF-(1,96,268)      -63.422222                  1_GWF-(1,114,184)
       2890         15         90      -6.1672951                   1_GWF-(1,96,268)       51.874503                   1_GWF-(1,20,355)
       2891         15         91      -5.6009790                   1_GWF-(1,96,268)      -52.053780                   1_GWF-(1,62,228)
       2892         15         92      -9.7761988                   1_GWF-(1,96,268)      -66.734573                  1_GWF-(1,110,183)
       2893         15         93      -13.559320                   1_GWF-(1,96,268)      -118.57977                   1_GWF-(1,22,355)
       2894         15         94      -38.605455                   1_GWF-(1,96,268)       397.68405                   1_GWF-(1,22,355)
       2895         15         95       284.44654                   1_GWF-(1,96,268)       1321.0057                   1_GWF-(1,22,355)
       2896         15         96      -190.19181                   1_GWF-(1,96,268)      -210.65224                   1_GWF-(1,22,355)
       2897         15         97      -17.340276                   1_GWF-(1,96,268)       99.934805                   1_GWF-(1,22,355)
       2898         15         98      -6.9550236                   1_GWF-(1,96,268)      -64.999926                   1_GWF-(1,22,355)
       2899         15         99      -4.7487749                   1_GWF-(1,96,268)      -44.672144                  1_GWF-(1,123,180)
       2900         15        100      -4.5006967                   1_GWF-(1,96,268)       41.395708                  1_GWF-(1,109,180)
       2901         15        101      -2.6981007                   1_GWF-(1,96,268)      -44.828291                  1_GWF-(1,109,180)
       2902         15        102      -5.5383847                   1_GWF-(1,96,268)       53.209437                  1_GWF-(1,124,197)
       2903         15        103      -17.214821                   1_GWF-(1,96,268)       162.67139                   1_GWF-(1,24,350)
       2904         15        104       195.60613                   1_GWF-(1,96,268)      -1545.3862                   1_GWF-(1,23,351)
       2905         15        105      -148.18750                   1_GWF-(1,96,268)       162.79584                   1_GWF-(1,23,351)
       2906         15        106      -8.4947991                   1_GWF-(1,96,268)      -69.366651                   1_GWF-(1,23,351)
       2907         15        107      -4.8346685                   1_GWF-(1,96,268)      -42.946201                   1_GWF-(1,24,350)
       2908         15        108      -3.3502898                   1_GWF-(1,96,268)      -41.904649                   1_GWF-(1,17,352)
       2909         15        109      -3.7868218                   1_GWF-(1,96,268)       58.927327                   1_GWF-(1,17,352)
       2910         15        110      -6.5982423                   1_GWF-(1,96,268)      -85.952973                   1_GWF-(1,17,352)
       2911         15        111      -17.769137                   1_GWF-(1,96,268)       181.82900                   1_GWF-(1,17,352)
       2912         15        112      -309.36939                   1_GWF-(1,96,268)      -2144.0647                   1_GWF-(1,17,352)
       2913         15        113       375.93275                   1_GWF-(1,96,268)      -352.94801                   1_GWF-(1,17,352)
       2914         15        114      -23.311044                   1_GWF-(1,96,268)       145.86753                   1_GWF-(1,17,352)
       2915         15        115      -8.7525153                   1_GWF-(1,96,268)      -95.986496                   1_GWF-(1,17,352)
       2916         15        116      -5.4786424                   1_GWF-(1,96,268)       50.680196                   1_GWF-(1,17,352)
       2917         15        117      -3.2754702                   1_GWF-(1,96,268)       41.811510                   1_GWF-(1,17,355)
       2918         15        118      -3.7417261                   1_GWF-(1,96,268)      -78.282798                   1_GWF-(1,17,355)
       2919         15        119      -4.7910533                   1_GWF-(1,96,268)       151.90250                   1_GWF-(1,17,355)
       2920         15        120      -7.8213958                   1_GWF-(1,96,268)      -233.45406                   1_GWF-(1,17,355)
       2921         15        121      -28.779292                   1_GWF-(1,96,268)       537.41325                   1_GWF-(1,17,355)
       2922         15        122       127.81533                   1_GWF-(1,96,268)       712.33945                   1_GWF-(1,17,355)
       2923         15        123      -59.723249                   1_GWF-(1,96,268)      -110.36577                   1_GWF-(1,17,355)
       2924         15        124      -11.075580                   1_GWF-(1,96,268)      -53.832942                  1_GWF-(1,113,178)
       2925         15        125      -4.5453347                   1_GWF-(1,96,268)       42.275640                  1_GWF-(1,101,261)
       2926         15        126      -3.8168612                   1_GWF-(1,96,268)       52.827037                  1_GWF-(1,101,261)
       2927         15        127      -4.8780655                   1_GWF-(1,96,268)       60.277025                  1_GWF-(1,101,261)
       2928         15        128      -8.1849594                   1_GWF-(1,96,268)       64.904515                  1_GWF-(1,123,185)
       2929         15        129      -13.472172                   1_GWF-(1,96,268)      -111.65836                  1_GWF-(1,100,263)
       2930         15        130      -28.074206                   1_GWF-(1,96,268)      -186.86183                  1_GWF-(1,100,263)
       2931         15        131       1093.1815                   1_GWF-(1,96,268)       3819.4065                  1_GWF-(1,120,207)
       2932         15        132      -1015.0626                   1_GWF-(1,96,268)      -158.35605                  1_GWF-(1,108,181)
       2933         15        133      -17.024207                   1_GWF-(1,96,268)       86.526661                  1_GWF-(1,101,261)
       2934         15        134      -6.8588557                   1_GWF-(1,96,268)      -71.416942                  1_GWF-(1,100,263)
       2935         15        135      -5.1219584                   1_GWF-(1,96,268)      -63.830864                  1_GWF-(1,100,263)
       2936         15        136      -5.2798779                   1_GWF-(1,96,268)      -62.125002                   1_GWF-(1,24,350)
       2937         15        137      -5.5843863                   1_GWF-(1,96,268)       106.18512                   1_GWF-(1,24,350)
       2938         15        138       10.353273                   1_GWF-(1,31,171)       190.95658                   1_GWF-(1,23,351)
       2939         15        139       44.192792                   1_GWF-(1,31,171)      -552.30049                   1_GWF-(1,23,351)
       2940         15        140      -202.61398                   1_GWF-(1,31,171)      -761.93039                  1_GWF-(1,100,263)
       2941         15        141       106.21101                   1_GWF-(1,31,171)      -170.08446                  1_GWF-(1,100,263)
       2942         15        142       19.157082                   1_GWF-(1,31,174)       89.384528                   1_GWF-(1,24,350)
       2943         15        143       8.1700170                   1_GWF-(1,31,174)      -45.971149                   1_GWF-(1,61,231)
       2944         15        144       4.8502408                   1_GWF-(1,31,174)       50.059431                  1_GWF-(1,100,263)
       2945         15        145       3.6298902                   1_GWF-(1,31,171)       64.849270                  1_GWF-(1,100,263)
       2946         15        146       4.9057767                   1_GWF-(1,31,171)       69.654489                  1_GWF-(1,100,263)
       2947         15        147       14.646709                   1_GWF-(1,31,171)      -139.12557                  1_GWF-(1,109,179)
       2948         15        148       283.25309                   1_GWF-(1,31,174)      -1515.7833                  1_GWF-(1,119,208)
       2949         15        149      -349.54197                   1_GWF-(1,31,174)      -312.13213                   1_GWF-(1,17,355)
       2950         15        150       20.010398                   1_GWF-(1,31,174)       229.29483                   1_GWF-(1,17,355)
       2951         15        151       8.3373614                   1_GWF-(1,31,174)      -184.37504                   1_GWF-(1,17,355)
       2952         15        152       5.4925367                   1_GWF-(1,31,174)       108.86588                   1_GWF-(1,17,355)
       2953         15        153       3.1718611                   1_GWF-(1,31,171)      -86.531898                   1_GWF-(1,17,355)
       2954         15        154       5.8573872                   1_GWF-(1,31,171)       90.717740                   1_GWF-(1,17,355)
       2955         15        155       9.7260531                   1_GWF-(1,31,171)      -127.20255                   1_GWF-(1,22,355)
       2956         15        156       25.279261                   1_GWF-(1,31,174)       246.01860                   1_GWF-(1,22,355)
       2957         15        157       144.28644                   1_GWF-(1,31,174)      -1114.1802                   1_GWF-(1,22,355)
       2958         15        158      -293.72468                   1_GWF-(1,31,174)      -523.53703                   1_GWF-(1,22,355)
       2959         15        159       66.315508                   1_GWF-(1,31,174)       220.45640                   1_GWF-(1,22,355)
       2960         15        160       19.157654                   1_GWF-(1,31,174)      -104.57277                   1_GWF-(1,22,355)
       2961         15        161       9.4103162                   1_GWF-(1,31,171)      -70.757207                  1_GWF-(1,100,263)
       2962         15        162       7.5235850                   1_GWF-(1,31,171)      -94.174572                  1_GWF-(1,100,263)
       2963         15        163       11.813876                   1_GWF-(1,31,171)      -110.09527                  1_GWF-(1,100,263)
       2964         15        164       17.449611                   1_GWF-(1,31,174)      -129.09062                   1_GWF-(1,74,205)
       2965         15        165       28.888414                   1_GWF-(1,31,174)       183.79963                   1_GWF-(1,18,355)
       2966         15        166       94.874259                   1_GWF-(1,31,171)       330.11891                  1_GWF-(1,120,212)
       2967         15        167      -2375.5355                   1_GWF-(1,31,171)       4377.1117                  1_GWF-(1,114,182)
       2968         15        168       2111.9077                   1_GWF-(1,31,171)      -250.68274                  1_GWF-(1,100,263)
       2969         15        169       65.613206                   1_GWF-(1,31,171)      -155.88351                   1_GWF-(1,74,205)
       2970         15        170       33.477449                   1_GWF-(1,31,171)       127.47607                  1_GWF-(1,100,267)
       2971         15        171       20.317256                   1_GWF-(1,31,174)       94.879286                  1_GWF-(1,100,267)
       2972         15        172       10.904218                   1_GWF-(1,31,174)      -73.091187                  1_GWF-(1,100,264)
       2973         15        173       8.4990711                   1_GWF-(1,31,174)       82.313157                  1_GWF-(1,114,182)
       2974         15        174       10.713445                   1_GWF-(1,31,171)      -100.93038                  1_GWF-(1,112,178)
       2975         15        175       26.861949                   1_GWF-(1,31,171)      -185.65368                   1_GWF-(1,23,351)
       2976         15        176       138.38958                   1_GWF-(1,31,171)      -925.89443                   1_GWF-(1,24,350)
       2977         15        177      -353.36191                   1_GWF-(1,31,171)      -733.60070                   1_GWF-(1,24,350)
       2978         15        178       99.781231                   1_GWF-(1,31,171)       221.61332                   1_GWF-(1,24,350)
       2979         15        179       28.517050                   1_GWF-(1,31,174)      -98.502012                  1_GWF-(1,100,264)
       2980         15        180       15.017814                   1_GWF-(1,31,174)       77.916911                   1_GWF-(1,28,347)
       2981         15        181       9.0269053                   1_GWF-(1,31,173)      -85.776736                  1_GWF-(1,100,267)
       2982         15        182       10.357037                   1_GWF-(1,31,171)       141.79803                   1_GWF-(1,17,355)
       2983         15        183       12.552201                   1_GWF-(1,31,171)      -234.15654                   1_GWF-(1,17,355)
       2984         15        184       22.910218                   1_GWF-(1,31,174)       464.00734                   1_GWF-(1,17,355)
       2985         15        185       62.498023                   1_GWF-(1,31,174)      -611.75833                   1_GWF-(1,17,355)
       2986         15        186       833.41186                   1_GWF-(1,31,174)      -2178.0113                   1_GWF-(1,16,356)
       2987         15        187      -1106.4132                   1_GWF-(1,31,174)      -391.58996                  1_GWF-(1,100,267)
       2988         15        188       97.300205                   1_GWF-(1,31,174)       141.48683                  1_GWF-(1,100,274)
       2989         15        189       42.552481                   1_GWF-(1,31,171)       131.96408                  1_GWF-(1,100,264)
       2990         15        190       20.724325                   1_GWF-(1,31,171)       120.82580                  1_GWF-(1,100,264)
       2991         15        191       13.435393                   1_GWF-(1,31,171)       99.057771                  1_GWF-(1,100,267)
       2992         15        192       14.475439                   1_GWF-(1,31,174)       170.00593                   1_GWF-(1,17,352)
       2993         15        193       21.861542                   1_GWF-(1,31,174)      -248.76402                   1_GWF-(1,17,352)
       2994         15        194       56.125923                   1_GWF-(1,31,173)       405.43015                   1_GWF-(1,17,352)
       2995         15        195      -1611.9482                   1_GWF-(1,31,171)       5672.9882                  1_GWF-(1,100,264)
       2996         15        196       1429.2523                   1_GWF-(1,31,171)       311.31724                  1_GWF-(1,100,264)
       2997         15        197       45.755381                   1_GWF-(1,31,171)       244.54136                   1_GWF-(1,17,352)
       2998         15        198       23.461086                   1_GWF-(1,31,171)      -216.73630                   1_GWF-(1,17,352)
       2999         15        199       14.741262                   1_GWF-(1,31,174)       150.90937                   1_GWF-(1,17,352)
       3000         15        200       19.687762                   1_GWF-(1,31,174)      -174.23016                  1_GWF-(1,100,264)
       3001         16          1      -2.7912132                   1_GWF-(1,73,210)       200.60932                   1_GWF-(1,72,210)
       3002         16          2      -1.2268145                   1_GWF-(1,73,210)      -84.891034                   1_GWF-(1,17,352)
       3003         16          3      -1.8465554                  1_GWF-(1,119,208)       123.49924                   1_GWF-(1,17,352)
       3004         16          4      -2.9330133                  1_GWF-(1,119,208)      -138.74751                   1_GWF-(1,17,352)
       3005         16          5      -2.3050834                  1_GWF-(1,120,208)       119.96606                   1_GWF-(1,73,209)
       3006         16          6      -3.3594101                  1_GWF-(1,120,212)       98.994508                   1_GWF-(1,76,202)
       3007         16          7      -3.4974829                   1_GWF-(1,95,267)      -124.36161                   1_GWF-(1,72,209)
       3008         16          8      -3.8716700                   1_GWF-(1,95,267)      -78.201537                   1_GWF-(1,72,210)
       3009         16          9      -3.7917630                   1_GWF-(1,95,267)      -126.06094                   1_GWF-(1,72,208)
       3010         16         10      -4.4898741                   1_GWF-(1,95,267)       74.664074                   1_GWF-(1,72,208)
       3011         16         11      -5.1106580                   1_GWF-(1,95,267)       134.52701                   1_GWF-(1,17,355)
       3012         16         12      -11.167670                   1_GWF-(1,95,267)      -212.24605                   1_GWF-(1,17,355)
       3013         16         13      -126.56471                   1_GWF-(1,95,267)       1786.1819                   1_GWF-(1,17,355)
       3014         16         14       184.24636                   1_GWF-(1,95,267)       376.17268                   1_GWF-(1,17,355)
       3015         16         15      -16.929126                   1_GWF-(1,95,267)      -135.95528                   1_GWF-(1,17,355)
       3016         16         16      -5.6019525                   1_GWF-(1,95,267)       83.866576                   1_GWF-(1,22,355)
       3017         16         17      -3.3769830                   1_GWF-(1,95,267)      -64.338729                   1_GWF-(1,22,355)
       3018         16         18      -3.9351394                   1_GWF-(1,95,267)       58.224310                   1_GWF-(1,22,355)
       3019         16         19      -4.0523140                   1_GWF-(1,95,267)      -68.226273                   1_GWF-(1,76,205)
       3020         16         20      -5.1422570                   1_GWF-(1,95,267)       73.868780                   1_GWF-(1,73,210)
       3021         16         21      -8.7659634                   1_GWF-(1,95,267)       101.93493                   1_GWF-(1,76,205)
       3022         16         22      -20.289948                   1_GWF-(1,95,267)      -169.43896                   1_GWF-(1,73,210)
       3023         16         23      -289.41422                   1_GWF-(1,95,267)      -1382.8885                   1_GWF-(1,24,350)
       3024         16         24       373.78083                   1_GWF-(1,95,267)      -295.64115                   1_GWF-(1,24,350)
       3025         16         25      -30.972415                   1_GWF-(1,95,267)      -143.73834                   1_GWF-(1,23,351)
       3026         16         26      -9.4150458                   1_GWF-(1,95,267)       71.827302                   1_GWF-(1,23,351)
       3027         16         27      -6.4098809                   1_GWF-(1,95,267)      -57.708367                  1_GWF-(1,100,274)
       3028         16         28      -6.4494424                   1_GWF-(1,95,267)       49.935734                   1_GWF-(1,76,203)
       3029         16         29      -6.9914749                   1_GWF-(1,95,267)       59.489039                   1_GWF-(1,21,351)
       3030         16         30      -12.472276                   1_GWF-(1,95,267)      -113.82533                  1_GWF-(1,100,274)
       3031         16         31      -41.246442                   1_GWF-(1,95,267)      -220.50212                   1_GWF-(1,73,206)
       3032         16         32       331.34309                   1_GWF-(1,95,267)      -872.31834                   1_GWF-(1,76,203)
       3033         16         33      -231.67946                   1_GWF-(1,95,267)       148.02903                  1_GWF-(1,100,274)
       3034         16         34      -21.190597                   1_GWF-(1,95,267)      -105.97930                  1_GWF-(1,100,274)
       3035         16         35      -9.9210460                   1_GWF-(1,95,267)      -69.145233                   1_GWF-(1,74,207)
       3036         16         36      -9.5301097                   1_GWF-(1,95,267)       56.692850                   1_GWF-(1,62,228)
       3037         16         37      -6.8843912                   1_GWF-(1,95,267)      -65.249139                  1_GWF-(1,100,274)
       3038         16         38      -6.0135438                   1_GWF-(1,95,267)       70.402173                  1_GWF-(1,100,274)
       3039         16         39      -10.355862                   1_GWF-(1,95,267)      -90.211231                   1_GWF-(1,19,351)
       3040         16         40      -35.776194                   1_GWF-(1,95,267)       262.71313                   1_GWF-(1,74,207)
       3041         16         41       212.14561                   1_GWF-(1,95,267)      -618.32108                  1_GWF-(1,100,274)
       3042         16         42      -113.50702                   1_GWF-(1,95,267)       148.99374                  1_GWF-(1,100,274)
       3043         16         43      -21.847083                   1_GWF-(1,95,267)       93.457321                   1_GWF-(1,75,203)
       3044         16         44      -13.199659                   1_GWF-(1,95,267)      -85.080567                  1_GWF-(1,122,198)
       3045         16         45      -9.1799048                   1_GWF-(1,95,267)      -64.963347                   1_GWF-(1,75,203)
       3046         16         46      -5.9800925                   1_GWF-(1,95,267)       53.172023                   1_GWF-(1,71,210)
       3047         16         47      -5.3286302                   1_GWF-(1,95,267)      -68.657064                   1_GWF-(1,21,353)
       3048         16         48      -8.1051425                   1_GWF-(1,95,267)       118.10169                   1_GWF-(1,21,353)
       3049         16         49      -16.974350                   1_GWF-(1,95,267)      -174.83134                   1_GWF-(1,21,353)
       3050         16         50      -79.671684                   1_GWF-(1,95,267)       404.48367                   1_GWF-(1,76,203)
       3051         16         51       157.39719                   1_GWF-(1,95,267)       160.26645                   1_GWF-(1,18,355)
       3052         16         52      -26.606359                   1_GWF-(1,95,267)       83.564532                   1_GWF-(1,76,203)
       3053         16         53      -8.0402013                   1_GWF-(1,95,267)       95.395289                   1_GWF-(1,17,355)
       3054         16         54      -4.8532970                   1_GWF-(1,95,267)      -104.78438                   1_GWF-(1,17,355)
       3055         16         55      -5.1461258                   1_GWF-(1,95,267)       138.55519                   1_GWF-(1,17,355)
       3056         16         56      -5.2521189                   1_GWF-(1,95,267)      -88.015398                   1_GWF-(1,17,355)
       3057         16         57      -5.2933062                   1_GWF-(1,95,267)       63.936382                   1_GWF-(1,17,355)
       3058         16         58      -9.4994175                   1_GWF-(1,95,267)       84.464862                   1_GWF-(1,23,350)
       3059         16         59      -21.439522                   1_GWF-(1,95,267)      -129.59713                   1_GWF-(1,23,350)
       3060         16         60      -354.02260                   1_GWF-(1,95,267)       1014.3328                   1_GWF-(1,61,232)
       3061         16         61       443.40098                   1_GWF-(1,95,267)      -136.83614                   1_GWF-(1,19,355)
       3062         16         62      -31.187963                   1_GWF-(1,95,267)      -92.631276                   1_GWF-(1,24,350)
       3063         16         63      -11.411482                   1_GWF-(1,95,267)       91.729969                   1_GWF-(1,24,350)
       3064         16         64      -6.3166992                   1_GWF-(1,95,267)      -79.409824                   1_GWF-(1,24,350)
       3065         16         65      -5.2824836                   1_GWF-(1,95,267)      -88.078583                   1_GWF-(1,23,351)
       3066         16         66      -4.9714107                   1_GWF-(1,95,267)       71.818307                   1_GWF-(1,23,351)
       3067         16         67      -8.0956622                   1_GWF-(1,95,267)       76.260217                   1_GWF-(1,27,348)
       3068         16         68      -19.810808                   1_GWF-(1,95,267)      -120.97796                   1_GWF-(1,27,348)
       3069         16         69       1119.2371                   1_GWF-(1,95,267)       3409.5938                  1_GWF-(1,123,196)
       3070         16         70      -1058.1668                   1_GWF-(1,95,267)      -170.50239                   1_GWF-(1,22,355)
       3071         16         71      -20.460997                   1_GWF-(1,95,267)       144.86686                   1_GWF-(1,22,355)
       3072         16         72      -6.5697310                   1_GWF-(1,95,267)      -99.961693                   1_GWF-(1,22,355)
       3073         16         73      -3.3813964                   1_GWF-(1,95,267)       51.710891                   1_GWF-(1,22,355)
       3074         16         74      -3.4949929                   1_GWF-(1,95,267)      -47.914775                   1_GWF-(1,21,351)
       3075         16         75      -5.8189057                   1_GWF-(1,95,267)      -54.774331                  1_GWF-(1,120,209)
       3076         16         76      -14.278165                   1_GWF-(1,95,267)      -144.08146                   1_GWF-(1,21,350)
       3077         16         77       130.09405                   1_GWF-(1,95,267)      -634.56942                   1_GWF-(1,21,350)
       3078         16         78      -85.539299                   1_GWF-(1,95,267)       96.072870                   1_GWF-(1,17,352)
       3079         16         79      -11.730845                   1_GWF-(1,95,267)      -86.714224                   1_GWF-(1,17,352)
       3080         16         80      -4.5097229                   1_GWF-(1,95,267)       79.000515                   1_GWF-(1,17,352)
       3081         16         81      -2.8365353                   1_GWF-(1,95,267)      -60.715970                   1_GWF-(1,17,352)
       3082         16         82      -2.1386951                   1_GWF-(1,95,267)       59.595008                   1_GWF-(1,17,352)
       3083         16         83      -2.5571492                   1_GWF-(1,95,267)      -61.634717                   1_GWF-(1,17,352)
       3084         16         84       5.9678720                    1_GWF-(1,90,82)      -100.34989                   1_GWF-(1,22,353)
       3085         16         85       40.041324                    1_GWF-(1,90,82)      -450.95130                   1_GWF-(1,18,353)
       3086         16         86      -83.157210                    1_GWF-(1,90,82)      -176.88280                   1_GWF-(1,18,353)
       3087         16         87       15.753796                    1_GWF-(1,90,82)      -71.574477                   1_GWF-(1,19,355)
       3088         16         88      -4.1897396                   1_GWF-(1,95,267)       55.889299                   1_GWF-(1,22,350)
       3089         16         89       2.3737557                   1_GWF-(1,31,132)      -54.949591                   1_GWF-(1,22,350)
       3090         16         90       1.5413999                   1_GWF-(1,31,129)       45.488809                   1_GWF-(1,22,350)
       3091         16         91       2.2219322                   1_GWF-(1,31,129)       65.292609                   1_GWF-(1,23,349)
       3092         16         92       3.9089170                   1_GWF-(1,31,132)      -106.39586                   1_GWF-(1,23,349)
       3093         16         93       14.933918                   1_GWF-(1,31,132)       182.32586                   1_GWF-(1,21,351)
       3094         16         94      -91.966664                   1_GWF-(1,31,132)       441.04284                   1_GWF-(1,56,241)
       3095         16         95       51.381030                   1_GWF-(1,31,132)      -128.74876                   1_GWF-(1,56,241)
       3096         16         96       8.4674753                   1_GWF-(1,31,132)       56.744607                  1_GWF-(1,120,209)
       3097         16         97       3.3342405                   1_GWF-(1,31,129)       60.791635                   1_GWF-(1,21,355)
       3098         16         98       2.6108537                   1_GWF-(1,31,129)      -78.718711                   1_GWF-(1,24,350)
       3099         16         99       2.6869004                   1_GWF-(1,31,171)       82.582205                   1_GWF-(1,24,350)
       3100         16        100       3.1494601                   1_GWF-(1,31,171)       93.462850                   1_GWF-(1,23,351)
       3101         16        101       6.3257253                   1_GWF-(1,31,171)      -118.06179                   1_GWF-(1,21,355)
       3102         16        102       32.690145                   1_GWF-(1,31,171)       380.85095                   1_GWF-(1,21,355)
       3103         16        103      -128.72209                   1_GWF-(1,31,171)       432.76629                   1_GWF-(1,20,355)
       3104         16        104       57.528281                   1_GWF-(1,31,174)      -112.02513                   1_GWF-(1,20,355)
       3105         16        105       10.368342                   1_GWF-(1,31,174)       74.353045                   1_GWF-(1,23,353)
       3106         16        106       6.8750288                   1_GWF-(1,31,174)       65.353462                   1_GWF-(1,17,355)
       3107         16        107       6.5624116                   1_GWF-(1,31,171)      -121.24587                   1_GWF-(1,17,355)
       3108         16        108       7.7381289                   1_GWF-(1,31,171)       210.59968                   1_GWF-(1,17,355)
       3109         16        109       11.427815                   1_GWF-(1,31,171)      -294.35303                   1_GWF-(1,17,355)
       3110         16        110       20.767962                   1_GWF-(1,31,174)       297.01580                   1_GWF-(1,17,355)
       3111         16        111       101.84137                   1_GWF-(1,31,174)      -597.73412                   1_GWF-(1,17,355)
       3112         16        112      -265.50789                   1_GWF-(1,31,174)      -480.52813                   1_GWF-(1,28,352)
       3113         16        113       84.697413                   1_GWF-(1,31,174)       181.95513                   1_GWF-(1,28,352)
       3114         16        114       20.418779                   1_GWF-(1,31,174)      -137.20294                   1_GWF-(1,28,352)
       3115         16        115       11.950952                   1_GWF-(1,31,171)       89.660588                   1_GWF-(1,21,355)
       3116         16        116       9.0823016                   1_GWF-(1,31,171)       83.259852                   1_GWF-(1,23,349)
       3117         16        117       8.0059512                   1_GWF-(1,31,173)      -68.825971                   1_GWF-(1,58,238)
       3118         16        118       8.5897147                   1_GWF-(1,31,174)       79.151263                  1_GWF-(1,100,270)
       3119         16        119       14.872285                   1_GWF-(1,31,174)       109.30918                   1_GWF-(1,24,348)
       3120         16        120       35.725571                   1_GWF-(1,31,174)      -159.82290                   1_GWF-(1,90,155)
       3121         16        121       479.95963                   1_GWF-(1,31,172)       1673.5855                   1_GWF-(1,73,208)
       3122         16        122      -653.60055                   1_GWF-(1,31,174)       479.06229                   1_GWF-(1,17,352)
       3123         16        123       61.902928                   1_GWF-(1,31,171)      -295.46204                   1_GWF-(1,17,352)
       3124         16        124       26.394959                   1_GWF-(1,31,171)      -189.02759                   1_GWF-(1,22,355)
       3125         16        125       12.148336                   1_GWF-(1,31,174)       152.67523                   1_GWF-(1,22,355)
       3126         16        126       9.9040590                   1_GWF-(1,31,174)      -94.447588                   1_GWF-(1,22,355)
       3127         16        127       9.7928505                   1_GWF-(1,31,174)       111.73438                   1_GWF-(1,22,355)
       3128         16        128       14.947950                   1_GWF-(1,31,171)      -147.56428                   1_GWF-(1,22,355)
       3129         16        129       26.537292                   1_GWF-(1,31,171)       217.34607                   1_GWF-(1,17,352)
       3130         16        130       83.984279                   1_GWF-(1,31,132)      -489.11204                   1_GWF-(1,17,352)
       3131         16        131      -707.04433                   1_GWF-(1,31,132)      -2128.1660                   1_GWF-(1,17,352)
       3132         16        132       509.49665                   1_GWF-(1,31,132)       281.65966                   1_GWF-(1,17,352)
       3133         16        133       40.959173                   1_GWF-(1,31,132)      -146.96226                  1_GWF-(1,100,270)
       3134         16        134       15.713516                   1_GWF-(1,31,174)      -101.03596                   1_GWF-(1,24,350)
       3135         16        135       8.2307345                   1_GWF-(1,31,172)      -92.333392                   1_GWF-(1,17,355)
       3136         16        136       6.2294943                   1_GWF-(1,31,171)       110.80793                   1_GWF-(1,17,355)
       3137         16        137       11.533104                   1_GWF-(1,31,171)      -159.68507                   1_GWF-(1,17,355)
       3138         16        138       27.888646                   1_GWF-(1,31,172)       210.04656                   1_GWF-(1,17,355)
       3139         16        139       184.88097                   1_GWF-(1,31,174)       850.84896                   1_GWF-(1,17,352)
       3140         16        140      -330.38836                   1_GWF-(1,31,174)       381.11451                   1_GWF-(1,17,352)
       3141         16        141       56.941440                   1_GWF-(1,31,174)       197.93916                   1_GWF-(1,17,355)
       3142         16        142       16.758456                   1_GWF-(1,31,174)      -176.63424                   1_GWF-(1,17,355)
       3143         16        143       8.3341047                   1_GWF-(1,31,172)       127.79334                   1_GWF-(1,17,355)
       3144         16        144       7.3456057                   1_GWF-(1,31,171)       115.45435                   1_GWF-(1,23,351)
       3145         16        145       14.012096                   1_GWF-(1,31,171)      -155.88530                   1_GWF-(1,25,349)
       3146         16        146       40.901956                   1_GWF-(1,31,174)       224.80860                   1_GWF-(1,56,242)
       3147         16        147       158.76864                   1_GWF-(1,31,174)       461.86995                  1_GWF-(1,100,269)
       3148         16        148      -969.38121                   1_GWF-(1,31,174)       1637.5011                   1_GWF-(1,17,355)
       3149         16        149       621.35099                   1_GWF-(1,31,174)       293.67007                   1_GWF-(1,55,244)
       3150         16        150       72.909560                   1_GWF-(1,31,174)      -181.59596                   1_GWF-(1,18,354)
       3151         16        151       31.799077                   1_GWF-(1,31,171)      -149.93416                   1_GWF-(1,18,353)
       3152         16        152       19.448080                   1_GWF-(1,31,171)       127.93418                  1_GWF-(1,100,269)
       3153         16        153       17.580800                   1_GWF-(1,31,171)      -119.11232                  1_GWF-(1,103,265)
       3154         16        154       19.405045                   1_GWF-(1,31,174)      -122.34468                   1_GWF-(1,22,350)
       3155         16        155       25.050907                   1_GWF-(1,31,174)      -126.26154                   1_GWF-(1,21,351)
       3156         16        156       31.072121                   1_GWF-(1,31,173)      -181.87572                  1_GWF-(1,100,269)
       3157         16        157       79.096308                   1_GWF-(1,31,171)      -331.59076                   1_GWF-(1,21,351)
       3158         16        158      -788.54252                   1_GWF-(1,31,171)      -1465.3062                   1_GWF-(1,55,243)
       3159         16        159       538.66047                   1_GWF-(1,31,171)      -249.96695                   1_GWF-(1,27,348)
       3160         16        160       50.471731                   1_GWF-(1,31,171)       126.05183                   1_GWF-(1,18,353)
       3161         16        161       19.995997                   1_GWF-(1,31,174)      -106.73305                   1_GWF-(1,18,353)
       3162         16        162       19.834665                   1_GWF-(1,31,174)       110.28996                   1_GWF-(1,55,243)
       3163         16        163       18.761929                   1_GWF-(1,31,174)       101.48895                   1_GWF-(1,18,352)
       3164         16        164       23.104157                   1_GWF-(1,31,171)       168.30239                   1_GWF-(1,56,241)
       3165         16        165       63.450110                   1_GWF-(1,31,171)       420.40914                   1_GWF-(1,56,242)
       3166         16        166      -1152.0986                   1_GWF-(1,31,171)       3258.8009                   1_GWF-(1,56,242)
       3167         16        167       914.10093                   1_GWF-(1,31,171)       429.02252                   1_GWF-(1,17,355)
       3168         16        168       54.488390                   1_GWF-(1,31,174)      -449.92738                   1_GWF-(1,17,355)
       3169         16        169       31.859323                   1_GWF-(1,31,174)       420.29042                   1_GWF-(1,17,355)
       3170         16        170       33.100443                   1_GWF-(1,31,174)      -274.93979                   1_GWF-(1,17,355)
       3171         16        171       36.996830                   1_GWF-(1,31,171)       175.83201                   1_GWF-(1,17,355)
       3172         16        172       52.931283                   1_GWF-(1,31,171)       162.47138                   1_GWF-(1,23,350)
       3173         16        173       90.706266                   1_GWF-(1,31,171)       245.38390                   1_GWF-(1,22,351)
       3174         16        174       458.09750                   1_GWF-(1,31,173)      -1397.8309                   1_GWF-(1,22,355)
       3175         16        175      -865.13095                   1_GWF-(1,31,171)      -776.96092                   1_GWF-(1,22,355)
       3176         16        176       177.79638                   1_GWF-(1,31,174)       249.88495                   1_GWF-(1,22,355)
       3177         16        177       40.566848                   1_GWF-(1,31,174)      -201.45632                   1_GWF-(1,23,351)
       3178         16        178       18.029578                   1_GWF-(1,31,174)       158.66191                   1_GWF-(1,23,351)
       3179         16        179       15.057406                   1_GWF-(1,31,171)       117.79901                   1_GWF-(1,24,350)
       3180         16        180       19.941383                   1_GWF-(1,31,171)      -160.60281                   1_GWF-(1,24,350)
       3181         16        181       36.266639                   1_GWF-(1,31,171)       266.85869                   1_GWF-(1,22,355)
       3182         16        182       174.34216                   1_GWF-(1,31,174)      -995.35644                   1_GWF-(1,22,355)
       3183         16        183      -709.03909                   1_GWF-(1,31,174)      -1291.8995                   1_GWF-(1,22,355)
       3184         16        184       302.14892                   1_GWF-(1,31,174)       276.93974                   1_GWF-(1,22,355)
       3185         16        185       55.832027                   1_GWF-(1,31,174)      -187.93591                   1_GWF-(1,19,354)
       3186         16        186       46.285427                   1_GWF-(1,31,174)      -191.21666                   1_GWF-(1,20,353)
       3187         16        187       40.523483                   1_GWF-(1,31,171)       163.61880                   1_GWF-(1,20,353)
       3188         16        188       26.219373                   1_GWF-(1,31,171)       150.79736                   1_GWF-(1,21,352)
       3189         16        189       26.966781                   1_GWF-(1,31,174)      -154.84212                   1_GWF-(1,58,238)
       3190         16        190       40.520476                   1_GWF-(1,31,174)       182.28574                   1_GWF-(1,17,352)
       3191         16        191       84.055532                   1_GWF-(1,31,174)      -288.48209                   1_GWF-(1,17,352)
       3192         16        192       281.76787                   1_GWF-(1,31,174)       844.45846                   1_GWF-(1,17,352)
       3193         16        193      -1097.7530                   1_GWF-(1,31,174)       1339.2700                   1_GWF-(1,17,352)
       3194         16        194       479.66970                   1_GWF-(1,31,172)      -539.74366                   1_GWF-(1,17,352)
       3195         16        195       88.329599                   1_GWF-(1,31,171)       285.13495                   1_GWF-(1,17,352)
       3196         16        196       38.991672                   1_GWF-(1,31,172)      -142.03936                   1_GWF-(1,17,352)
       3197         16        197       25.566280                   1_GWF-(1,31,174)       123.40077                   1_GWF-(1,17,352)
       3198         16        198       31.464655                   1_GWF-(1,31,174)       189.31624                   1_GWF-(1,16,352)
       3199         16        199       51.793648                   1_GWF-(1,31,172)       251.99554                   1_GWF-(1,17,352)
       3200         16        200       96.556425                   1_GWF-(1,31,171)      -416.46966                   1_GWF-(1,17,352)
       3201         17          1      -4.9363091                   1_GWF-(1,61,205)       468.79389                  1_GWF-(1,101,272)
       3202         17          2      -5.3807456                   1_GWF-(1,61,205)      -451.45120                  1_GWF-(1,101,272)
       3203         17          3      -7.5972301                   1_GWF-(1,61,205)      -352.41981                  1_GWF-(1,100,273)
       3204         17          4      -6.3260362                   1_GWF-(1,61,203)      -396.16061                  1_GWF-(1,100,260)
       3205         17          5      -19.360538                   1_GWF-(1,61,202)      -290.02169                   1_GWF-(1,55,243)
       3206         17          6      -14.104892                   1_GWF-(1,61,202)      -234.57199                  1_GWF-(1,100,261)
       3207         17          7      -11.565215                   1_GWF-(1,61,205)      -275.07067                   1_GWF-(1,21,354)
       3208         17          8      -11.159639                   1_GWF-(1,61,205)      -254.60263                  1_GWF-(1,100,262)
       3209         17          9      -6.2565836                   1_GWF-(1,61,205)       244.96857                  1_GWF-(1,100,273)
       3210         17         10      -4.7949196                   1_GWF-(1,61,204)      -223.19615                  1_GWF-(1,100,273)
       3211         17         11      -7.9731786                   1_GWF-(1,60,203)      -274.67818                  1_GWF-(1,101,271)
       3212         17         12      -20.550105                   1_GWF-(1,60,203)       628.46079                  1_GWF-(1,100,262)
       3213         17         13      -202.30674                   1_GWF-(1,60,204)       2576.1344                  1_GWF-(1,100,262)
       3214         17         14       312.72114                   1_GWF-(1,60,204)       525.81543                  1_GWF-(1,101,262)
       3215         17         15      -29.080533                   1_GWF-(1,60,204)      -342.27833                   1_GWF-(1,22,355)
       3216         17         16      -12.098393                   1_GWF-(1,60,204)       324.38094                   1_GWF-(1,22,355)
       3217         17         17      -8.6197187                   1_GWF-(1,62,205)      -234.89874                   1_GWF-(1,22,355)
       3218         17         18      -5.3591777                  1_GWF-(1,101,262)       182.40969                   1_GWF-(1,55,243)
       3219         17         19      -2.6106197                   1_GWF-(1,72,303)      -118.77915                   1_GWF-(1,57,239)
       3220         17         20      -3.4035095                   1_GWF-(1,95,267)       162.73376                   1_GWF-(1,57,239)
       3221         17         21      -5.1557343                   1_GWF-(1,95,267)       180.08875                  1_GWF-(1,100,273)
       3222         17         22      -9.2021526                    1_GWF-(1,85,94)      -192.62324                  1_GWF-(1,100,273)
       3223         17         23      -46.357591                    1_GWF-(1,85,94)       578.37031                  1_GWF-(1,100,270)
       3224         17         24       161.23306                    1_GWF-(1,85,94)      -724.56077                  1_GWF-(1,100,270)
       3225         17         25      -55.435049                    1_GWF-(1,85,94)       207.18044                  1_GWF-(1,120,208)
       3226         17         26      -8.1008481                   1_GWF-(1,95,267)      -201.03175                   1_GWF-(1,56,242)
       3227         17         27      -4.9071474                   1_GWF-(1,95,267)       197.60927                   1_GWF-(1,56,242)
       3228         17         28      -4.4334183                   1_GWF-(1,95,267)      -200.82784                   1_GWF-(1,56,242)
       3229         17         29       8.1527417                    1_GWF-(1,85,94)      -143.75797                   1_GWF-(1,56,241)
       3230         17         30       18.325782                    1_GWF-(1,85,94)       255.95244                   1_GWF-(1,55,243)
       3231         17         31       168.30984                    1_GWF-(1,85,94)      -1416.7054                   1_GWF-(1,55,243)
       3232         17         32      -311.06343                    1_GWF-(1,85,94)      -474.39990                   1_GWF-(1,55,243)
       3233         17         33       52.870309                    1_GWF-(1,85,94)      -175.38343                   1_GWF-(1,71,305)
       3234         17         34       11.576990                    1_GWF-(1,85,94)      -119.31798                  1_GWF-(1,101,271)
       3235         17         35       5.0058651                   1_GWF-(1,61,202)      -114.68799                   1_GWF-(1,59,235)
       3236         17         36       5.9194960                   1_GWF-(1,61,202)      -129.20523                   1_GWF-(1,71,305)
       3237         17         37       6.7235830                   1_GWF-(1,61,202)      -120.75287                   1_GWF-(1,59,235)
       3238         17         38       10.808798                   1_GWF-(1,61,205)       200.87580                   1_GWF-(1,59,235)
       3239         17         39       24.543389                   1_GWF-(1,61,205)      -289.18387                   1_GWF-(1,71,305)
       3240         17         40       208.15396                   1_GWF-(1,61,205)      -1604.8206                   1_GWF-(1,23,353)
       3241         17         41      -276.93867                   1_GWF-(1,61,205)       300.58410                  1_GWF-(1,101,271)
       3242         17         42       23.149169                   1_GWF-(1,61,205)      -191.58965                   1_GWF-(1,56,243)
       3243         17         43       7.0681554                   1_GWF-(1,61,205)       131.49047                   1_GWF-(1,56,243)
       3244         17         44       4.1337270                   1_GWF-(1,61,202)       97.256009                   1_GWF-(1,85,164)
       3245         17         45       3.4454647                   1_GWF-(1,61,202)      -102.72055                   1_GWF-(1,55,244)
       3246         17         46      -3.1355409                   1_GWF-(1,95,267)       142.48992                   1_GWF-(1,55,244)
       3247         17         47      -6.7544971                   1_GWF-(1,95,267)      -219.56756                   1_GWF-(1,55,244)
       3248         17         48      -28.117871                   1_GWF-(1,95,267)       419.26498                  1_GWF-(1,103,264)
       3249         17         49       115.51111                   1_GWF-(1,95,267)      -743.40795                  1_GWF-(1,103,264)
       3250         17         50      -57.600624                   1_GWF-(1,95,267)       200.13328                   1_GWF-(1,85,164)
       3251         17         51      -8.7974325                   1_GWF-(1,95,267)       113.20355                   1_GWF-(1,22,355)
       3252         17         52      -3.8381353                   1_GWF-(1,95,267)      -89.821389                   1_GWF-(1,22,355)
       3253         17         53      -3.2307541                   1_GWF-(1,95,267)       110.12549                   1_GWF-(1,22,355)
       3254         17         54      -2.6427284                   1_GWF-(1,95,267)      -92.947583                   1_GWF-(1,22,355)
       3255         17         55      -3.4634271                   1_GWF-(1,95,267)       85.973785                   1_GWF-(1,22,355)
       3256         17         56      -10.635234                   1_GWF-(1,95,267)      -186.76560                  1_GWF-(1,101,271)
       3257         17         57      -174.90170                   1_GWF-(1,95,267)       2479.9577                  1_GWF-(1,101,271)
       3258         17         58       229.48675                   1_GWF-(1,95,267)       397.37693                  1_GWF-(1,101,271)
       3259         17         59      -22.075298                   1_GWF-(1,95,267)      -106.70175                  1_GWF-(1,101,271)
       3260         17         60      -7.3628213                   1_GWF-(1,95,267)      -76.645349                   1_GWF-(1,72,303)
       3261         17         61      -4.6817616                   1_GWF-(1,95,267)      -68.536531                   1_GWF-(1,28,348)
       3262         17         62      -3.4819711                   1_GWF-(1,95,267)       72.835286                   1_GWF-(1,56,242)
       3263         17         63      -4.4873097                   1_GWF-(1,95,267)       91.811095                   1_GWF-(1,55,243)
       3264         17         64      -7.5280108                   1_GWF-(1,95,267)      -123.16150                   1_GWF-(1,55,243)
       3265         17         65      -26.841277                   1_GWF-(1,95,267)       213.91122                   1_GWF-(1,28,347)
       3266         17         66       120.03534                   1_GWF-(1,95,267)       568.93681                   1_GWF-(1,23,353)
       3267         17         67      -62.788559                   1_GWF-(1,95,267)      -171.44022                   1_GWF-(1,73,297)
       3268         17         68      -10.683252                   1_GWF-(1,95,267)       97.733671                   1_GWF-(1,73,297)
       3269         17         69      -5.0115625                   1_GWF-(1,95,267)      -88.724333                   1_GWF-(1,73,297)
       3270         17         70      -5.4359717                   1_GWF-(1,95,267)       85.632552                   1_GWF-(1,73,297)
       3271         17         71      -9.0543062                   1_GWF-(1,95,267)      -152.22422                   1_GWF-(1,73,297)
       3272         17         72      -41.378584                   1_GWF-(1,95,267)       413.57638                   1_GWF-(1,73,297)
       3273         17         73       171.68538                   1_GWF-(1,95,267)       742.60990                   1_GWF-(1,73,297)
       3274         17         74      -92.354419                   1_GWF-(1,95,267)      -188.59715                   1_GWF-(1,73,297)
       3275         17         75      -13.490683                   1_GWF-(1,95,267)       94.582025                   1_GWF-(1,73,297)
       3276         17         76      -7.0185961                   1_GWF-(1,95,267)      -62.017123                   1_GWF-(1,73,297)
       3277         17         77      -4.1273003                   1_GWF-(1,95,267)       68.260075                   1_GWF-(1,73,297)
       3278         17         78      -6.5986601                   1_GWF-(1,95,267)      -108.10286                   1_GWF-(1,73,297)
       3279         17         79      -14.670572                   1_GWF-(1,95,267)       163.92082                   1_GWF-(1,73,297)
       3280         17         80      -100.74886                   1_GWF-(1,95,267)       521.54269                   1_GWF-(1,21,356)
       3281         17         81       204.29914                   1_GWF-(1,95,267)       405.00280                   1_GWF-(1,21,356)
       3282         17         82      -45.968505                   1_GWF-(1,95,267)       231.37332                   1_GWF-(1,22,355)
       3283         17         83      -16.502216                   1_GWF-(1,95,267)      -162.30171                   1_GWF-(1,22,355)
       3284         17         84      -10.957374                   1_GWF-(1,95,267)       102.70557                   1_GWF-(1,22,355)
       3285         17         85      -9.4456647                   1_GWF-(1,95,267)      -82.366224                  1_GWF-(1,101,270)
       3286         17         86      -10.521482                   1_GWF-(1,95,267)       102.34796                  1_GWF-(1,101,270)
       3287         17         87      -18.645299                   1_GWF-(1,95,267)       114.68917                   1_GWF-(1,56,242)
       3288         17         88      -37.381800                   1_GWF-(1,95,267)      -266.76292                   1_GWF-(1,56,242)
       3289         17         89      -163.32481                   1_GWF-(1,95,267)      -628.57937                  1_GWF-(1,101,272)
       3290         17         90       453.01150                   1_GWF-(1,95,267)       581.71239                   1_GWF-(1,95,267)
       3291         17         91      -173.90174                   1_GWF-(1,95,267)       208.90637                   1_GWF-(1,72,303)
       3292         17         92      -38.756322                   1_GWF-(1,95,267)      -149.94118                   1_GWF-(1,86,162)
       3293         17         93      -18.369569                   1_GWF-(1,95,267)      -139.72857                  1_GWF-(1,100,273)
       3294         17         94      -11.499612                   1_GWF-(1,95,267)       127.60232                  1_GWF-(1,100,273)
       3295         17         95      -8.0239623                   1_GWF-(1,95,267)      -88.405636                  1_GWF-(1,100,273)
       3296         17         96      -7.6634331                   1_GWF-(1,95,267)      -110.71527                  1_GWF-(1,101,272)
       3297         17         97      -11.556600                   1_GWF-(1,95,267)       173.92653                  1_GWF-(1,101,272)
       3298         17         98      -22.926069                   1_GWF-(1,95,267)      -196.16555                   1_GWF-(1,85,163)
       3299         17         99       452.89880                   1_GWF-(1,95,267)       1772.7470                  1_GWF-(1,101,270)
       3300         17        100      -380.09806                   1_GWF-(1,95,267)      -262.30009                  1_GWF-(1,101,270)
       3301         17        101      -14.216033                   1_GWF-(1,95,267)       125.40869                  1_GWF-(1,101,270)
       3302         17        102      -6.3093262                   1_GWF-(1,95,267)      -68.254182                  1_GWF-(1,101,270)
       3303         17        103      -5.6446660                   1_GWF-(1,95,267)      -66.375695                   1_GWF-(1,55,243)
       3304         17        104      -7.0040526                   1_GWF-(1,95,267)       79.135274                   1_GWF-(1,55,243)
       3305         17        105      -8.4561140                   1_GWF-(1,95,267)      -149.26553                  1_GWF-(1,101,270)
       3306         17        106      -21.019284                   1_GWF-(1,95,267)       236.90438                  1_GWF-(1,101,262)
       3307         17        107       126.62540                   1_GWF-(1,95,267)      -574.85395                   1_GWF-(1,56,242)
       3308         17        108      -71.776509                   1_GWF-(1,95,267)       137.91561                  1_GWF-(1,101,270)
       3309         17        109      -8.8133417                   1_GWF-(1,95,267)      -65.143960                  1_GWF-(1,101,270)
       3310         17        110      -3.8973033                   1_GWF-(1,95,267)      -37.539080                  1_GWF-(1,101,275)
       3311         17        111      -3.2248811                   1_GWF-(1,95,267)      -51.732326                   1_GWF-(1,59,235)
       3312         17        112      -4.6891336                   1_GWF-(1,95,267)       107.55800                   1_GWF-(1,59,235)
       3313         17        113      -7.8759454                   1_GWF-(1,95,267)      -212.24812                   1_GWF-(1,59,235)
       3314         17        114      -32.488768                   1_GWF-(1,95,267)       445.10063                   1_GWF-(1,59,235)
       3315         17        115       116.69017                   1_GWF-(1,95,267)      -261.27351                   1_GWF-(1,23,352)
       3316         17        116      -43.952829                   1_GWF-(1,95,267)      -161.29549                   1_GWF-(1,22,355)
       3317         17        117      -11.769884                   1_GWF-(1,95,267)       175.42679                   1_GWF-(1,22,355)
       3318         17        118      -7.9556088                   1_GWF-(1,95,267)      -159.64216                   1_GWF-(1,22,355)
       3319         17        119      -6.5998460                   1_GWF-(1,95,267)      -97.117590                   1_GWF-(1,23,354)
       3320         17        120      -4.6303109                   1_GWF-(1,95,267)       75.729606                   1_GWF-(1,23,354)
       3321         17        121      -3.9488791                   1_GWF-(1,95,267)       84.674623                  1_GWF-(1,100,274)
       3322         17        122      -5.9192902                   1_GWF-(1,95,267)      -143.30699                  1_GWF-(1,100,274)
       3323         17        123      -10.164126                   1_GWF-(1,95,267)       194.69475                  1_GWF-(1,100,274)
       3324         17        124      -171.78634                   1_GWF-(1,95,267)      -1835.4247                   1_GWF-(1,55,244)
       3325         17        125       210.86578                   1_GWF-(1,95,267)      -208.98137                   1_GWF-(1,55,244)
       3326         17        126      -11.961657                   1_GWF-(1,95,267)      -92.037411                   1_GWF-(1,56,243)
       3327         17        127      -3.2198164                   1_GWF-(1,95,267)       73.295282                  1_GWF-(1,100,274)
       3328         17        128      -2.2186791                  1_GWF-(1,102,277)      -71.049899                  1_GWF-(1,100,274)
       3329         17        129      -3.1797473                  1_GWF-(1,102,277)       88.036188                  1_GWF-(1,100,274)
       3330         17        130      -6.8696740                  1_GWF-(1,102,277)      -113.37893                    1_GWF-(1,1,317)
       3331         17        131      -42.839202                  1_GWF-(1,102,277)      -573.39857                    1_GWF-(1,1,316)
       3332         17        132      -90.003205                   1_GWF-(1,31,171)       288.82365                   1_GWF-(1,58,238)
       3333         17        133      -21.450142                  1_GWF-(1,102,277)      -100.96734                   1_GWF-(1,58,238)
       3334         17        134      -6.1403470                  1_GWF-(1,102,277)       98.529619                   1_GWF-(1,58,238)
       3335         17        135      -5.6367662                  1_GWF-(1,102,277)       109.26518                  1_GWF-(1,100,274)
       3336         17        136      -6.8181655                  1_GWF-(1,102,277)      -116.64865                  1_GWF-(1,100,274)
       3337         17        137      -9.0213606                  1_GWF-(1,102,277)      -112.37547                   1_GWF-(1,23,352)
       3338         17        138      -10.683996                  1_GWF-(1,102,277)       163.16486                   1_GWF-(1,21,355)
       3339         17        139       25.388807                   1_GWF-(1,31,174)      -396.92564                   1_GWF-(1,21,355)
       3340         17        140      -293.86077                   1_GWF-(1,31,174)      -2085.7388                   1_GWF-(1,21,355)
       3341         17        141       223.58515                   1_GWF-(1,31,174)       356.33961                   1_GWF-(1,22,355)
       3342         17        142       13.798043                   1_GWF-(1,31,174)      -208.13615                   1_GWF-(1,22,355)
       3343         17        143       6.1161199                   1_GWF-(1,31,171)       116.43803                   1_GWF-(1,22,355)
       3344         17        144       3.9929608                   1_GWF-(1,31,171)       86.648804                   1_GWF-(1,23,354)
       3345         17        145       5.0318519                   1_GWF-(1,31,172)      -96.418868                   1_GWF-(1,85,164)
       3346         17        146       5.8209150                   1_GWF-(1,31,174)       185.42191                   1_GWF-(1,85,164)
       3347         17        147       13.857851                   1_GWF-(1,31,174)      -404.63169                   1_GWF-(1,85,164)
       3348         17        148       87.563787                   1_GWF-(1,31,174)       833.38386                   1_GWF-(1,85,164)
       3349         17        149      -189.08989                   1_GWF-(1,31,174)      -520.19549                   1_GWF-(1,22,355)
       3350         17        150       47.117453                   1_GWF-(1,31,172)       216.70065                   1_GWF-(1,22,355)
       3351         17        151       10.781483                   1_GWF-(1,31,171)      -134.68953                   1_GWF-(1,22,355)
       3352         17        152       8.7194545                   1_GWF-(1,31,171)       103.60827                   1_GWF-(1,85,164)
       3353         17        153       7.9262412                   1_GWF-(1,31,174)       108.61126                   1_GWF-(1,23,354)
       3354         17        154       9.4047931                   1_GWF-(1,31,174)       86.184314                   1_GWF-(1,85,164)
       3355         17        155       14.838527                   1_GWF-(1,31,132)      -193.23968                   1_GWF-(1,117,59)
       3356         17        156       24.497370                   1_GWF-(1,31,132)       290.69989                   1_GWF-(1,117,59)
       3357         17        157       78.271593                   1_GWF-(1,31,132)      -559.61017                   1_GWF-(1,117,59)
       3358         17        158      -269.46915                   1_GWF-(1,31,132)       765.61778                   1_GWF-(1,56,243)
       3359         17        159       106.65267                   1_GWF-(1,31,132)      -283.69183                   1_GWF-(1,56,243)
       3360         17        160       22.725615                   1_GWF-(1,31,129)       147.53080                   1_GWF-(1,56,243)
       3361         17        161       12.168888                   1_GWF-(1,31,174)      -128.06814                   1_GWF-(1,117,59)
       3362         17        162       8.4457790                   1_GWF-(1,31,173)       133.06317                   1_GWF-(1,117,59)
       3363         17        163       9.1217258                   1_GWF-(1,31,171)      -130.95967                   1_GWF-(1,117,59)
       3364         17        164       26.099918                   1_GWF-(1,31,171)       337.43406                   1_GWF-(1,21,356)
       3365         17        165      -522.34067                   1_GWF-(1,31,171)       3494.6542                   1_GWF-(1,21,356)
       3366         17        166       439.51531                   1_GWF-(1,31,171)       311.54269                   1_GWF-(1,22,356)
       3367         17        167       18.124827                   1_GWF-(1,31,174)       160.77723                   1_GWF-(1,57,240)
       3368         17        168       10.925330                   1_GWF-(1,31,174)      -155.55725                   1_GWF-(1,57,240)
       3369         17        169       10.362886                   1_GWF-(1,31,174)      -135.81998                   1_GWF-(1,21,356)
       3370         17        170       15.592390                   1_GWF-(1,31,171)      -243.31636                   1_GWF-(1,22,356)
       3371         17        171       37.072358                   1_GWF-(1,31,171)       349.80706                   1_GWF-(1,22,356)
       3372         17        172       90.320358                   1_GWF-(1,31,173)      -560.02788                   1_GWF-(1,22,356)
       3373         17        173      -687.67093                   1_GWF-(1,31,174)       2370.2335                   1_GWF-(1,23,354)
       3374         17        174       437.78250                   1_GWF-(1,31,174)       656.78068                   1_GWF-(1,22,355)
       3375         17        175       56.348297                   1_GWF-(1,31,174)      -580.69850                   1_GWF-(1,22,355)
       3376         17        176       29.788501                   1_GWF-(1,31,174)       377.51732                   1_GWF-(1,22,355)
       3377         17        177       19.975394                   1_GWF-(1,31,171)      -136.16895                   1_GWF-(1,22,355)
       3378         17        178       12.946686                   1_GWF-(1,31,171)      -109.47233                   1_GWF-(1,143,42)
       3379         17        179       12.988995                   1_GWF-(1,31,173)      -117.05834                   1_GWF-(1,72,304)
       3380         17        180       18.311246                   1_GWF-(1,31,174)      -209.67625                   1_GWF-(1,59,235)
       3381         17        181       41.826949                   1_GWF-(1,31,174)       604.05342                   1_GWF-(1,59,235)
       3382         17        182       254.20820                   1_GWF-(1,31,173)      -1989.9198                   1_GWF-(1,59,235)
       3383         17        183      -513.22147                   1_GWF-(1,31,173)       570.79634                   1_GWF-(1,58,236)
       3384         17        184       115.25133                   1_GWF-(1,31,171)      -205.57794                   1_GWF-(1,27,349)
       3385         17        185       37.099308                   1_GWF-(1,31,172)       169.71469                  1_GWF-(1,101,269)
       3386         17        186       19.982059                   1_GWF-(1,31,173)       128.56995                   1_GWF-(1,73,297)
       3387         17        187       13.333192                   1_GWF-(1,31,174)       201.81496                  1_GWF-(1,100,273)
       3388         17        188       13.485954                   1_GWF-(1,31,174)      -155.76601                  1_GWF-(1,100,273)
       3389         17        189       13.756906                   1_GWF-(1,31,171)       121.88262                  1_GWF-(1,100,273)
       3390         17        190       29.169402                   1_GWF-(1,31,171)       279.08496                   1_GWF-(1,55,243)
       3391         17        191       174.41500                   1_GWF-(1,31,171)       1192.6578                   1_GWF-(1,73,297)
       3392         17        192      -354.08328                   1_GWF-(1,31,171)       546.22067                   1_GWF-(1,73,297)
       3393         17        193       61.549883                   1_GWF-(1,31,174)      -181.62262                   1_GWF-(1,73,297)
       3394         17        194       23.959680                   1_GWF-(1,31,174)       216.60236                   1_GWF-(1,56,242)
       3395         17        195       16.620115                   1_GWF-(1,31,174)      -204.43687                   1_GWF-(1,56,242)
       3396         17        196       15.569548                   1_GWF-(1,31,171)      -113.77971                  1_GWF-(1,100,273)
       3397         17        197       14.822472                   1_GWF-(1,31,171)       175.22104                   1_GWF-(1,73,297)
       3398         17        198       27.206853                   1_GWF-(1,31,171)      -277.46057                   1_GWF-(1,73,297)
       3399         17        199       61.871508                   1_GWF-(1,31,174)       351.55155                   1_GWF-(1,55,243)
       3400         17        200       196.42568                   1_GWF-(1,31,174)       791.51808                   1_GWF-(1,58,236)
       3401         18          1      -30.677595                   1_GWF-(1,70,212)      -1962.9350                   1_GWF-(1,21,349)
       3402         18          2      -30.414855                   1_GWF-(1,70,212)      -1857.1525                   1_GWF-(1,24,348)
       3403         18          3      -42.149063                   1_GWF-(1,70,213)      -1640.1914                   1_GWF-(1,22,350)
       3404         18          4      -47.995800                   1_GWF-(1,71,214)       1544.9881                   1_GWF-(1,75,206)
       3405         18          5      -43.052468                   1_GWF-(1,69,215)      -1395.1194                   1_GWF-(1,22,349)
       3406         18          6      -43.922323                   1_GWF-(1,69,217)      -1572.9723                   1_GWF-(1,72,211)
       3407         18          7      -49.765670                   1_GWF-(1,69,217)      -1294.6304                   1_GWF-(1,17,355)
       3408         18          8      -40.024318                   1_GWF-(1,69,217)       1380.2905                   1_GWF-(1,17,355)
       3409         18          9      -24.663304                   1_GWF-(1,69,214)      -1556.0905                   1_GWF-(1,17,355)
       3410         18         10      -39.718372                   1_GWF-(1,75,206)       1951.2510                   1_GWF-(1,17,355)
       3411         18         11      -93.455788                   1_GWF-(1,75,206)       1993.2657                   1_GWF-(1,20,351)
       3412         18         12      -270.68325                   1_GWF-(1,75,206)       3060.4794                   1_GWF-(1,17,355)
       3413         18         13      -2096.5100                   1_GWF-(1,74,206)      -16315.079                   1_GWF-(1,71,210)
       3414         18         14       3776.7553                   1_GWF-(1,75,206)       7103.1091                   1_GWF-(1,18,353)
       3415         18         15      -974.34223                   1_GWF-(1,75,206)      -4186.7673                   1_GWF-(1,22,348)
       3416         18         16      -245.26992                   1_GWF-(1,73,206)      -3245.7823                   1_GWF-(1,69,217)
       3417         18         17      -107.61748                   1_GWF-(1,74,206)       1476.1714                   1_GWF-(1,17,354)
       3418         18         18      -26.534967                   1_GWF-(1,72,208)       490.45748                  1_GWF-(1,120,198)
       3419         18         19      -6.4413601                   1_GWF-(1,73,208)      -278.04601                   1_GWF-(1,22,352)
       3420         18         20      -5.7731283                   1_GWF-(1,72,212)      -578.47544                   1_GWF-(1,17,353)
       3421         18         21      -16.079773                   1_GWF-(1,70,211)      -654.14175                   1_GWF-(1,20,355)
       3422         18         22      -40.945286                   1_GWF-(1,70,211)       1864.6440                   1_GWF-(1,20,355)
       3423         18         23       1010.8537                   1_GWF-(1,70,211)       15498.810                   1_GWF-(1,17,353)
       3424         18         24      -825.38510                   1_GWF-(1,70,211)      -1193.3862                   1_GWF-(1,17,353)
       3425         18         25      -35.232307                   1_GWF-(1,70,211)      -762.62521                   1_GWF-(1,18,352)
       3426         18         26      -15.020769                   1_GWF-(1,71,215)       565.54332                   1_GWF-(1,18,352)
       3427         18         27      -10.241569                   1_GWF-(1,71,215)      -404.55385                   1_GWF-(1,72,211)
       3428         18         28      -9.2793093                   1_GWF-(1,29,346)      -393.30085                   1_GWF-(1,19,353)
       3429         18         29      -10.962914                   1_GWF-(1,29,347)      -514.54889                   1_GWF-(1,17,352)
       3430         18         30       25.203169                    1_GWF-(1,85,94)       793.04088                   1_GWF-(1,17,352)
       3431         18         31       58.323522                    1_GWF-(1,85,94)      -1282.1032                   1_GWF-(1,17,352)
       3432         18         32       194.31597                    1_GWF-(1,85,94)      -2139.8390                   1_GWF-(1,20,354)
       3433         18         33      -1706.1055                    1_GWF-(1,85,94)      -7803.4663                   1_GWF-(1,20,354)
       3434         18         34       1111.6021                    1_GWF-(1,85,94)      -1619.5939                   1_GWF-(1,21,353)
       3435         18         35       125.21659                    1_GWF-(1,85,94)       1189.8943                   1_GWF-(1,21,353)
       3436         18         36       38.496130                    1_GWF-(1,85,94)       627.10620                   1_GWF-(1,22,352)
       3437         18         37      -22.273445                   1_GWF-(1,95,267)      -707.90333                   1_GWF-(1,22,352)
       3438         18         38      -20.926764                   1_GWF-(1,95,267)       505.30701                   1_GWF-(1,19,354)
       3439         18         39      -24.008773                   1_GWF-(1,95,267)      -648.30519                   1_GWF-(1,71,210)
       3440         18         40      -64.944069                    1_GWF-(1,85,94)      -1149.9099                   1_GWF-(1,22,348)
       3441         18         41      -770.60019                    1_GWF-(1,85,94)       8257.5070                   1_GWF-(1,22,352)
       3442         18         42       1112.7146                    1_GWF-(1,85,94)      -1682.4262                   1_GWF-(1,17,355)
       3443         18         43      -84.026116                    1_GWF-(1,85,94)       1195.7827                   1_GWF-(1,17,355)
       3444         18         44      -25.609911                   1_GWF-(1,95,267)      -858.31910                   1_GWF-(1,17,355)
       3445         18         45      -14.973081                   1_GWF-(1,95,267)       656.57550                   1_GWF-(1,17,355)
       3446         18         46      -16.123566                   1_GWF-(1,95,267)      -490.51010                   1_GWF-(1,18,355)
       3447         18         47      -9.8465990                   1_GWF-(1,95,267)       411.34465                   1_GWF-(1,18,355)
       3448         18         48      -18.569365                   1_GWF-(1,95,267)       562.58417                   1_GWF-(1,20,351)
       3449         18         49      -69.213208                   1_GWF-(1,95,267)      -1663.1704                   1_GWF-(1,23,350)
       3450         18         50       284.34523                   1_GWF-(1,95,267)      -2091.7935                   1_GWF-(1,20,349)
       3451         18         51      -106.53884                   1_GWF-(1,95,267)      -778.52170                   1_GWF-(1,24,349)
       3452         18         52      -26.630410                   1_GWF-(1,95,267)       573.16346                   1_GWF-(1,20,349)
       3453         18         53      -21.071987                   1_GWF-(1,95,267)       533.33144                   1_GWF-(1,21,352)
       3454         18         54      -19.664066                   1_GWF-(1,95,267)      -500.54323                   1_GWF-(1,21,352)
       3455         18         55      -23.226400                   1_GWF-(1,95,267)       476.87277                   1_GWF-(1,29,347)
       3456         18         56      -34.806083                   1_GWF-(1,95,267)       491.83638                   1_GWF-(1,22,353)
       3457         18         57      -41.191936                   1_GWF-(1,95,267)      -693.62519                   1_GWF-(1,22,353)
       3458         18         58      -126.15126                   1_GWF-(1,95,267)      -1148.9356                   1_GWF-(1,21,354)
       3459         18         59      -3983.7697                   1_GWF-(1,95,267)      -25284.706                   1_GWF-(1,24,349)
       3460         18         60       4487.7115                   1_GWF-(1,95,267)      -1657.3925                   1_GWF-(1,22,352)
       3461         18         61      -175.83720                   1_GWF-(1,95,267)       950.56090                   1_GWF-(1,22,352)
       3462         18         62      -87.246488                   1_GWF-(1,95,267)      -1116.3110                   1_GWF-(1,24,350)
       3463         18         63      -39.009625                   1_GWF-(1,95,267)      -658.15777                   1_GWF-(1,23,351)
       3464         18         64      -19.538111                   1_GWF-(1,95,267)       409.46431                   1_GWF-(1,23,351)
       3465         18         65      -13.530538                   1_GWF-(1,95,267)       350.49029                   1_GWF-(1,17,356)
       3466         18         66      -19.116391                   1_GWF-(1,95,267)       420.05950                   1_GWF-(1,18,353)
       3467         18         67      -32.505568                   1_GWF-(1,95,267)      -746.89209                   1_GWF-(1,18,353)
       3468         18         68      -441.19526                   1_GWF-(1,95,267)      -4089.1666                   1_GWF-(1,22,350)
       3469         18         69       656.29273                   1_GWF-(1,95,267)       1178.6719                   1_GWF-(1,21,353)
       3470         18         70      -88.368508                   1_GWF-(1,95,267)      -624.28493                   1_GWF-(1,18,354)
       3471         18         71      -24.597759                   1_GWF-(1,95,267)       438.82352                   1_GWF-(1,16,356)
       3472         18         72      -16.003469                   1_GWF-(1,95,267)       714.90083                   1_GWF-(1,17,355)
       3473         18         73      -15.774114                   1_GWF-(1,95,267)      -674.80476                   1_GWF-(1,17,355)
       3474         18         74      -24.793316                   1_GWF-(1,95,267)       616.24437                   1_GWF-(1,17,355)
       3475         18         75      -69.001096                   1_GWF-(1,95,267)       1157.5420                   1_GWF-(1,22,352)
       3476         18         76      -1433.7964                   1_GWF-(1,95,267)      -9477.9756                   1_GWF-(1,18,354)
       3477         18         77       1684.9968                   1_GWF-(1,95,267)       1280.2317                   1_GWF-(1,21,353)
       3478         18         78      -91.628746                   1_GWF-(1,95,267)       614.30987                   1_GWF-(1,20,353)
       3479         18         79      -42.494701                   1_GWF-(1,95,267)       674.82877                   1_GWF-(1,22,355)
       3480         18         80      -22.389978                   1_GWF-(1,95,267)      -488.49385                   1_GWF-(1,22,355)
       3481         18         81      -15.060313                   1_GWF-(1,95,267)      -399.40239                   1_GWF-(1,23,354)
       3482         18         82      -23.427405                   1_GWF-(1,95,267)      -448.99407                   1_GWF-(1,24,348)
       3483         18         83      -45.011282                   1_GWF-(1,95,267)      -536.31076                   1_GWF-(1,20,349)
       3484         18         84      -190.40265                   1_GWF-(1,95,267)       1550.5716                   1_GWF-(1,19,355)
       3485         18         85       932.94536                   1_GWF-(1,95,267)       4236.9876                   1_GWF-(1,21,349)
       3486         18         86      -540.90767                   1_GWF-(1,95,267)      -821.89365                   1_GWF-(1,17,351)
       3487         18         87      -70.679567                   1_GWF-(1,95,267)       520.30363                   1_GWF-(1,21,350)
       3488         18         88      -30.649976                   1_GWF-(1,95,267)       363.92009                   1_GWF-(1,20,353)
       3489         18         89      -24.366773                   1_GWF-(1,95,267)      -312.48589                   1_GWF-(1,18,353)
       3490         18         90      -22.454272                   1_GWF-(1,95,267)       466.75918                   1_GWF-(1,19,350)
       3491         18         91      -31.775649                   1_GWF-(1,95,267)       372.59593                   1_GWF-(1,73,300)
       3492         18         92      -49.439882                   1_GWF-(1,95,267)       716.62548                   1_GWF-(1,17,352)
       3493         18         93      -206.13707                   1_GWF-(1,95,267)      -3111.9577                   1_GWF-(1,17,352)
       3494         18         94       489.58072                   1_GWF-(1,95,267)      -1826.0653                   1_GWF-(1,17,352)
       3495         18         95      -104.80289                   1_GWF-(1,95,267)      -557.72467                   1_GWF-(1,19,351)
       3496         18         96      -26.692712                   1_GWF-(1,95,267)      -450.99772                   1_GWF-(1,19,352)
       3497         18         97      -36.230238                   1_GWF-(1,95,267)       555.88917                   1_GWF-(1,17,355)
       3498         18         98      -27.067384                   1_GWF-(1,95,267)      -475.06536                   1_GWF-(1,17,355)
       3499         18         99      -24.209737                   1_GWF-(1,95,267)       677.42019                   1_GWF-(1,17,355)
       3500         18        100      -35.112513                   1_GWF-(1,95,267)      -741.51036                   1_GWF-(1,17,355)
       3501         18        101      -35.829796                   1_GWF-(1,95,267)       794.78196                   1_GWF-(1,17,355)
       3502         18        102      -105.15629                   1_GWF-(1,95,267)      -1388.0823                   1_GWF-(1,17,355)
       3503         18        103       1583.2269                   1_GWF-(1,95,267)      -5394.3926                   1_GWF-(1,27,351)
       3504         18        104      -1219.5774                   1_GWF-(1,95,267)       1143.5829                   1_GWF-(1,28,352)
       3505         18        105      -92.788745                   1_GWF-(1,95,267)      -496.90219                   1_GWF-(1,61,233)
       3506         18        106      -51.114776                   1_GWF-(1,95,267)       367.55426                   1_GWF-(1,28,352)
       3507         18        107      -27.005485                   1_GWF-(1,95,267)      -410.60978                   1_GWF-(1,18,353)
       3508         18        108      -23.482112                   1_GWF-(1,27,353)      -325.15709                   1_GWF-(1,23,351)
       3509         18        109      -23.338256                   1_GWF-(1,30,352)       594.50901                   1_GWF-(1,23,351)
       3510         18        110      -42.694161                   1_GWF-(1,29,352)      -1014.9747                   1_GWF-(1,23,351)
       3511         18        111      -136.21127                   1_GWF-(1,27,353)       1191.1219                   1_GWF-(1,23,351)
       3512         18        112      -1989.6570                   1_GWF-(1,30,352)      -11568.387                   1_GWF-(1,28,352)
       3513         18        113       2425.3388                   1_GWF-(1,30,352)      -1052.9529                   1_GWF-(1,56,242)
       3514         18        114      -149.26576                   1_GWF-(1,27,353)       631.46070                   1_GWF-(1,56,242)
       3515         18        115      -54.631436                   1_GWF-(1,29,352)       397.03036                   1_GWF-(1,55,243)
       3516         18        116      -26.818583                   1_GWF-(1,28,353)      -336.86442                   1_GWF-(1,55,243)
       3517         18        117      -32.547003                   1_GWF-(1,30,352)       450.94445                   1_GWF-(1,23,349)
       3518         18        118      -40.495578                   1_GWF-(1,29,352)      -501.16424                   1_GWF-(1,27,352)
       3519         18        119      -62.065388                   1_GWF-(1,29,346)      -645.83333                   1_GWF-(1,16,352)
       3520         18        120      -278.63869                   1_GWF-(1,29,346)       2197.2162                   1_GWF-(1,23,354)
       3521         18        121       851.71478                   1_GWF-(1,29,346)      -3135.8680                   1_GWF-(1,22,355)
       3522         18        122      -302.61596                   1_GWF-(1,29,346)       1392.4978                   1_GWF-(1,22,355)
       3523         18        123      -65.571455                   1_GWF-(1,28,348)       558.48178                   1_GWF-(1,17,355)
       3524         18        124      -35.344515                   1_GWF-(1,28,348)      -560.35162                   1_GWF-(1,17,355)
       3525         18        125      -34.605777                   1_GWF-(1,28,347)       652.82930                   1_GWF-(1,17,355)
       3526         18        126      -42.375472                   1_GWF-(1,29,346)      -1110.8185                   1_GWF-(1,17,355)
       3527         18        127      -39.059783                   1_GWF-(1,29,346)       863.55740                   1_GWF-(1,17,355)
       3528         18        128      -40.959968                   1_GWF-(1,29,346)      -602.98974                   1_GWF-(1,19,353)
       3529         18        129      -76.311807                   1_GWF-(1,29,346)      -785.77042                   1_GWF-(1,22,353)
       3530         18        130      -449.06289                   1_GWF-(1,29,346)       2963.4942                   1_GWF-(1,20,354)
       3531         18        131       1241.3887                   1_GWF-(1,28,348)       3925.5806                   1_GWF-(1,19,353)
       3532         18        132      -396.08254                   1_GWF-(1,28,348)       1071.4719                   1_GWF-(1,22,355)
       3533         18        133      -104.92558                   1_GWF-(1,28,348)       697.97071                   1_GWF-(1,22,352)
       3534         18        134      -73.916677                   1_GWF-(1,28,347)       848.67909                   1_GWF-(1,18,354)
       3535         18        135      -69.097468                   1_GWF-(1,27,350)      -864.04521                   1_GWF-(1,18,354)
       3536         18        136      -94.709943                   1_GWF-(1,27,352)       735.72232                   1_GWF-(1,18,354)
       3537         18        137      -107.13456                   1_GWF-(1,29,352)      -753.94639                   1_GWF-(1,23,353)
       3538         18        138      -91.324106                   1_GWF-(1,30,352)      -774.80632                   1_GWF-(1,23,350)
       3539         18        139      -164.60717                   1_GWF-(1,30,352)      -1463.2850                   1_GWF-(1,19,354)
       3540         18        140       9086.9015                   1_GWF-(1,28,348)      -60495.895                   1_GWF-(1,19,354)
       3541         18        141      -8515.1025                   1_GWF-(1,28,348)       1630.1125                   1_GWF-(1,24,349)
       3542         18        142      -155.48530                   1_GWF-(1,27,351)      -906.13632                   1_GWF-(1,17,352)
       3543         18        143      -45.198953                   1_GWF-(1,27,350)       450.73644                   1_GWF-(1,17,352)
       3544         18        144      -23.057272                   1_GWF-(1,24,350)       480.08634                   1_GWF-(1,20,352)
       3545         18        145      -29.358936                   1_GWF-(1,23,351)      -519.58297                   1_GWF-(1,24,349)
       3546         18        146      -47.659983                   1_GWF-(1,28,347)       592.80780                   1_GWF-(1,23,351)
       3547         18        147      -120.92391                   1_GWF-(1,29,346)      -977.41570                   1_GWF-(1,22,354)
       3548         18        148      -448.51350                   1_GWF-(1,29,347)       3295.5854                   1_GWF-(1,73,301)
       3549         18        149       1073.3470                   1_GWF-(1,29,346)       2584.0325                   1_GWF-(1,18,352)
       3550         18        150      -276.20533                   1_GWF-(1,29,347)      -1016.0841                   1_GWF-(1,17,355)
       3551         18        151      -92.019931                   1_GWF-(1,29,346)       666.48852                   1_GWF-(1,17,355)
       3552         18        152      -28.752986                   1_GWF-(1,29,346)      -625.79137                   1_GWF-(1,17,355)
       3553         18        153      -19.393499                   1_GWF-(1,16,356)       702.73901                   1_GWF-(1,17,355)
       3554         18        154      -28.336966                   1_GWF-(1,28,348)      -494.85966                   1_GWF-(1,17,355)
       3555         18        155      -51.344008                   1_GWF-(1,28,347)      -708.08042                   1_GWF-(1,21,350)
       3556         18        156      -126.22080                   1_GWF-(1,28,347)       1358.0614                  1_GWF-(1,100,275)
       3557         18        157      -1664.9889                   1_GWF-(1,29,346)       11529.906                  1_GWF-(1,100,275)
       3558         18        158       2266.5922                   1_GWF-(1,29,346)      -2757.1404                   1_GWF-(1,21,355)
       3559         18        159      -237.20587                   1_GWF-(1,29,346)       1022.8732                   1_GWF-(1,21,355)
       3560         18        160      -51.630612                   1_GWF-(1,30,352)      -550.18428                   1_GWF-(1,21,355)
       3561         18        161      -56.148817                   1_GWF-(1,30,352)      -684.49075                   1_GWF-(1,22,353)
       3562         18        162      -59.693273                   1_GWF-(1,29,352)       695.40130                   1_GWF-(1,22,353)
       3563         18        163      -82.265186                   1_GWF-(1,28,352)      -890.76744                   1_GWF-(1,22,353)
       3564         18        164      -101.07420                   1_GWF-(1,30,352)      -694.02479                   1_GWF-(1,20,356)
       3565         18        165      -82.423307                   1_GWF-(1,27,351)       690.67096                   1_GWF-(1,20,356)
       3566         18        166      -124.31579                   1_GWF-(1,29,347)      -1073.3209                   1_GWF-(1,20,356)
       3567         18        167      -847.75761                   1_GWF-(1,29,347)       5003.0465                   1_GWF-(1,19,352)
       3568         18        168       1555.4119                   1_GWF-(1,29,347)       2209.3687                   1_GWF-(1,19,352)
       3569         18        169      -246.33558                   1_GWF-(1,28,347)       762.17086                   1_GWF-(1,73,301)
       3570         18        170      -69.834714                   1_GWF-(1,29,346)      -674.55585                   1_GWF-(1,19,355)
       3571         18        171      -69.235848                   1_GWF-(1,29,346)       583.70286                   1_GWF-(1,19,355)
       3572         18        172      -54.024112                   1_GWF-(1,29,347)       642.74346                  1_GWF-(1,120,233)
       3573         18        173      -45.630836                   1_GWF-(1,29,346)      -594.73672                   1_GWF-(1,22,355)
       3574         18        174      -51.197779                   1_GWF-(1,29,346)       851.76488                   1_GWF-(1,22,355)
       3575         18        175      -84.946624                   1_GWF-(1,29,346)       949.55044                  1_GWF-(1,120,233)
       3576         18        176      -191.59712                   1_GWF-(1,29,347)       2064.7678                   1_GWF-(1,17,355)
       3577         18        177      -62552.092                   1_GWF-(1,29,346)      -555777.32                   1_GWF-(1,17,355)
       3578         18        178       63089.030                   1_GWF-(1,29,346)      -2400.2843                   1_GWF-(1,17,355)
       3579         18        179      -154.55402                   1_GWF-(1,29,346)       768.49454                  1_GWF-(1,120,233)
       3580         18        180      -34.081611                   1_GWF-(1,27,350)       288.03662                   1_GWF-(1,20,355)
       3581         18        181      -14.435529                   1_GWF-(1,30,352)      -328.05247                   1_GWF-(1,20,355)
       3582         18        182      -19.149866                   1_GWF-(1,30,352)      -481.58808                   1_GWF-(1,21,354)
       3583         18        183      -74.951612                   1_GWF-(1,28,352)       1599.2665                   1_GWF-(1,21,354)
       3584         18        184       245.79999                   1_GWF-(1,29,352)      -1126.7440                  1_GWF-(1,100,274)
       3585         18        185      -83.472756                   1_GWF-(1,28,352)      -563.72817                  1_GWF-(1,100,274)
       3586         18        186      -18.583506                   1_GWF-(1,29,352)      -367.03732                  1_GWF-(1,100,274)
       3587         18        187      -19.463233                   1_GWF-(1,30,352)       281.19643                   1_GWF-(1,21,351)
       3588         18        188      -15.190537                   1_GWF-(1,30,352)      -277.90769                   1_GWF-(1,21,351)
       3589         18        189      -12.272927                   1_GWF-(1,29,352)       275.18664                  1_GWF-(1,100,274)
       3590         18        190      -17.415663                   1_GWF-(1,29,352)       462.20492                  1_GWF-(1,100,274)
       3591         18        191      -112.13213                   1_GWF-(1,30,352)      -1925.9753                   1_GWF-(1,21,351)
       3592         18        192       257.97320                   1_GWF-(1,30,352)      -1080.2803                   1_GWF-(1,19,355)
       3593         18        193      -59.408272                   1_GWF-(1,30,352)      -331.23456                   1_GWF-(1,57,236)
       3594         18        194      -18.124860                   1_GWF-(1,28,353)       207.02292                   1_GWF-(1,22,350)
       3595         18        195       11.419315                   1_GWF-(1,60,108)       129.74037                   1_GWF-(1,21,352)
       3596         18        196       12.063583                   1_GWF-(1,60,108)       173.61037                   1_GWF-(1,21,353)
       3597         18        197       17.133634                   1_GWF-(1,60,108)       211.91292                   1_GWF-(1,21,350)
       3598         18        198       28.652899                   1_GWF-(1,60,108)       396.17533                   1_GWF-(1,22,351)
       3599         18        199       89.155738                   1_GWF-(1,60,108)      -901.43100                   1_GWF-(1,20,353)
       3600         18        200       1149.6727                   1_GWF-(1,60,108)       5434.1557                   1_GWF-(1,17,355)
       3601         19          1      -105.38364                   1_GWF-(1,99,274)       10271.112                   1_GWF-(1,99,274)
       3602         19          2      -90.153492                   1_GWF-(1,99,274)      -4667.1237                   1_GWF-(1,73,301)
       3603         19          3      -25.112878                   1_GWF-(1,99,274)       1551.0310                   1_GWF-(1,60,231)
       3604         19          4      -20.752643                  1_GWF-(1,122,199)       2138.0857                   1_GWF-(1,72,301)
       3605         19          5      -52.065128                  1_GWF-(1,123,199)      -2389.6555                   1_GWF-(1,73,299)
       3606         19          6      -83.642135                  1_GWF-(1,121,199)       2049.3150                   1_GWF-(1,72,300)
       3607         19          7      -60.671049                  1_GWF-(1,120,198)      -2423.8706                   1_GWF-(1,72,300)
       3608         19          8      -79.661412                  1_GWF-(1,121,199)       2984.2475                   1_GWF-(1,60,233)
       3609         19          9      -78.704072                   1_GWF-(1,95,267)      -1725.8024                   1_GWF-(1,73,300)
       3610         19         10      -62.341640                   1_GWF-(1,95,267)      -1998.3974                   1_GWF-(1,84,167)
       3611         19         11      -61.900751                   1_GWF-(1,95,267)      -2269.6970                   1_GWF-(1,83,167)
       3612         19         12      -321.39218                   1_GWF-(1,95,267)       9994.5089                   1_GWF-(1,59,233)
       3613         19         13       1296.5609                   1_GWF-(1,95,267)       12353.096                   1_GWF-(1,59,233)
       3614         19         14      -519.92175                   1_GWF-(1,95,267)       2656.0103                   1_GWF-(1,71,303)
       3615         19         15      -102.21387                   1_GWF-(1,95,267)       2029.3705                   1_GWF-(1,143,42)
       3616         19         16      -65.474454                   1_GWF-(1,95,267)      -1420.7728                   1_GWF-(1,143,42)
       3617         19         17      -30.829708                   1_GWF-(1,95,267)      -1025.1591                   1_GWF-(1,85,164)
       3618         19         18      -28.640296                   1_GWF-(1,95,267)       942.35758                   1_GWF-(1,85,164)
       3619         19         19      -45.878281                   1_GWF-(1,95,267)       1184.7348                   1_GWF-(1,72,303)
       3620         19         20      -58.184538                   1_GWF-(1,95,267)       1384.2490                   1_GWF-(1,72,303)
       3621         19         21      -81.884664                   1_GWF-(1,95,267)      -1313.1267                   1_GWF-(1,143,42)
       3622         19         22      -199.22385                   1_GWF-(1,95,267)       2915.9598                   1_GWF-(1,72,300)
       3623         19         23       1760.5037                   1_GWF-(1,95,267)       10028.920                   1_GWF-(1,72,302)
       3624         19         24      -1062.7991                   1_GWF-(1,95,267)      -2636.2897                   1_GWF-(1,71,303)
       3625         19         25      -136.28165                   1_GWF-(1,95,267)      -1344.2680                   1_GWF-(1,71,303)
       3626         19         26      -73.156696                   1_GWF-(1,95,267)       1113.5165                   1_GWF-(1,73,299)
       3627         19         27      -58.258019                   1_GWF-(1,95,267)       847.30073                   1_GWF-(1,85,163)
       3628         19         28      -45.482009                   1_GWF-(1,95,267)      -597.85268                   1_GWF-(1,72,302)
       3629         19         29      -59.121250                   1_GWF-(1,95,267)      -968.47136                   1_GWF-(1,73,299)
       3630         19         30      -176.98278                   1_GWF-(1,95,267)      -1854.7394                   1_GWF-(1,117,59)
       3631         19         31      -2398.3057                   1_GWF-(1,95,267)       15232.577                   1_GWF-(1,117,59)
       3632         19         32       3212.0348                   1_GWF-(1,95,267)       2459.4686                   1_GWF-(1,72,301)
       3633         19         33      -265.37168                   1_GWF-(1,95,267)       1222.4712                   1_GWF-(1,95,267)
       3634         19         34      -183.93098                   1_GWF-(1,95,267)       993.19279                  1_GWF-(1,122,201)
       3635         19         35      -153.76755                   1_GWF-(1,95,267)       1000.8727                   1_GWF-(1,71,303)
       3636         19         36      -151.33228                   1_GWF-(1,95,267)      -1135.5016                   1_GWF-(1,72,303)
       3637         19         37      -175.81602                   1_GWF-(1,95,267)       1389.8550                   1_GWF-(1,117,59)
       3638         19         38      -296.62250                   1_GWF-(1,95,267)      -2113.7610                   1_GWF-(1,117,59)
       3639         19         39      -799.99510                   1_GWF-(1,95,267)      -3261.5826                   1_GWF-(1,71,303)
       3640         19         40       3007.5541                   1_GWF-(1,95,267)      -5796.6635                   1_GWF-(1,133,48)
       3641         19         41      -1412.1968                   1_GWF-(1,95,267)       2135.4968                   1_GWF-(1,133,48)
       3642         19         42      -205.60503                   1_GWF-(1,95,267)      -836.95277                   1_GWF-(1,133,48)
       3643         19         43      -72.240106                   1_GWF-(1,95,267)      -534.34054                   1_GWF-(1,70,214)
       3644         19         44      -28.225346                   1_GWF-(1,95,267)       599.41801                   1_GWF-(1,70,214)
       3645         19         45      -37.851288                   1_GWF-(1,95,267)      -654.66743                   1_GWF-(1,70,214)
       3646         19         46      -120.53418                   1_GWF-(1,95,267)       1504.0629                   1_GWF-(1,73,299)
       3647         19         47       1308.2495                   1_GWF-(1,95,267)      -3706.9184                   1_GWF-(1,87,162)
       3648         19         48      -802.12134                   1_GWF-(1,95,267)      -916.66862                    1_GWF-(1,1,316)
       3649         19         49      -124.15208                   1_GWF-(1,95,267)      -852.60435                    1_GWF-(1,1,317)
       3650         19         50      -60.809801                   1_GWF-(1,95,267)      -686.47461                    1_GWF-(1,1,316)
       3651         19         51      -63.260551                   1_GWF-(1,95,267)       550.15567                   1_GWF-(1,29,346)
       3652         19         52      -93.036416                   1_GWF-(1,95,267)       788.08542                   1_GWF-(1,29,346)
       3653         19         53      -137.67907                   1_GWF-(1,95,267)       922.84993                   1_GWF-(1,71,211)
       3654         19         54      -279.37536                   1_GWF-(1,95,267)      -1068.2777                    1_GWF-(1,1,317)
       3655         19         55      -227.12985                   1_GWF-(1,95,267)      -1552.2240                   1_GWF-(1,95,267)
       3656         19         56      -1654.2049                   1_GWF-(1,95,267)       6495.2781                   1_GWF-(1,71,211)
       3657         19         57       2460.3915                   1_GWF-(1,95,267)      -1837.4984                   1_GWF-(1,30,345)
       3658         19         58      -182.40048                   1_GWF-(1,95,267)       641.98032                   1_GWF-(1,31,343)
       3659         19         59      -43.886657                   1_GWF-(1,95,267)       310.52959                   1_GWF-(1,60,233)
       3660         19         60      -18.083594                   1_GWF-(1,95,267)      -398.24019                   1_GWF-(1,60,233)
       3661         19         61      -41.382337                   1_GWF-(1,95,267)       866.35483                   1_GWF-(1,89,157)
       3662         19         62      -251.19615                   1_GWF-(1,95,267)       2134.0888                   1_GWF-(1,49,339)
       3663         19         63       3483.3078                   1_GWF-(1,95,267)       10068.103                   1_GWF-(1,85,165)
       3664         19         64      -2783.2670                   1_GWF-(1,95,267)       1712.1937                   1_GWF-(1,49,339)
       3665         19         65      -289.48810                   1_GWF-(1,95,267)      -1039.4694                   1_GWF-(1,14,277)
       3666         19         66      -73.734526                   1_GWF-(1,95,267)      -619.76645                  1_GWF-(1,121,199)
       3667         19         67      -35.039183                   1_GWF-(1,95,267)      -379.95821                   1_GWF-(1,86,163)
       3668         19         68      -16.344021                   1_GWF-(1,95,267)       285.77017                   1_GWF-(1,86,163)
       3669         19         69      -14.554244                   1_GWF-(1,95,267)       363.50446                   1_GWF-(1,85,163)
       3670         19         70      -51.005607                  1_GWF-(1,100,274)       922.10995                   1_GWF-(1,89,156)
       3671         19         71       343.72636                    1_GWF-(1,90,82)       1705.9152                   1_GWF-(1,90,157)
       3672         19         72      -162.96403                  1_GWF-(1,100,274)      -591.45539                   1_GWF-(1,61,229)
       3673         19         73      -27.476663                  1_GWF-(1,100,274)       630.04729                   1_GWF-(1,61,229)
       3674         19         74      -26.910721                  1_GWF-(1,100,274)      -434.72197                   1_GWF-(1,61,229)
       3675         19         75      -25.739380                  1_GWF-(1,100,274)      -319.68833                   1_GWF-(1,73,300)
       3676         19         76      -27.038450                  1_GWF-(1,100,274)       339.98629                   1_GWF-(1,49,339)
       3677         19         77      -68.591867                  1_GWF-(1,100,274)      -952.90675                   1_GWF-(1,60,231)
       3678         19         78      -144.53026                  1_GWF-(1,100,274)       2511.8827                   1_GWF-(1,60,231)
       3679         19         79       1584.7099                  1_GWF-(1,100,274)       13757.058                   1_GWF-(1,60,231)
       3680         19         80      -1241.9349                  1_GWF-(1,100,274)      -934.09224                   1_GWF-(1,60,231)
       3681         19         81      -68.659830                  1_GWF-(1,100,274)       368.23118                   1_GWF-(1,74,206)
       3682         19         82      -22.721258                  1_GWF-(1,100,274)      -153.78369                   1_GWF-(1,86,162)
       3683         19         83      -12.684214                  1_GWF-(1,100,274)       182.40181                   1_GWF-(1,74,206)
       3684         19         84      -84.585956                  1_GWF-(1,100,274)       1141.2722                   1_GWF-(1,73,207)
       3685         19         85       241.37199                  1_GWF-(1,100,274)      -881.17318                    1_GWF-(1,1,317)
       3686         19         86      -63.220384                  1_GWF-(1,100,274)      -487.78092                    1_GWF-(1,1,316)
       3687         19         87      -17.437545                  1_GWF-(1,100,274)      -305.47546                    1_GWF-(1,1,317)
       3688         19         88      -35.979749                  1_GWF-(1,100,274)      -512.83541                   1_GWF-(1,70,214)
       3689         19         89      -89.048389                  1_GWF-(1,100,274)       657.31131                   1_GWF-(1,70,214)
       3690         19         90      -88.832806                  1_GWF-(1,100,274)      -811.66419                   1_GWF-(1,70,214)
       3691         19         91      -70.267148                  1_GWF-(1,100,274)       784.53713                   1_GWF-(1,70,214)
       3692         19         92      -222.02240                  1_GWF-(1,100,274)      -1458.6594                   1_GWF-(1,70,214)
       3693         19         93       788.01423                  1_GWF-(1,100,274)      -1793.4443                   1_GWF-(1,72,301)
       3694         19         94      -323.38003                  1_GWF-(1,100,274)       347.56874                   1_GWF-(1,72,209)
       3695         19         95      -27.979184                  1_GWF-(1,100,274)       300.46315                  1_GWF-(1,120,208)
       3696         19         96      -17.732642                  1_GWF-(1,100,274)      -368.12735                  1_GWF-(1,120,208)
       3697         19         97      -15.789674                  1_GWF-(1,100,274)       556.65117                  1_GWF-(1,120,208)
       3698         19         98      -27.316605                  1_GWF-(1,100,274)      -671.00009                  1_GWF-(1,120,208)
       3699         19         99      -216.29450                  1_GWF-(1,100,274)       1180.3579                  1_GWF-(1,120,208)
       3700         19        100       509.08253                  1_GWF-(1,100,274)       916.24177                   1_GWF-(1,28,348)
       3701         19        101      -131.50623                  1_GWF-(1,100,274)      -244.22905                  1_GWF-(1,122,199)
       3702         19        102      -25.189640                  1_GWF-(1,100,274)       336.88179                  1_GWF-(1,122,199)
       3703         19        103      -31.109424                  1_GWF-(1,100,274)      -490.40955                  1_GWF-(1,122,199)
       3704         19        104      -63.759370                  1_GWF-(1,100,274)       675.15739                  1_GWF-(1,122,199)
       3705         19        105      -142.05878                  1_GWF-(1,100,274)      -637.94528                   1_GWF-(1,31,343)
       3706         19        106      -192.69799                  1_GWF-(1,100,274)      -579.15535                   1_GWF-(1,27,348)
       3707         19        107      -389.11245                  1_GWF-(1,100,274)       1139.2919                   1_GWF-(1,73,300)
       3708         19        108       2017.5362                  1_GWF-(1,100,274)      -4640.9449                  1_GWF-(1,121,199)
       3709         19        109      -1267.4736                  1_GWF-(1,100,274)       1106.4159                  1_GWF-(1,121,199)
       3710         19        110      -83.467332                  1_GWF-(1,100,274)      -295.25811                   1_GWF-(1,117,59)
       3711         19        111      -15.777215                  1_GWF-(1,100,274)       124.16288                   1_GWF-(1,31,344)
       3712         19        112      -14.483416                  1_GWF-(1,100,274)       170.36187                   1_GWF-(1,28,347)
       3713         19        113      -124.85439                  1_GWF-(1,100,274)       1125.2397                  1_GWF-(1,123,199)
       3714         19        114       251.55268                  1_GWF-(1,100,274)      -539.95643                  1_GWF-(1,121,199)
       3715         19        115      -27.063064                  1_GWF-(1,100,274)       200.08569                  1_GWF-(1,121,199)
       3716         19        116      -10.050546                  1_GWF-(1,100,274)       154.90207                   1_GWF-(1,85,164)
       3717         19        117      -15.583317                  1_GWF-(1,100,274)       220.07798                  1_GWF-(1,123,199)
       3718         19        118      -60.334684                  1_GWF-(1,100,274)       388.03513                   1_GWF-(1,143,42)
       3719         19        119      -69.460992                  1_GWF-(1,100,274)       414.40174                   1_GWF-(1,117,59)
       3720         19        120      -104.67751                  1_GWF-(1,100,274)      -571.55197                   1_GWF-(1,60,228)
       3721         19        121      -684.53041                  1_GWF-(1,100,274)       2342.2765                   1_GWF-(1,117,59)
       3722         19        122       1403.7623                  1_GWF-(1,100,274)       1267.5053                   1_GWF-(1,143,42)
       3723         19        123      -375.56752                  1_GWF-(1,100,274)      -492.74524                   1_GWF-(1,143,42)
       3724         19        124      -93.706129                  1_GWF-(1,100,274)      -289.77276                   1_GWF-(1,71,303)
       3725         19        125      -41.757527                  1_GWF-(1,100,274)      -319.44094                   1_GWF-(1,85,164)
       3726         19        126      -23.053795                  1_GWF-(1,100,274)       264.66153                   1_GWF-(1,85,164)
       3727         19        127      -20.787759                  1_GWF-(1,100,274)      -180.47598                   1_GWF-(1,87,162)
       3728         19        128      -20.533260                  1_GWF-(1,100,274)       175.10181                   1_GWF-(1,60,228)
       3729         19        129      -80.508673                  1_GWF-(1,100,274)       572.13277                   1_GWF-(1,87,162)
       3730         19        130       477.57212                  1_GWF-(1,100,274)      -1557.3263                   1_GWF-(1,71,303)
       3731         19        131      -237.19514                  1_GWF-(1,100,274)      -443.31038                   1_GWF-(1,71,303)
       3732         19        132      -54.862806                  1_GWF-(1,100,274)      -357.73049                    1_GWF-(1,1,317)
       3733         19        133      -34.719399                  1_GWF-(1,100,274)      -213.98689                    1_GWF-(1,1,316)
       3734         19        134      -20.407782                  1_GWF-(1,100,274)       256.00296                   1_GWF-(1,71,303)
       3735         19        135       25.586772                    1_GWF-(1,99,68)       291.82660                   1_GWF-(1,71,303)
       3736         19        136       50.005313                    1_GWF-(1,99,68)       323.82341                   1_GWF-(1,59,233)
       3737         19        137       95.244107                    1_GWF-(1,99,68)      -386.24773                    1_GWF-(1,1,317)
       3738         19        138       116.96322                    1_GWF-(1,99,68)      -595.87883                    1_GWF-(1,1,316)
       3739         19        139      -733.09388                    1_GWF-(1,99,68)       2098.6960                   1_GWF-(1,143,42)
       3740         19        140       460.93713                    1_GWF-(1,99,68)       389.37408                   1_GWF-(1,71,303)
       3741         19        141       33.877843                    1_GWF-(1,99,68)       269.80122                   1_GWF-(1,71,303)
       3742         19        142       19.975873                    1_GWF-(1,99,68)       152.54503                   1_GWF-(1,70,213)
       3743         19        143       13.924690                    1_GWF-(1,99,68)       148.65014                   1_GWF-(1,70,212)
       3744         19        144      -15.275809                  1_GWF-(1,100,274)       211.92569                   1_GWF-(1,15,277)
       3745         19        145      -31.460611                  1_GWF-(1,100,274)       496.84361                   1_GWF-(1,14,277)
       3746         19        146       192.42116                  1_GWF-(1,100,274)       1987.0186                   1_GWF-(1,14,277)
       3747         19        147      -109.93642                  1_GWF-(1,100,274)      -324.53064                   1_GWF-(1,14,277)
       3748         19        148      -11.248757                  1_GWF-(1,100,274)      -101.97108                   1_GWF-(1,15,277)
       3749         19        149      -3.7178538                  1_GWF-(1,100,274)       71.051624                   1_GWF-(1,15,277)
       3750         19        150      -9.0250706                  1_GWF-(1,100,274)      -209.79601                  1_GWF-(1,121,206)
       3751         19        151      -262.91357                  1_GWF-(1,100,274)       3389.5089                   1_GWF-(1,60,233)
       3752         19        152       307.86578                  1_GWF-(1,100,274)       311.05078                   1_GWF-(1,60,233)
       3753         19        153       9.9271767                   1_GWF-(1,60,108)      -140.02062                   1_GWF-(1,60,233)
       3754         19        154       10.008461                   1_GWF-(1,60,108)      -136.58263                   1_GWF-(1,71,214)
       3755         19        155       15.614078                   1_GWF-(1,60,108)       157.94208                   1_GWF-(1,58,233)
       3756         19        156      -27.061940                    1_GWF-(1,99,68)      -268.67633                   1_GWF-(1,60,231)
       3757         19        157      -31.308293                    1_GWF-(1,99,68)       353.57016                   1_GWF-(1,60,231)
       3758         19        158      -40.105268                    1_GWF-(1,99,68)       353.52372                   1_GWF-(1,59,233)
       3759         19        159       757.64667                    1_GWF-(1,99,68)       4079.5862                  1_GWF-(1,120,211)
       3760         19        160      -651.61146                    1_GWF-(1,99,68)       246.18968                   1_GWF-(1,70,212)
       3761         19        161      -22.593468                    1_GWF-(1,99,68)      -131.13553                   1_GWF-(1,60,231)
       3762         19        162      -7.6436126                    1_GWF-(1,99,68)       166.47676                   1_GWF-(1,60,231)
       3763         19        163      -3.6249403                    1_GWF-(1,99,68)      -106.52754                   1_GWF-(1,60,231)
       3764         19        164      -4.4202944                  1_GWF-(1,100,274)      -107.69633                  1_GWF-(1,121,206)
       3765         19        165      -5.8408419                  1_GWF-(1,100,274)       155.22783                  1_GWF-(1,121,206)
       3766         19        166      -1954.3669                  1_GWF-(1,100,274)      -29149.975                  1_GWF-(1,121,206)
       3767         19        167       1979.1797                  1_GWF-(1,100,274)       204.45561                   1_GWF-(1,70,214)
       3768         19        168      -2.8188414                  1_GWF-(1,100,274)      -140.66414                   1_GWF-(1,70,214)
       3769         19        169      -4.4710005                   1_GWF-(1,60,108)       168.77086                   1_GWF-(1,70,214)
       3770         19        170      -8.4272240                   1_GWF-(1,60,108)      -101.41079                   1_GWF-(1,70,214)
       3771         19        171      -25.057011                   1_GWF-(1,60,108)       153.02872                  1_GWF-(1,135,199)
       3772         19        172      -42.746192                   1_GWF-(1,60,108)       158.96454                  1_GWF-(1,120,207)
       3773         19        173      -120.17067                   1_GWF-(1,60,108)      -367.47854                   1_GWF-(1,71,214)
       3774         19        174       319.59497                   1_GWF-(1,60,108)      -648.28322                   1_GWF-(1,117,59)
       3775         19        175      -99.895264                   1_GWF-(1,60,108)       190.15071                  1_GWF-(1,135,199)
       3776         19        176      -28.753888                   1_GWF-(1,60,108)      -106.29580                  1_GWF-(1,137,197)
       3777         19        177      -20.118078                   1_GWF-(1,60,108)      -74.569305                   1_GWF-(1,60,234)
       3778         19        178      -6.6005734                   1_GWF-(1,60,108)      -44.627136                  1_GWF-(1,120,210)
       3779         19        179      -5.7639934                   1_GWF-(1,60,108)      -108.32561                   1_GWF-(1,117,59)
       3780         19        180      -18.823732                   1_GWF-(1,60,108)       386.67214                   1_GWF-(1,117,59)
       3781         19        181       119.10073                   1_GWF-(1,60,108)       433.56020                   1_GWF-(1,117,59)
       3782         19        182      -49.049420                   1_GWF-(1,60,108)      -92.059741                  1_GWF-(1,120,210)
       3783         19        183      -22.323392                   1_GWF-(1,60,108)      -163.75461                   1_GWF-(1,143,42)
       3784         19        184      -31.200426                   1_GWF-(1,60,108)      -111.83636                    1_GWF-(1,1,317)
       3785         19        185      -4.5421835                   1_GWF-(1,60,108)      -56.308617                    1_GWF-(1,1,316)
       3786         19        186       2.4702632                    1_GWF-(1,85,94)      -88.492132                    1_GWF-(1,1,317)
       3787         19        187       163.54663                    1_GWF-(1,85,94)       1792.8822                   1_GWF-(1,143,42)
       3788         19        188      -194.31711                    1_GWF-(1,85,94)       122.24538                   1_GWF-(1,143,42)
       3789         19        189       3.5193991                    1_GWF-(1,85,94)      -42.162860                   1_GWF-(1,143,42)
       3790         19        190      -1.2968070                   1_GWF-(1,16,192)      -38.300943                   1_GWF-(1,117,59)
       3791         19        191      -4.4546993                   1_GWF-(1,115,62)      -137.31583                    1_GWF-(1,1,316)
       3792         19        192      -27.517343                    1_GWF-(1,85,94)      -380.71236                   1_GWF-(1,72,303)
       3793         19        193       130.33074                    1_GWF-(1,85,94)      -471.54286                   1_GWF-(1,143,42)
       3794         19        194      -56.423903                    1_GWF-(1,85,94)       146.91568                   1_GWF-(1,143,42)
       3795         19        195      -12.152579                   1_GWF-(1,115,62)       130.73463                   1_GWF-(1,73,299)
       3796         19        196      -9.0426896                   1_GWF-(1,115,62)       158.00363                   1_GWF-(1,89,157)
       3797         19        197      -10.014972                   1_GWF-(1,115,62)      -178.09382                   1_GWF-(1,89,157)
       3798         19        198      -9.4387061                   1_GWF-(1,115,62)       122.52905                   1_GWF-(1,72,303)
       3799         19        199      -7.7133077                   1_GWF-(1,115,62)       112.78887                   1_GWF-(1,72,209)
       3800         19        200      -7.5059655                   1_GWF-(1,72,303)      -114.50504                   1_GWF-(1,72,209)
       3801         20          1      0.59998167                   1_GWF-(1,117,57)       49.565382                   1_GWF-(1,60,231)
       3802         20          2      0.93464579                   1_GWF-(1,117,57)       41.426291                   1_GWF-(1,85,164)
       3803         20          3      -1.0797194                   1_GWF-(1,86,184)      -49.489101                   1_GWF-(1,85,164)
       3804         20          4      -2.2241354                   1_GWF-(1,86,184)      -49.046242                   1_GWF-(1,60,231)
       3805         20          5      -3.7580663                   1_GWF-(1,87,184)      -68.146814                   1_GWF-(1,143,42)
       3806         20          6      -6.0331629                   1_GWF-(1,87,184)       101.00346                   1_GWF-(1,143,42)
       3807         20          7      -11.899674                   1_GWF-(1,86,184)      -122.16487                   1_GWF-(1,143,42)
       3808         20          8      -15.437123                   1_GWF-(1,86,184)      -86.866499                  1_GWF-(1,121,210)
       3809         20          9      -18.293695                   1_GWF-(1,87,184)       201.28682                   1_GWF-(1,85,164)
       3810         20         10       361.95929                   1_GWF-(1,87,184)       2590.0545                   1_GWF-(1,85,164)
       3811         20         11      -302.17101                   1_GWF-(1,87,184)      -127.83690                   1_GWF-(1,85,164)
       3812         20         12      -9.8685599                   1_GWF-(1,87,184)      -56.930595                  1_GWF-(1,121,210)
       3813         20         13      -3.1435674                   1_GWF-(1,86,184)       46.195064                  1_GWF-(1,121,210)
       3814         20         14      -3.6783109                   1_GWF-(1,86,184)      -60.269980                  1_GWF-(1,137,200)
       3815         20         15      -3.8673441                   1_GWF-(1,87,184)       51.470397                  1_GWF-(1,137,200)
       3816         20         16      -2.8140985                   1_GWF-(1,87,184)      -43.005904                  1_GWF-(1,137,200)
       3817         20         17      -4.7376902                   1_GWF-(1,87,184)       61.216120                   1_GWF-(1,60,231)
       3818         20         18      -13.407100                   1_GWF-(1,86,184)      -200.90247                  1_GWF-(1,120,211)
       3819         20         19       42.084808                    1_GWF-(1,85,94)       209.44756                   1_GWF-(1,59,233)
       3820         20         20      -11.776210                   1_GWF-(1,86,184)      -69.309098                   1_GWF-(1,59,233)
       3821         20         21      -3.0291768                   1_GWF-(1,86,184)       42.821953                   1_GWF-(1,59,233)
       3822         20         22      -1.4564849                   1_GWF-(1,87,184)      -51.290397                  1_GWF-(1,120,211)
       3823         20         23      -2.2116680                   1_GWF-(1,87,184)      -49.097939                   1_GWF-(1,72,209)
       3824         20         24       6.6313156                    1_GWF-(1,85,94)       67.812685                   1_GWF-(1,133,48)
       3825         20         25       53.583842                    1_GWF-(1,85,94)      -356.63134                   1_GWF-(1,133,48)
       3826         20         26      -96.989770                    1_GWF-(1,85,94)      -150.77287                    1_GWF-(1,1,317)
       3827         20         27       13.814802                    1_GWF-(1,85,94)       66.353681                   1_GWF-(1,59,233)
       3828         20         28      -3.3570644                    1_GWF-(1,99,68)      -66.056166                   1_GWF-(1,59,233)
       3829         20         29      -4.0207257                    1_GWF-(1,99,68)       53.315736                   1_GWF-(1,30,345)
       3830         20         30      -4.7266761                    1_GWF-(1,99,68)       59.982303                   1_GWF-(1,133,48)
       3831         20         31      -6.3666341                    1_GWF-(1,99,68)       78.168936                   1_GWF-(1,117,59)
       3832         20         32      -9.4684036                    1_GWF-(1,99,68)      -113.53234                   1_GWF-(1,117,59)
       3833         20         33      -19.669243                    1_GWF-(1,99,68)       257.80914                   1_GWF-(1,117,59)
       3834         20         34       102.72989                    1_GWF-(1,99,68)       441.96096                   1_GWF-(1,14,277)
       3835         20         35      -56.619378                    1_GWF-(1,99,68)      -119.83686                  1_GWF-(1,121,209)
       3836         20         36      -9.9420985                    1_GWF-(1,99,68)      -57.356909                   1_GWF-(1,72,209)
       3837         20         37      -4.1860339                    1_GWF-(1,99,68)       58.823203                  1_GWF-(1,121,208)
       3838         20         38      -2.1514043                   1_GWF-(1,60,108)      -63.714696                  1_GWF-(1,121,208)
       3839         20         39       2.6096521                   1_GWF-(1,31,132)      -95.190356                  1_GWF-(1,120,208)
       3840         20         40       3.8684268                   1_GWF-(1,31,132)       90.194544                   1_GWF-(1,14,277)
       3841         20         41       7.5645420                   1_GWF-(1,31,130)       160.17352                   1_GWF-(1,117,59)
       3842         20         42       378.89293                   1_GWF-(1,31,129)       4404.3734                  1_GWF-(1,121,208)
       3843         20         43      -414.17368                   1_GWF-(1,31,129)      -203.46899                  1_GWF-(1,120,208)
       3844         20         44       12.542790                   1_GWF-(1,31,129)       144.95407                  1_GWF-(1,120,208)
       3845         20         45       5.1637275                   1_GWF-(1,31,131)      -135.33187                  1_GWF-(1,120,208)
       3846         20         46       3.1467738                   1_GWF-(1,31,132)       78.670807                  1_GWF-(1,120,208)
       3847         20         47       2.1437443                   1_GWF-(1,31,129)       68.736048                  1_GWF-(1,120,209)
       3848         20         48       3.5115975                    1_GWF-(1,99,68)      -82.184036                  1_GWF-(1,120,209)
       3849         20         49       9.7902051                    1_GWF-(1,99,68)       179.79510                  1_GWF-(1,137,200)
       3850         20         50       25.939399                    1_GWF-(1,99,68)      -335.54667                  1_GWF-(1,137,200)
       3851         20         51      -422.31610                    1_GWF-(1,99,68)       2619.1906                  1_GWF-(1,120,209)
       3852         20         52       359.06179                    1_GWF-(1,99,68)       170.55067                  1_GWF-(1,121,209)
       3853         20         53       16.467563                    1_GWF-(1,99,68)      -92.745605                   1_GWF-(1,60,233)
       3854         20         54       7.2709376                    1_GWF-(1,99,68)       129.71097                   1_GWF-(1,60,233)
       3855         20         55       8.1169874                    1_GWF-(1,99,68)      -147.45952                   1_GWF-(1,60,233)
       3856         20         56       9.2327638                    1_GWF-(1,99,68)      -139.94036                   1_GWF-(1,85,164)
       3857         20         57       11.051377                    1_GWF-(1,99,68)       153.18537                   1_GWF-(1,85,164)
       3858         20         58       15.592617                    1_GWF-(1,99,68)      -332.62192                   1_GWF-(1,85,164)
       3859         20         59       145.65637                    1_GWF-(1,99,68)       1395.6815                   1_GWF-(1,85,164)
       3860         20         60      -204.71838                    1_GWF-(1,99,68)       376.14872                   1_GWF-(1,60,233)
       3861         20         61       26.906267                    1_GWF-(1,99,68)      -111.86983                   1_GWF-(1,60,233)
       3862         20         62       8.4844407                   1_GWF-(1,31,132)      -65.779518                   1_GWF-(1,70,214)
       3863         20         63       4.3728848                   1_GWF-(1,31,131)       83.907959                   1_GWF-(1,59,233)
       3864         20         64       5.2216750                   1_GWF-(1,31,129)      -107.80804                   1_GWF-(1,59,233)
       3865         20         65       10.438991                   1_GWF-(1,31,129)       199.58071                   1_GWF-(1,59,233)
       3866         20         66      -81.446314                   1_GWF-(1,31,171)      -450.85388                   1_GWF-(1,60,231)
       3867         20         67       40.040821                   1_GWF-(1,31,171)      -110.16333                   1_GWF-(1,69,215)
       3868         20         68       7.6936915                   1_GWF-(1,31,171)      -99.130831                   1_GWF-(1,60,231)
       3869         20         69       6.2273504                   1_GWF-(1,31,132)       122.73096                   1_GWF-(1,60,231)
       3870         20         70       7.4963010                   1_GWF-(1,31,131)      -151.43386                   1_GWF-(1,60,231)
       3871         20         71       10.508043                   1_GWF-(1,31,129)       145.77167                   1_GWF-(1,60,231)
       3872         20         72       23.073929                   1_GWF-(1,31,129)      -216.99212                   1_GWF-(1,60,231)
       3873         20         73       101.72442                   1_GWF-(1,31,131)       585.35535                   1_GWF-(1,61,229)
       3874         20         74      -311.87215                   1_GWF-(1,31,132)       774.74710                   1_GWF-(1,61,229)
       3875         20         75       124.27577                   1_GWF-(1,31,132)      -214.80015                    1_GWF-(1,1,317)
       3876         20         76       30.905404                   1_GWF-(1,31,132)      -138.41804                  1_GWF-(1,137,200)
       3877         20         77       20.708768                   1_GWF-(1,31,131)       163.65268                  1_GWF-(1,137,200)
       3878         20         78       15.429253                   1_GWF-(1,31,129)      -126.92085                   1_GWF-(1,61,229)
       3879         20         79       8.8947815                   1_GWF-(1,31,129)       108.69800                   1_GWF-(1,61,229)
       3880         20         80       10.801174                   1_GWF-(1,31,131)      -103.24127                  1_GWF-(1,137,200)
       3881         20         81       13.313087                   1_GWF-(1,31,132)       145.62362                  1_GWF-(1,137,200)
       3882         20         82       52.779100                   1_GWF-(1,31,129)       392.10040                   1_GWF-(1,61,229)
       3883         20         83      -209.78131                   1_GWF-(1,31,129)       546.19503                   1_GWF-(1,61,229)
       3884         20         84       100.51159                   1_GWF-(1,31,129)      -110.47378                  1_GWF-(1,119,208)
       3885         20         85       12.102879                   1_GWF-(1,31,131)       61.313480                  1_GWF-(1,121,200)
       3886         20         86       4.1863170                   1_GWF-(1,31,132)      -68.331889                   1_GWF-(1,117,60)
       3887         20         87       7.0038876                   1_GWF-(1,31,171)      -99.535795                  1_GWF-(1,121,200)
       3888         20         88       23.805844                   1_GWF-(1,31,174)      -301.26949                   1_GWF-(1,14,277)
       3889         20         89       147.39040                   1_GWF-(1,31,174)       1208.4508                   1_GWF-(1,14,277)
       3890         20         90      -477.88126                   1_GWF-(1,31,174)       1803.0683                   1_GWF-(1,14,277)
       3891         20         91       225.98785                   1_GWF-(1,31,174)      -323.02465                   1_GWF-(1,14,277)
       3892         20         92       46.670225                   1_GWF-(1,31,171)       154.88488                  1_GWF-(1,121,199)
       3893         20         93       21.221619                   1_GWF-(1,31,171)      -103.07427                    1_GWF-(1,9,333)
       3894         20         94       12.526359                   1_GWF-(1,31,173)       127.63075                   1_GWF-(1,143,42)
       3895         20         95       16.762782                   1_GWF-(1,31,174)      -248.99882                   1_GWF-(1,143,42)
       3896         20         96       27.307789                   1_GWF-(1,31,174)       221.55670                   1_GWF-(1,143,42)
       3897         20         97       61.214844                   1_GWF-(1,31,171)       272.32343                   1_GWF-(1,85,164)
       3898         20         98      -1005.4150                   1_GWF-(1,31,171)      -3716.8877                   1_GWF-(1,117,59)
       3899         20         99       838.90958                   1_GWF-(1,31,171)      -378.66087                   1_GWF-(1,143,42)
       3900         20        100       42.733755                   1_GWF-(1,31,171)       158.10844                   1_GWF-(1,143,42)
       3901         20        101       11.379852                   1_GWF-(1,31,129)       52.034126                   1_GWF-(1,117,59)
       3902         20        102       4.7586197                   1_GWF-(1,31,174)      -83.828723                   1_GWF-(1,59,233)
       3903         20        103       14.272632                   1_GWF-(1,31,174)       222.30431                   1_GWF-(1,59,233)
       3904         20        104       142.01124                   1_GWF-(1,31,174)      -753.08483                  1_GWF-(1,120,212)
       3905         20        105      -349.86230                   1_GWF-(1,31,174)      -646.76895                  1_GWF-(1,100,274)
       3906         20        106       109.26140                   1_GWF-(1,31,172)       219.04858                   1_GWF-(1,85,164)
       3907         20        107       29.842706                   1_GWF-(1,31,171)      -137.30062                   1_GWF-(1,85,164)
       3908         20        108       15.188481                   1_GWF-(1,31,171)      -153.94086                   1_GWF-(1,59,233)
       3909         20        109       16.449057                   1_GWF-(1,31,174)       173.55353                   1_GWF-(1,59,233)
       3910         20        110       28.126274                   1_GWF-(1,31,174)      -199.53545                   1_GWF-(1,99,274)
       3911         20        111       63.789398                   1_GWF-(1,31,174)      -340.00753                  1_GWF-(1,121,209)
       3912         20        112       640.28026                   1_GWF-(1,31,171)      -1678.0084                  1_GWF-(1,119,208)
       3913         20        113      -1310.3572                   1_GWF-(1,31,171)      -1075.7144                   1_GWF-(1,117,59)
       3914         20        114       380.06363                   1_GWF-(1,31,171)       482.01151                   1_GWF-(1,85,164)
       3915         20        115       112.29638                   1_GWF-(1,31,171)      -335.84238                  1_GWF-(1,119,208)
       3916         20        116       76.703597                   1_GWF-(1,31,174)      -255.29914                   1_GWF-(1,84,164)
       3917         20        117       54.444689                   1_GWF-(1,31,174)       200.52654                  1_GWF-(1,120,212)
       3918         20        118       37.067032                   1_GWF-(1,31,171)      -164.86772                  1_GWF-(1,120,208)
       3919         20        119       36.257035                   1_GWF-(1,31,171)       307.05193                  1_GWF-(1,120,208)
       3920         20        120       122.85005                   1_GWF-(1,31,171)      -637.70433                    1_GWF-(1,1,316)
       3921         20        121      -750.56456                   1_GWF-(1,31,174)      -1035.6485                    1_GWF-(1,1,316)
       3922         20        122       414.52453                   1_GWF-(1,31,174)       282.95407                  1_GWF-(1,120,209)
       3923         20        123       64.561142                   1_GWF-(1,31,174)       216.29192                  1_GWF-(1,120,208)
       3924         20        124       31.063242                   1_GWF-(1,31,174)      -240.71503                  1_GWF-(1,120,208)
       3925         20        125       28.210120                   1_GWF-(1,31,171)       324.82522                  1_GWF-(1,120,208)
       3926         20        126       67.992296                   1_GWF-(1,31,171)      -432.80349                  1_GWF-(1,120,208)
       3927         20        127       135.66723                   1_GWF-(1,31,174)      -580.07843                   1_GWF-(1,60,231)
       3928         20        128      -3414.8452                   1_GWF-(1,31,174)      -8744.2473                   1_GWF-(1,60,231)
       3929         20        129       2884.2467                   1_GWF-(1,31,174)       952.61442                   1_GWF-(1,60,231)
       3930         20        130       146.65303                   1_GWF-(1,31,174)      -491.20601                   1_GWF-(1,60,231)
       3931         20        131       89.291258                   1_GWF-(1,31,174)       305.12347                   1_GWF-(1,60,231)
       3932         20        132       90.805350                   1_GWF-(1,31,171)      -313.22272                  1_GWF-(1,121,198)
       3933         20        133       108.17882                   1_GWF-(1,31,171)       338.10505                   1_GWF-(1,134,48)
       3934         20        134       122.28793                   1_GWF-(1,31,174)       391.98644                   1_GWF-(1,133,48)
       3935         20        135       135.68296                   1_GWF-(1,31,174)      -536.80028                   1_GWF-(1,133,48)
       3936         20        136       2239.4535                   1_GWF-(1,31,174)       8303.9750                  1_GWF-(1,137,200)
       3937         20        137      -2712.0542                   1_GWF-(1,31,174)       659.92963                  1_GWF-(1,137,200)
       3938         20        138       111.86028                   1_GWF-(1,31,171)      -275.48016                  1_GWF-(1,137,200)
       3939         20        139       33.878245                   1_GWF-(1,31,171)       181.30316                   1_GWF-(1,134,48)
       3940         20        140       22.008248                   1_GWF-(1,31,171)      -222.91952                   1_GWF-(1,134,48)
       3941         20        141       71.710336                   1_GWF-(1,31,171)      -373.73777                   1_GWF-(1,133,48)
       3942         20        142       2310.4300                   1_GWF-(1,31,174)       5640.2472                   1_GWF-(1,90,157)
       3943         20        143      -2673.8437                   1_GWF-(1,31,174)      -411.77826                   1_GWF-(1,90,157)
       3944         20        144       84.332579                   1_GWF-(1,31,174)       300.45559                   1_GWF-(1,14,277)
       3945         20        145       44.765506                   1_GWF-(1,31,174)      -334.53004                   1_GWF-(1,14,277)
       3946         20        146       54.215586                   1_GWF-(1,31,171)       323.68550                   1_GWF-(1,14,277)
       3947         20        147       87.670538                   1_GWF-(1,31,171)       394.63400                   1_GWF-(1,90,157)
       3948         20        148       171.64056                   1_GWF-(1,31,174)       607.75461                   1_GWF-(1,14,277)
       3949         20        149       320.31756                   1_GWF-(1,31,174)       1192.7446                   1_GWF-(1,59,233)
       3950         20        150       638.63346                   1_GWF-(1,31,174)      -1334.6249                   1_GWF-(1,59,233)
       3951         20        151      -8625.0942                   1_GWF-(1,31,171)      -6352.4110                   1_GWF-(1,59,233)
       3952         20        152       7332.3846                   1_GWF-(1,31,171)      -509.33710                   1_GWF-(1,28,348)
       3953         20        153       142.29294                   1_GWF-(1,31,171)      -369.89972                   1_GWF-(1,85,164)
       3954         20        154       31.761777                   1_GWF-(1,31,171)       304.31350                   1_GWF-(1,85,164)
       3955         20        155       37.956244                   1_GWF-(1,31,171)      -353.93278                   1_GWF-(1,85,164)
       3956         20        156       178.15869                   1_GWF-(1,31,174)       608.73477                   1_GWF-(1,85,164)
       3957         20        157      -47267.600                   1_GWF-(1,31,174)       78753.733                   1_GWF-(1,60,233)
       3958         20        158       46522.859                   1_GWF-(1,31,174)      -817.70207                   1_GWF-(1,60,233)
       3959         20        159       225.60036                   1_GWF-(1,31,174)       561.05265                   1_GWF-(1,60,233)
       3960         20        160       116.91762                   1_GWF-(1,31,171)      -289.74103                  1_GWF-(1,135,199)
       3961         20        161       97.208144                   1_GWF-(1,31,171)      -322.29159                    1_GWF-(1,1,317)
       3962         20        162       138.56328                   1_GWF-(1,31,171)      -459.99217                    1_GWF-(1,1,316)
       3963         20        163       206.35841                   1_GWF-(1,31,174)      -427.67948                   1_GWF-(1,60,233)
       3964         20        164       195.95893                   1_GWF-(1,31,174)       492.30755                   1_GWF-(1,60,233)
       3965         20        165       1586.2253                   1_GWF-(1,31,171)       2234.3964                   1_GWF-(1,74,207)
       3966         20        166      -2585.6014                   1_GWF-(1,31,171)      -913.92544                  1_GWF-(1,137,200)
       3967         20        167       334.08406                   1_GWF-(1,31,171)       431.16939                  1_GWF-(1,137,200)
       3968         20        168       85.850060                   1_GWF-(1,31,171)      -277.76170                  1_GWF-(1,137,200)
       3969         20        169       74.389954                   1_GWF-(1,31,171)      -262.58652                  1_GWF-(1,136,200)
       3970         20        170       156.53535                   1_GWF-(1,31,174)       371.11485                   1_GWF-(1,85,163)
       3971         20        171       163.81402                   1_GWF-(1,31,174)      -368.45376                  1_GWF-(1,121,209)
       3972         20        172       236.89109                   1_GWF-(1,31,171)      -586.44266                   1_GWF-(1,60,231)
       3973         20        173       615.08625                   1_GWF-(1,31,171)       1877.3501                   1_GWF-(1,60,231)
       3974         20        174      -2153.7586                   1_GWF-(1,31,171)       2196.9197                   1_GWF-(1,60,231)
       3975         20        175       767.58174                   1_GWF-(1,31,171)      -515.33325                   1_GWF-(1,60,231)
       3976         20        176       119.09767                   1_GWF-(1,31,174)       165.22267                  1_GWF-(1,120,211)
       3977         20        177       43.844889                   1_GWF-(1,31,174)      -198.31471                  1_GWF-(1,135,200)
       3978         20        178       117.73314                   1_GWF-(1,31,174)      -395.59430                  1_GWF-(1,136,200)
       3979         20        179       564.76252                   1_GWF-(1,31,171)      -1123.9342                   1_GWF-(1,143,42)
       3980         20        180       2083.5603                   1_GWF-(1,31,171)      -2515.1137                   1_GWF-(1,73,206)
       3981         20        181      -7547.9148                   1_GWF-(1,31,171)      -4293.4876                  1_GWF-(1,120,208)
       3982         20        182       3714.7059                   1_GWF-(1,31,171)      -1065.0273                   1_GWF-(1,117,59)
       3983         20        183       674.26881                   1_GWF-(1,31,173)       742.01203                   1_GWF-(1,117,59)
       3984         20        184       287.13811                   1_GWF-(1,31,174)      -582.78146                   1_GWF-(1,117,59)
       3985         20        185       139.64273                   1_GWF-(1,31,174)      -510.30689                   1_GWF-(1,73,206)
       3986         20        186       137.76871                   1_GWF-(1,31,171)      -513.70813                   1_GWF-(1,73,206)
       3987         20        187       210.88153                   1_GWF-(1,31,171)       544.10477                   1_GWF-(1,73,207)
       3988         20        188       548.19473                   1_GWF-(1,31,171)      -894.33973                   1_GWF-(1,59,233)
       3989         20        189       1283.7093                   1_GWF-(1,31,174)       1790.9645                  1_GWF-(1,120,208)
       3990         20        190      -12017.867                   1_GWF-(1,31,174)      -9058.0602                   1_GWF-(1,73,206)
       3991         20        191       8731.0710                   1_GWF-(1,31,174)       1269.8779                   1_GWF-(1,73,207)
       3992         20        192       977.90266                   1_GWF-(1,31,174)       484.56669                   1_GWF-(1,59,233)
       3993         20        193       207.70481                   1_GWF-(1,31,171)       407.00185                  1_GWF-(1,120,208)
       3994         20        194       105.09562                   1_GWF-(1,31,171)       493.01731                  1_GWF-(1,137,200)
       3995         20        195       225.54978                   1_GWF-(1,31,171)      -695.40207                  1_GWF-(1,137,200)
       3996         20        196       544.29344                   1_GWF-(1,31,174)       901.37994                  1_GWF-(1,137,200)
       3997         20        197       2696.3555                   1_GWF-(1,31,174)       4290.4644                   1_GWF-(1,59,233)
       3998         20        198      -4526.3659                   1_GWF-(1,31,174)       1675.3508                   1_GWF-(1,59,233)
       3999         20        199       587.51769                   1_GWF-(1,31,174)       420.96111                  1_GWF-(1,120,208)
       4000         20        200       176.88778                   1_GWF-(1,31,171)      -334.60501                   1_GWF-(1,29,346)
       4001         21          1      -2.7200854                  1_GWF-(1,122,203)       241.83309                  1_GWF-(1,120,208)
       4002         21          2      -3.8668023                  1_GWF-(1,122,203)      -239.97687                  1_GWF-(1,120,208)
       4003         21          3      -3.3591399                  1_GWF-(1,121,203)       144.60518                  1_GWF-(1,120,208)
       4004         21          4      -2.3778692                  1_GWF-(1,121,204)       84.096451                  1_GWF-(1,120,209)
       4005         21          5      -1.4731119                  1_GWF-(1,121,205)      -74.548360                   1_GWF-(1,27,349)
       4006         21          6      -3.1235095                   1_GWF-(1,95,267)       90.153056                  1_GWF-(1,121,210)
       4007         21          7      -6.3687121                   1_GWF-(1,95,267)      -135.05708                    1_GWF-(1,1,317)
       4008         21          8      -6.3644141                   1_GWF-(1,95,267)       98.607939                   1_GWF-(1,88,159)
       4009         21          9      -7.9391824                   1_GWF-(1,95,267)      -94.281447                   1_GWF-(1,70,214)
       4010         21         10      -10.806801                   1_GWF-(1,95,267)      -123.71104                  1_GWF-(1,121,210)
       4011         21         11      -20.229507                   1_GWF-(1,95,267)      -203.28753                  1_GWF-(1,120,212)
       4012         21         12      -49.545281                   1_GWF-(1,95,267)       430.43104                  1_GWF-(1,120,208)
       4013         21         13       756.88703                   1_GWF-(1,95,267)       2712.0111                  1_GWF-(1,120,208)
       4014         21         14      -619.86226                   1_GWF-(1,95,267)       278.36459                   1_GWF-(1,28,348)
       4015         21         15      -35.621910                   1_GWF-(1,95,267)       192.59985                   1_GWF-(1,72,210)
       4016         21         16      -10.021397                   1_GWF-(1,95,267)      -128.41643                   1_GWF-(1,143,42)
       4017         21         17      -4.4863743                   1_GWF-(1,95,267)       63.760937                   1_GWF-(1,143,42)
       4018         21         18      -2.6496889                   1_GWF-(1,95,267)      -62.726570                  1_GWF-(1,119,208)
       4019         21         19      -3.1819827                   1_GWF-(1,95,267)      -76.556440                   1_GWF-(1,70,214)
       4020         21         20      -7.1897803                   1_GWF-(1,95,267)       119.71230                   1_GWF-(1,143,42)
       4021         21         21      -42.017407                   1_GWF-(1,95,267)      -304.56692                   1_GWF-(1,72,210)
       4022         21         22       99.373800                   1_GWF-(1,95,267)       278.82868                   1_GWF-(1,60,233)
       4023         21         23      -25.670498                   1_GWF-(1,95,267)      -140.39614                   1_GWF-(1,60,233)
       4024         21         24      -7.4150555                   1_GWF-(1,95,267)       110.65251                   1_GWF-(1,60,233)
       4025         21         25      -5.8412014                   1_GWF-(1,95,267)      -72.796464                   1_GWF-(1,60,233)
       4026         21         26      -6.1946153                   1_GWF-(1,95,267)       82.660187                   1_GWF-(1,88,159)
       4027         21         27      -9.4253383                   1_GWF-(1,95,267)       113.66183                   1_GWF-(1,88,159)
       4028         21         28      -31.632928                   1_GWF-(1,95,267)       336.36285                   1_GWF-(1,59,233)
       4029         21         29       575.94292                   1_GWF-(1,95,267)       3230.3777                   1_GWF-(1,59,233)
       4030         21         30      -473.16124                   1_GWF-(1,95,267)      -204.59442                   1_GWF-(1,59,233)
       4031         21         31      -25.848244                   1_GWF-(1,95,267)       118.35292                   1_GWF-(1,95,267)
       4032         21         32      -24.854485                   1_GWF-(1,95,267)      -120.41918                  1_GWF-(1,121,208)
       4033         21         33      -21.579091                   1_GWF-(1,95,267)       96.226776                  1_GWF-(1,121,208)
       4034         21         34      -11.674698                   1_GWF-(1,95,267)      -64.187995                   1_GWF-(1,117,59)
       4035         21         35      -6.3111428                   1_GWF-(1,95,267)       85.673651                   1_GWF-(1,117,59)
       4036         21         36      -11.676264                   1_GWF-(1,95,267)      -200.84571                   1_GWF-(1,117,59)
       4037         21         37       206.54763                   1_GWF-(1,95,267)      -845.02991                   1_GWF-(1,117,59)
       4038         21         38      -148.60094                   1_GWF-(1,95,267)      -84.172130                   1_GWF-(1,133,47)
       4039         21         39      -11.305298                   1_GWF-(1,95,267)      -78.899631                   1_GWF-(1,133,48)
       4040         21         40      -8.6056868                   1_GWF-(1,95,267)       101.63090                   1_GWF-(1,133,48)
       4041         21         41      -12.471670                   1_GWF-(1,95,267)      -83.906173                  1_GWF-(1,121,203)
       4042         21         42      -11.103631                   1_GWF-(1,95,267)      -82.418031                   1_GWF-(1,117,59)
       4043         21         43      -7.9016834                   1_GWF-(1,95,267)       98.832707                   1_GWF-(1,117,59)
       4044         21         44      -13.413816                   1_GWF-(1,95,267)      -102.27165                   1_GWF-(1,133,48)
       4045         21         45      -48.116684                   1_GWF-(1,95,267)       272.99486                   1_GWF-(1,133,48)
       4046         21         46       156.53603                   1_GWF-(1,95,267)       295.31865                   1_GWF-(1,59,234)
       4047         21         47      -63.985035                   1_GWF-(1,95,267)      -92.070520                  1_GWF-(1,120,207)
       4048         21         48      -9.7486157                   1_GWF-(1,95,267)       57.141766                   1_GWF-(1,28,348)
       4049         21         49      -3.5932615                   1_GWF-(1,95,267)      -47.606577                   1_GWF-(1,60,231)
       4050         21         50      -2.3758999                   1_GWF-(1,95,267)       66.968111                   1_GWF-(1,60,231)
       4051         21         51      -3.3637953                   1_GWF-(1,95,267)      -101.51736                   1_GWF-(1,60,231)
       4052         21         52      -10.242931                   1_GWF-(1,95,267)       98.050051                   1_GWF-(1,60,231)
       4053         21         53      -88.868903                   1_GWF-(1,95,267)       534.85241                   1_GWF-(1,28,347)
       4054         21         54       140.17210                   1_GWF-(1,95,267)       176.26954                   1_GWF-(1,14,277)
       4055         21         55      -16.817453                   1_GWF-(1,95,267)      -117.23968                   1_GWF-(1,14,277)
       4056         21         56      -6.0284665                   1_GWF-(1,95,267)       92.453613                   1_GWF-(1,14,277)
       4057         21         57      -7.3712562                   1_GWF-(1,95,267)      -80.576180                   1_GWF-(1,14,277)
       4058         21         58      -9.1123156                   1_GWF-(1,95,267)       61.148507                  1_GWF-(1,121,209)
       4059         21         59      -7.9609826                   1_GWF-(1,95,267)      -77.266192                   1_GWF-(1,29,346)
       4060         21         60      -9.6341240                   1_GWF-(1,95,267)      -122.05136                    1_GWF-(1,1,316)
       4061         21         61      -16.556610                   1_GWF-(1,95,267)      -218.27509                    1_GWF-(1,1,317)
       4062         21         62       443.41952                   1_GWF-(1,95,267)      -2333.0068                   1_GWF-(1,29,347)
       4063         21         63      -397.33103                   1_GWF-(1,95,267)       119.79756                   1_GWF-(1,70,214)
       4064         21         64      -10.743253                   1_GWF-(1,95,267)      -90.306428                   1_GWF-(1,70,214)
       4065         21         65      -3.0179161                   1_GWF-(1,95,267)       80.261316                   1_GWF-(1,70,214)
       4066         21         66      -2.0669737                   1_GWF-(1,95,267)      -126.64168                   1_GWF-(1,70,214)
       4067         21         67      -4.2291262                   1_GWF-(1,95,267)       92.069865                   1_GWF-(1,70,214)
       4068         21         68      -47.112829                   1_GWF-(1,95,267)       622.89962                  1_GWF-(1,121,204)
       4069         21         69       64.263268                   1_GWF-(1,95,267)      -103.63129                   1_GWF-(1,92,153)
       4070         21         70      -4.0407312                   1_GWF-(1,95,267)       30.218924                  1_GWF-(1,121,204)
       4071         21         71      -1.6011440                    1_GWF-(1,99,68)      -31.079370                   1_GWF-(1,27,348)
       4072         21         72      -5.1211033                    1_GWF-(1,99,68)      -53.569711                  1_GWF-(1,135,200)
       4073         21         73      -44.329328                    1_GWF-(1,99,68)       223.64229                  1_GWF-(1,122,201)
       4074         21         74       556.43805                    1_GWF-(1,99,68)       1722.1889                   1_GWF-(1,61,229)
       4075         21         75      -439.13590                    1_GWF-(1,99,68)      -297.18285                   1_GWF-(1,61,229)
       4076         21         76      -42.459730                    1_GWF-(1,99,68)       127.54556                   1_GWF-(1,61,229)
       4077         21         77      -28.226199                    1_GWF-(1,99,68)      -113.50563                   1_GWF-(1,86,184)
       4078         21         78      -19.165740                    1_GWF-(1,99,68)       68.886226                  1_GWF-(1,136,200)
       4079         21         79      -9.5672018                    1_GWF-(1,99,68)      -49.091449                   1_GWF-(1,143,42)
       4080         21         80      -3.6757951                    1_GWF-(1,99,68)       63.970353                   1_GWF-(1,60,233)
       4081         21         81       5.8539581                   1_GWF-(1,31,129)       192.68902                   1_GWF-(1,70,214)
       4082         21         82      -58.268521                   1_GWF-(1,31,129)       573.54070                   1_GWF-(1,70,214)
       4083         21         83       34.871649                   1_GWF-(1,31,129)      -106.98089                   1_GWF-(1,70,214)
       4084         21         84       4.1892593                  1_GWF-(1,137,197)       75.088302                   1_GWF-(1,143,42)
       4085         21         85       2.4867251                  1_GWF-(1,137,197)      -58.570642                   1_GWF-(1,70,214)
       4086         21         86       3.6004444                  1_GWF-(1,137,197)      -80.965734                   1_GWF-(1,59,233)
       4087         21         87       5.3938452                   1_GWF-(1,31,171)       141.44995                   1_GWF-(1,59,233)
       4088         21         88       23.898884                   1_GWF-(1,31,129)      -401.25590                   1_GWF-(1,143,42)
       4089         21         89      -430.59122                   1_GWF-(1,31,172)      -1894.4481                   1_GWF-(1,143,42)
       4090         21         90       337.06299                   1_GWF-(1,31,172)      -173.04316                   1_GWF-(1,14,277)
       4091         21         91       28.764613                   1_GWF-(1,31,174)       176.95865                   1_GWF-(1,14,277)
       4092         21         92       23.676840                    1_GWF-(1,99,68)      -188.00085                   1_GWF-(1,14,277)
       4093         21         93       17.178660                    1_GWF-(1,99,68)      -102.24531                   1_GWF-(1,60,233)
       4094         21         94       9.9084190                    1_GWF-(1,99,68)      -61.373683                  1_GWF-(1,120,206)
       4095         21         95       5.8028180                   1_GWF-(1,31,129)       61.634337                   1_GWF-(1,60,231)
       4096         21         96       9.6043225                   1_GWF-(1,31,132)      -181.98144                   1_GWF-(1,60,231)
       4097         21         97       167.07621                   1_GWF-(1,31,132)       1567.2625                   1_GWF-(1,60,231)
       4098         21         98      -216.45191                   1_GWF-(1,31,132)      -170.79582                   1_GWF-(1,72,210)
       4099         21         99       14.275251                   1_GWF-(1,31,132)      -107.49201                   1_GWF-(1,72,210)
       4100         21        100       7.6845368                   1_GWF-(1,31,129)       68.384216                   1_GWF-(1,60,233)
       4101         21        101       5.9967075                   1_GWF-(1,31,129)      -84.552899                    1_GWF-(1,1,316)
       4102         21        102       6.6109988                   1_GWF-(1,31,132)      -123.60509                    1_GWF-(1,1,317)
       4103         21        103       8.8395672                   1_GWF-(1,31,132)       150.50912                   1_GWF-(1,72,210)
       4104         21        104       22.874235                   1_GWF-(1,31,174)       271.93445                   1_GWF-(1,72,210)
       4105         21        105      -185.86776                   1_GWF-(1,31,129)      -518.61215                   1_GWF-(1,72,210)
       4106         21        106       112.67065                   1_GWF-(1,31,129)      -175.29502                   1_GWF-(1,117,59)
       4107         21        107       11.261524                   1_GWF-(1,31,129)       118.69795                   1_GWF-(1,117,59)
       4108         21        108       7.0020536                   1_GWF-(1,60,108)      -80.991589                   1_GWF-(1,117,59)
       4109         21        109       12.342713                   1_GWF-(1,60,108)      -82.341042                  1_GWF-(1,121,198)
       4110         21        110       24.245212                   1_GWF-(1,60,108)      -139.34727                  1_GWF-(1,121,198)
       4111         21        111       37.058878                   1_GWF-(1,60,108)       121.06632                   1_GWF-(1,178,26)
       4112         21        112       50.214070                   1_GWF-(1,60,108)       329.23562                   1_GWF-(1,117,59)
       4113         21        113       528.53943                   1_GWF-(1,31,132)      -2203.9077                   1_GWF-(1,117,59)
       4114         21        114      -768.05376                   1_GWF-(1,31,132)      -755.35448                   1_GWF-(1,117,59)
       4115         21        115       119.96725                   1_GWF-(1,60,108)       146.29180                   1_GWF-(1,117,59)
       4116         21        116       24.114260                   1_GWF-(1,60,108)       105.38430                   1_GWF-(1,28,347)
       4117         21        117       10.081808                   1_GWF-(1,31,129)       74.724882                   1_GWF-(1,70,214)
       4118         21        118       9.2638171                   1_GWF-(1,31,174)      -163.08296                   1_GWF-(1,70,214)
       4119         21        119       23.926356                   1_GWF-(1,31,132)       480.41696                   1_GWF-(1,70,214)
       4120         21        120       159.26914                   1_GWF-(1,31,171)      -1400.1962                   1_GWF-(1,70,214)
       4121         21        121      -292.81986                   1_GWF-(1,31,171)      -451.14007                   1_GWF-(1,70,214)
       4122         21        122       52.423640                   1_GWF-(1,31,171)       149.68890                   1_GWF-(1,31,343)
       4123         21        123       14.420853                   1_GWF-(1,31,129)      -114.92565                  1_GWF-(1,120,210)
       4124         21        124       12.541787                   1_GWF-(1,31,174)       125.54562                  1_GWF-(1,120,210)
       4125         21        125       33.295611                   1_GWF-(1,31,174)       318.43744                  1_GWF-(1,120,208)
       4126         21        126       123.95936                   1_GWF-(1,31,171)      -1003.0290                  1_GWF-(1,120,208)
       4127         21        127       3583.0811                   1_GWF-(1,31,171)       9935.3838                  1_GWF-(1,120,208)
       4128         21        128      -4041.2918                   1_GWF-(1,31,171)      -498.51881                   1_GWF-(1,60,231)
       4129         21        129       203.52333                   1_GWF-(1,31,171)      -309.79675                   1_GWF-(1,31,343)
       4130         21        130       68.770070                   1_GWF-(1,31,174)      -294.90237                   1_GWF-(1,88,159)
       4131         21        131       38.471649                   1_GWF-(1,31,174)      -277.55426                   1_GWF-(1,88,159)
       4132         21        132       46.811760                   1_GWF-(1,31,174)      -247.04474                   1_GWF-(1,60,231)
       4133         21        133       70.214220                   1_GWF-(1,31,171)       217.47803                   1_GWF-(1,60,231)
       4134         21        134       56.526481                   1_GWF-(1,31,171)       252.31930                   1_GWF-(1,88,159)
       4135         21        135       126.05992                   1_GWF-(1,31,173)       689.18451                  1_GWF-(1,120,208)
       4136         21        136      -408.39232                   1_GWF-(1,31,173)      -608.71831                    1_GWF-(1,1,316)
       4137         21        137       119.10080                   1_GWF-(1,31,174)      -195.95444                    1_GWF-(1,1,317)
       4138         21        138       17.755346                   1_GWF-(1,31,174)       108.89534                   1_GWF-(1,143,42)
       4139         21        139       9.0632682                   1_GWF-(1,31,132)      -153.54301                   1_GWF-(1,143,42)
       4140         21        140       47.843380                   1_GWF-(1,31,172)       447.00543                   1_GWF-(1,143,42)
       4141         21        141      -337.16889                   1_GWF-(1,31,172)       656.71289                   1_GWF-(1,143,42)
       4142         21        142       149.30595                   1_GWF-(1,31,171)      -132.59473                   1_GWF-(1,70,213)
       4143         21        143       29.729038                   1_GWF-(1,31,129)       172.99790                   1_GWF-(1,59,233)
       4144         21        144       41.591380                   1_GWF-(1,31,172)      -251.95704                   1_GWF-(1,59,233)
       4145         21        145       72.042872                   1_GWF-(1,31,173)       248.70644                   1_GWF-(1,61,229)
       4146         21        146       33.357063                   1_GWF-(1,31,174)       150.48630                   1_GWF-(1,60,229)
       4147         21        147       33.706096                   1_GWF-(1,31,129)       134.81911                   1_GWF-(1,60,233)
       4148         21        148       84.653805                   1_GWF-(1,31,172)      -650.23485                   1_GWF-(1,60,233)
       4149         21        149       2211.9663                   1_GWF-(1,31,171)       9054.0941                   1_GWF-(1,60,233)
       4150         21        150      -2693.9814                   1_GWF-(1,31,171)       963.93659                   1_GWF-(1,60,233)
       4151         21        151       251.08056                   1_GWF-(1,31,171)       246.32246                   1_GWF-(1,70,214)
       4152         21        152       37.484306                   1_GWF-(1,31,174)      -123.07840                   1_GWF-(1,70,214)
       4153         21        153       11.937436                   1_GWF-(1,31,174)       158.75854                   1_GWF-(1,70,214)
       4154         21        154       19.546119                   1_GWF-(1,31,174)      -343.74130                   1_GWF-(1,70,214)
       4155         21        155       76.814410                   1_GWF-(1,31,171)       656.91605                   1_GWF-(1,70,214)
       4156         21        156      -938.39205                   1_GWF-(1,31,171)       1793.8766                   1_GWF-(1,133,48)
       4157         21        157       621.73901                   1_GWF-(1,31,171)      -518.50757                   1_GWF-(1,133,48)
       4158         21        158       75.875199                   1_GWF-(1,31,171)       281.01080                   1_GWF-(1,133,48)
       4159         21        159       36.256944                   1_GWF-(1,31,174)      -215.24305                   1_GWF-(1,133,48)
       4160         21        160       53.203715                   1_GWF-(1,31,174)      -185.00713                  1_GWF-(1,120,210)
       4161         21        161       75.183415                   1_GWF-(1,31,174)      -333.15066                   1_GWF-(1,60,231)
       4162         21        162       96.103645                   1_GWF-(1,31,171)       441.69225                   1_GWF-(1,14,277)
       4163         21        163       103.95607                   1_GWF-(1,31,172)      -512.89879                   1_GWF-(1,60,231)
       4164         21        164       193.44799                   1_GWF-(1,31,174)       409.49737                  1_GWF-(1,164,110)
       4165         21        165       2036.0590                   1_GWF-(1,31,174)      -3345.2813                   1_GWF-(1,70,212)
       4166         21        166      -2662.9436                   1_GWF-(1,31,174)       597.41790                   1_GWF-(1,14,277)
       4167         21        167       139.46853                   1_GWF-(1,31,174)      -460.16866                   1_GWF-(1,14,277)
       4168         21        168       51.188537                   1_GWF-(1,31,173)       231.18567                   1_GWF-(1,14,277)
       4169         21        169       24.488222                   1_GWF-(1,31,171)      -110.96994                   1_GWF-(1,69,216)
       4170         21        170       28.348804                   1_GWF-(1,31,171)       241.09534                   1_GWF-(1,69,216)
       4171         21        171       149.84419                   1_GWF-(1,31,172)      -539.78122                   1_GWF-(1,91,155)
       4172         21        172      -940.50315                   1_GWF-(1,31,174)       1650.4185                   1_GWF-(1,70,215)
       4173         21        173       544.62977                   1_GWF-(1,31,174)      -379.05877                    1_GWF-(1,1,316)
       4174         21        174       75.136471                   1_GWF-(1,31,174)      -306.08714                    1_GWF-(1,1,317)
       4175         21        175       47.438311                   1_GWF-(1,31,174)      -164.10041                   1_GWF-(1,59,233)
       4176         21        176       61.597461                   1_GWF-(1,31,171)      -258.22134                   1_GWF-(1,70,215)
       4177         21        177       108.16566                   1_GWF-(1,31,171)      -258.99467                   1_GWF-(1,69,214)
       4178         21        178       92.716886                   1_GWF-(1,31,174)      -371.50175                    1_GWF-(1,1,316)
       4179         21        179       244.28284                   1_GWF-(1,31,174)      -967.26985                    1_GWF-(1,1,317)
       4180         21        180      -884.02646                   1_GWF-(1,31,174)      -739.61498                   1_GWF-(1,70,215)
       4181         21        181       295.47606                   1_GWF-(1,31,174)      -234.19572                   1_GWF-(1,70,214)
       4182         21        182       43.814920                   1_GWF-(1,31,174)       195.50873                   1_GWF-(1,72,210)
       4183         21        183       45.132062                   1_GWF-(1,31,171)      -385.40599                   1_GWF-(1,70,214)
       4184         21        184       75.509027                   1_GWF-(1,31,171)       567.02264                   1_GWF-(1,70,214)
       4185         21        185       128.36209                   1_GWF-(1,31,174)      -472.31633                   1_GWF-(1,72,210)
       4186         21        186       227.48671                   1_GWF-(1,31,174)      -933.45968                   1_GWF-(1,72,210)
       4187         21        187      -1970.9474                   1_GWF-(1,31,174)       3023.0051                   1_GWF-(1,118,59)
       4188         21        188       1301.2535                   1_GWF-(1,31,174)      -394.39511                   1_GWF-(1,70,214)
       4189         21        189       71.337229                   1_GWF-(1,31,174)      -310.53590                   1_GWF-(1,117,59)
       4190         21        190       53.682794                   1_GWF-(1,31,171)       413.15923                   1_GWF-(1,117,59)
       4191         21        191       67.455839                   1_GWF-(1,31,171)      -393.93867                   1_GWF-(1,117,59)
       4192         21        192       303.66896                   1_GWF-(1,31,171)       745.23594                   1_GWF-(1,117,59)
       4193         21        193      -3701.4985                   1_GWF-(1,31,174)      -4029.0975                   1_GWF-(1,143,42)
       4194         21        194       2674.8543                   1_GWF-(1,31,174)      -727.08469                   1_GWF-(1,60,233)
       4195         21        195       294.66176                   1_GWF-(1,31,174)       937.97740                   1_GWF-(1,60,233)
       4196         21        196       201.87773                   1_GWF-(1,31,174)      -793.09816                   1_GWF-(1,60,233)
       4197         21        197       215.09863                   1_GWF-(1,31,171)       572.06034                   1_GWF-(1,60,233)
       4198         21        198       235.42503                   1_GWF-(1,31,171)      -607.59157                   1_GWF-(1,143,42)
       4199         21        199       185.32903                   1_GWF-(1,31,173)       732.81606                   1_GWF-(1,143,42)
       4200         21        200       341.00868                   1_GWF-(1,31,174)       989.38872                   1_GWF-(1,60,231)
       4201         22          1      -9.2366806                   1_GWF-(1,88,158)      -669.47110                   1_GWF-(1,60,231)
       4202         22          2      -4.4743479                   1_GWF-(1,88,158)       440.56856                   1_GWF-(1,60,231)
       4203         22          3      -7.2338131                   1_GWF-(1,87,184)       387.62919                   1_GWF-(1,87,184)
       4204         22          4      -12.669088                   1_GWF-(1,87,184)       383.17674                   1_GWF-(1,86,184)
       4205         22          5      -15.024640                   1_GWF-(1,86,184)      -464.67136                   1_GWF-(1,143,42)
       4206         22          6      -33.003356                   1_GWF-(1,86,184)       490.33222                   1_GWF-(1,59,233)
       4207         22          7      -41.911256                   1_GWF-(1,87,184)      -692.95848                   1_GWF-(1,59,233)
       4208         22          8      -28.762965                   1_GWF-(1,87,184)       299.15786                   1_GWF-(1,59,233)
       4209         22          9      -14.291940                   1_GWF-(1,86,184)       320.48857                   1_GWF-(1,143,42)
       4210         22         10      -14.399752                   1_GWF-(1,86,184)      -253.60666                   1_GWF-(1,143,42)
       4211         22         11      -19.483735                   1_GWF-(1,87,184)      -325.18735                   1_GWF-(1,60,233)
       4212         22         12      -45.573910                   1_GWF-(1,87,184)       939.82232                   1_GWF-(1,60,233)
       4213         22         13       542.32354                   1_GWF-(1,87,184)       6207.3901                   1_GWF-(1,60,233)
       4214         22         14      -394.60102                   1_GWF-(1,87,184)      -691.59331                   1_GWF-(1,60,233)
       4215         22         15      -28.447524                   1_GWF-(1,86,184)      -313.51326                   1_GWF-(1,88,159)
       4216         22         16      -7.8236517                   1_GWF-(1,86,184)      -114.79376                   1_GWF-(1,88,159)
       4217         22         17      -4.6345184                   1_GWF-(1,73,299)      -111.65674                   1_GWF-(1,88,158)
       4218         22         18      -6.3594234                   1_GWF-(1,73,299)       107.85822                   1_GWF-(1,117,59)
       4219         22         19      -12.243784                   1_GWF-(1,73,299)      -278.23234                   1_GWF-(1,60,233)
       4220         22         20      -52.333665                   1_GWF-(1,73,299)       531.50171                   1_GWF-(1,60,233)
       4221         22         21      -1777.6758                   1_GWF-(1,73,299)       7205.1360                   1_GWF-(1,118,59)
       4222         22         22       1959.6664                   1_GWF-(1,73,299)      -447.92610                   1_GWF-(1,117,60)
       4223         22         23      -61.652341                   1_GWF-(1,73,299)       250.67359                   1_GWF-(1,69,217)
       4224         22         24      -38.422832                   1_GWF-(1,73,299)       205.52851                   1_GWF-(1,117,59)
       4225         22         25      -14.555046                   1_GWF-(1,73,299)      -210.68046                   1_GWF-(1,117,59)
       4226         22         26      -11.196492                   1_GWF-(1,73,299)      -160.89720                   1_GWF-(1,61,229)
       4227         22         27      -14.587942                   1_GWF-(1,73,299)       169.54494                   1_GWF-(1,61,229)
       4228         22         28      -34.802372                   1_GWF-(1,73,299)      -351.62367                   1_GWF-(1,69,217)
       4229         22         29      -389.59488                   1_GWF-(1,73,299)      -2459.7057                   1_GWF-(1,69,217)
       4230         22         30      -530.56385                    1_GWF-(1,85,94)      -424.77252                    1_GWF-(1,1,316)
       4231         22         31      -51.757731                   1_GWF-(1,73,299)      -241.89559                    1_GWF-(1,1,317)
       4232         22         32      -11.394417                   1_GWF-(1,73,299)       138.19884                   1_GWF-(1,60,231)
       4233         22         33      -7.9996734                   1_GWF-(1,73,299)      -139.17741                   1_GWF-(1,69,217)
       4234         22         34      -16.453857                   1_GWF-(1,73,299)       216.82462                   1_GWF-(1,60,231)
       4235         22         35      -32.698474                   1_GWF-(1,73,299)      -388.92017                   1_GWF-(1,60,231)
       4236         22         36      -121.54370                   1_GWF-(1,73,299)       761.39308                   1_GWF-(1,60,231)
       4237         22         37       731.56280                   1_GWF-(1,73,299)       1471.5126                   1_GWF-(1,73,299)
       4238         22         38      -456.16900                   1_GWF-(1,73,299)      -365.90184                  1_GWF-(1,121,206)
       4239         22         39      -58.159607                   1_GWF-(1,73,299)       188.96153                  1_GWF-(1,121,206)
       4240         22         40      -29.030576                   1_GWF-(1,73,299)       284.18336                   1_GWF-(1,14,277)
       4241         22         41      -33.475288                   1_GWF-(1,73,299)      -272.08596                   1_GWF-(1,14,277)
       4242         22         42      -22.729674                   1_GWF-(1,73,299)       134.89504                   1_GWF-(1,14,277)
       4243         22         43      -16.289745                   1_GWF-(1,73,299)      -91.337990                  1_GWF-(1,121,206)
       4244         22         44      -11.334774                   1_GWF-(1,73,299)      -135.36854                  1_GWF-(1,120,210)
       4245         22         45      -82.459363                   1_GWF-(1,73,299)       791.96581                  1_GWF-(1,120,210)
       4246         22         46       159.04058                   1_GWF-(1,73,299)       262.81845                  1_GWF-(1,120,210)
       4247         22         47      -21.953902                   1_GWF-(1,73,299)      -99.858809                  1_GWF-(1,120,208)
       4248         22         48      -5.0776918                   1_GWF-(1,73,299)       111.97532                  1_GWF-(1,120,208)
       4249         22         49      -4.2219399                   1_GWF-(1,73,299)      -120.39363                  1_GWF-(1,120,208)
       4250         22         50      -6.4387627                   1_GWF-(1,73,299)       176.70612                  1_GWF-(1,120,208)
       4251         22         51      -33.969084                   1_GWF-(1,73,299)       294.59255                   1_GWF-(1,69,216)
       4252         22         52       1215.2948                   1_GWF-(1,73,299)      -5708.3263                   1_GWF-(1,69,216)
       4253         22         53      -1105.0198                   1_GWF-(1,73,299)       281.19770                   1_GWF-(1,133,48)
       4254         22         54      -30.890125                   1_GWF-(1,73,299)      -127.60094                   1_GWF-(1,133,48)
       4255         22         55      -11.661997                   1_GWF-(1,73,299)       95.968437                   1_GWF-(1,133,48)
       4256         22         56      -15.473867                   1_GWF-(1,73,299)      -152.98046                   1_GWF-(1,60,231)
       4257         22         57      -24.334673                   1_GWF-(1,73,299)       237.57166                   1_GWF-(1,60,231)
       4258         22         58      -26.241596                   1_GWF-(1,73,299)      -188.41358                   1_GWF-(1,60,231)
       4259         22         59      -14.697427                   1_GWF-(1,73,299)      -116.72114                   1_GWF-(1,73,299)
       4260         22         60      -16.424052                   1_GWF-(1,73,299)      -157.78127                   1_GWF-(1,73,299)
       4261         22         61       189.36695                   1_GWF-(1,73,299)      -867.54865                   1_GWF-(1,60,231)
       4262         22         62      -129.33815                   1_GWF-(1,73,299)       158.52403                   1_GWF-(1,60,231)
       4263         22         63      -7.6736385                   1_GWF-(1,73,299)      -79.532554                   1_GWF-(1,60,231)
       4264         22         64      -3.0921529                   1_GWF-(1,73,299)      -44.675459                   1_GWF-(1,61,229)
       4265         22         65      -6.7676265                   1_GWF-(1,73,299)      -99.475406                   1_GWF-(1,156,33)
       4266         22         66       464.66059                   1_GWF-(1,73,299)      -4699.0106                    1_GWF-(1,1,316)
       4267         22         67      -432.05075                   1_GWF-(1,73,299)      -197.61576                    1_GWF-(1,1,317)
       4268         22         68      -8.1912233                   1_GWF-(1,73,299)      -92.983567                    1_GWF-(1,1,316)
       4269         22         69      -3.4184613                   1_GWF-(1,73,299)       39.393517                   1_GWF-(1,157,33)
       4270         22         70      -6.3622544                   1_GWF-(1,60,108)      -80.570893                   1_GWF-(1,157,33)
       4271         22         71      -21.924841                   1_GWF-(1,16,192)      -167.15501                   1_GWF-(1,143,42)
       4272         22         72      -38.622812                   1_GWF-(1,16,192)       262.92095                   1_GWF-(1,143,42)
       4273         22         73      -125.50046                   1_GWF-(1,16,192)      -998.53977                   1_GWF-(1,143,42)
       4274         22         74       255.44387                   1_GWF-(1,16,192)      -622.03203                   1_GWF-(1,143,42)
       4275         22         75      -68.931255                   1_GWF-(1,16,192)       170.38892                   1_GWF-(1,143,42)
       4276         22         76      -12.672967                   1_GWF-(1,16,192)      -88.519357                   1_GWF-(1,91,155)
       4277         22         77      -4.5124540                   1_GWF-(1,16,192)       73.212901                   1_GWF-(1,59,233)
       4278         22         78      -3.6482283                   1_GWF-(1,16,192)      -92.873657                   1_GWF-(1,59,233)
       4279         22         79      -3.4966809                   1_GWF-(1,16,192)       101.41541                   1_GWF-(1,59,233)
       4280         22         80      -8.9125159                   1_GWF-(1,73,299)      -155.10747                   1_GWF-(1,59,233)
       4281         22         81       42.813386                   1_GWF-(1,73,299)      -334.27909                   1_GWF-(1,60,235)
       4282         22         82      -18.950678                   1_GWF-(1,73,299)       55.923876                  1_GWF-(1,120,211)
       4283         22         83      -2.0311454                   1_GWF-(1,73,299)       34.999408                  1_GWF-(1,120,212)
       4284         22         84       1.9940758                    1_GWF-(1,99,68)       78.985484                   1_GWF-(1,60,231)
       4285         22         85       4.6038931                    1_GWF-(1,99,68)      -140.11824                   1_GWF-(1,60,231)
       4286         22         86       8.6896734                    1_GWF-(1,99,68)       151.62279                   1_GWF-(1,60,231)
       4287         22         87       30.632934                    1_GWF-(1,99,68)       170.76846                   1_GWF-(1,61,233)
       4288         22         88      -184.72874                    1_GWF-(1,99,68)      -415.80503                  1_GWF-(1,120,212)
       4289         22         89       109.83886                    1_GWF-(1,99,68)      -131.06169                   1_GWF-(1,60,233)
       4290         22         90       19.424376                    1_GWF-(1,99,68)       130.14081                   1_GWF-(1,60,233)
       4291         22         91       13.216623                    1_GWF-(1,99,68)      -81.982542                   1_GWF-(1,60,233)
       4292         22         92       10.458370                    1_GWF-(1,99,68)      -85.276756                  1_GWF-(1,136,200)
       4293         22         93       12.365818                    1_GWF-(1,99,68)       117.66972                  1_GWF-(1,136,200)
       4294         22         94       9.6917338                    1_GWF-(1,99,68)      -71.948850                  1_GWF-(1,136,200)
       4295         22         95       6.1711105                    1_GWF-(1,99,68)       125.34955                   1_GWF-(1,60,233)
       4296         22         96       23.579861                    1_GWF-(1,99,68)      -423.74287                   1_GWF-(1,60,233)
       4297         22         97      -46.924879                    1_GWF-(1,99,68)       138.40081                  1_GWF-(1,136,200)
       4298         22         98       5.7484123                    1_GWF-(1,99,68)      -39.259707                  1_GWF-(1,136,200)
       4299         22         99       1.1074029                  1_GWF-(1,138,186)       28.666811                   1_GWF-(1,134,48)
       4300         22        100       2.6124128                   1_GWF-(1,16,192)       79.946593                   1_GWF-(1,117,59)
       4301         22        101       14.009643                   1_GWF-(1,16,192)      -501.65283                   1_GWF-(1,117,59)
       4302         22        102      -45.146945                   1_GWF-(1,16,192)      -244.41716                   1_GWF-(1,117,59)
       4303         22        103       12.013483                   1_GWF-(1,16,192)       62.259458                   1_GWF-(1,117,59)
       4304         22        104       6.8760068                   1_GWF-(1,16,192)       38.009876                  1_GWF-(1,119,208)
       4305         22        105       7.6010246                   1_GWF-(1,16,192)      -57.232884                    1_GWF-(1,1,316)
       4306         22        106       10.103218                   1_GWF-(1,16,192)      -95.562127                    1_GWF-(1,1,317)
       4307         22        107       11.127312                   1_GWF-(1,16,192)      -112.63194                    1_GWF-(1,1,316)
       4308         22        108       18.728469                   1_GWF-(1,16,192)      -105.21368                  1_GWF-(1,120,208)
       4309         22        109       26.309112                   1_GWF-(1,16,192)       122.99337                  1_GWF-(1,120,208)
       4310         22        110       106.81578                   1_GWF-(1,16,192)      -708.14608                  1_GWF-(1,120,208)
       4311         22        111      -225.26093                   1_GWF-(1,16,192)      -576.28294                  1_GWF-(1,120,208)
       4312         22        112       59.370561                   1_GWF-(1,16,192)       187.87688                  1_GWF-(1,120,208)
       4313         22        113       12.019784                   1_GWF-(1,16,192)      -60.730606                  1_GWF-(1,120,208)
       4314         22        114       3.9890260                   1_GWF-(1,16,192)       40.594016                   1_GWF-(1,134,48)
       4315         22        115       3.0343303                   1_GWF-(1,69,215)       68.048431                   1_GWF-(1,133,48)
       4316         22        116       13.060206                   1_GWF-(1,69,216)      -295.57678                   1_GWF-(1,133,48)
       4317         22        117      -59.045739                   1_GWF-(1,69,216)      -459.68723                   1_GWF-(1,60,231)
       4318         22        118       23.208618                   1_GWF-(1,69,216)       194.36971                   1_GWF-(1,60,231)
       4319         22        119       5.8000129                   1_GWF-(1,69,216)      -132.72722                   1_GWF-(1,60,231)
       4320         22        120       8.7170212                   1_GWF-(1,69,216)      -118.02791                   1_GWF-(1,133,48)
       4321         22        121       15.546739                   1_GWF-(1,69,216)       113.83930                   1_GWF-(1,69,216)
       4322         22        122       12.855089                   1_GWF-(1,69,216)       171.20675                   1_GWF-(1,69,216)
       4323         22        123       83.004717                   1_GWF-(1,69,216)       607.50642                   1_GWF-(1,49,339)
       4324         22        124      -188.26005                   1_GWF-(1,69,216)       421.55377                   1_GWF-(1,61,229)
       4325         22        125       41.358261                   1_GWF-(1,69,216)      -256.61345                   1_GWF-(1,61,229)
       4326         22        126       20.490716                   1_GWF-(1,69,217)       261.58101                   1_GWF-(1,61,229)
       4327         22        127       31.024222                   1_GWF-(1,69,217)       188.70190                   1_GWF-(1,119,59)
       4328         22        128       19.518187                   1_GWF-(1,69,217)       145.18187                   1_GWF-(1,118,59)
       4329         22        129       12.853855                   1_GWF-(1,69,217)      -77.613743                  1_GWF-(1,164,110)
       4330         22        130       15.501841                   1_GWF-(1,69,217)      -131.34924                   1_GWF-(1,60,230)
       4331         22        131       175.27015                   1_GWF-(1,69,217)      -922.47860                   1_GWF-(1,143,42)
       4332         22        132      -268.02908                   1_GWF-(1,69,217)      -334.81319                   1_GWF-(1,14,277)
       4333         22        133       38.478112                   1_GWF-(1,69,217)       177.73319                   1_GWF-(1,14,277)
       4334         22        134       10.916855                   1_GWF-(1,69,217)      -71.535314                   1_GWF-(1,61,229)
       4335         22        135       4.2444565                   1_GWF-(1,69,217)      -79.716495                   1_GWF-(1,143,42)
       4336         22        136       6.2585601                   1_GWF-(1,69,217)       149.43952                   1_GWF-(1,143,42)
       4337         22        137       39.338387                   1_GWF-(1,69,217)      -305.84211                   1_GWF-(1,143,42)
       4338         22        138      -170.55472                   1_GWF-(1,69,217)      -463.48318                    1_GWF-(1,1,316)
       4339         22        139       66.816419                   1_GWF-(1,69,217)      -164.39777                    1_GWF-(1,1,317)
       4340         22        140       17.717482                   1_GWF-(1,69,217)       176.18381                   1_GWF-(1,143,42)
       4341         22        141       30.171453                   1_GWF-(1,60,108)      -165.35510                   1_GWF-(1,143,42)
       4342         22        142       23.445087                   1_GWF-(1,60,108)       172.01567                   1_GWF-(1,88,159)
       4343         22        143       19.606229                   1_GWF-(1,60,108)       92.738705                   1_GWF-(1,88,159)
       4344         22        144       10.998857                   1_GWF-(1,69,217)       126.35046                   1_GWF-(1,59,233)
       4345         22        145       11.601047                   1_GWF-(1,69,217)      -264.03402                   1_GWF-(1,59,233)
       4346         22        146       100.63227                   1_GWF-(1,69,217)       799.22558                   1_GWF-(1,59,233)
       4347         22        147      -178.48107                   1_GWF-(1,69,217)       276.06414                   1_GWF-(1,30,345)
       4348         22        148       23.084624                   1_GWF-(1,69,217)       106.72492                   1_GWF-(1,60,231)
       4349         22        149       4.0005654                   1_GWF-(1,69,217)      -100.05155                   1_GWF-(1,60,231)
       4350         22        150       5.0616127                   1_GWF-(1,69,217)       163.76163                   1_GWF-(1,59,233)
       4351         22        151       20.419509                   1_GWF-(1,69,217)       301.85144                   1_GWF-(1,31,343)
       4352         22        152       65.624589                   1_GWF-(1,69,217)       500.58266                   1_GWF-(1,31,343)
       4353         22        153       327.75752                   1_GWF-(1,69,217)       1071.1883                  1_GWF-(1,120,211)
       4354         22        154      -964.26190                   1_GWF-(1,69,217)      -1507.1432                   1_GWF-(1,60,233)
       4355         22        155       505.47850                   1_GWF-(1,69,217)       559.07215                   1_GWF-(1,60,233)
       4356         22        156       54.623797                   1_GWF-(1,69,217)      -270.82893                   1_GWF-(1,60,233)
       4357         22        157       11.961348                   1_GWF-(1,31,171)       85.772072                   1_GWF-(1,60,233)
       4358         22        158       4.2169688                   1_GWF-(1,69,216)      -53.786901                   1_GWF-(1,117,59)
       4359         22        159       7.4359661                   1_GWF-(1,69,216)       97.767924                   1_GWF-(1,117,59)
       4360         22        160       16.335680                   1_GWF-(1,69,216)      -239.47904                   1_GWF-(1,117,59)
       4361         22        161      -3536.6668                   1_GWF-(1,31,174)      -41525.552                   1_GWF-(1,117,59)
       4362         22        162       3475.6795                   1_GWF-(1,31,174)       247.13107                   1_GWF-(1,117,59)
       4363         22        163       14.390331                   1_GWF-(1,31,132)       90.677744                   1_GWF-(1,71,213)
       4364         22        164       4.3245524                   1_GWF-(1,31,171)      -43.330835                   1_GWF-(1,29,346)
       4365         22        165       3.9241254                   1_GWF-(1,31,129)      -55.335550                   1_GWF-(1,89,157)
       4366         22        166       8.9640279                   1_GWF-(1,31,130)       129.99491                  1_GWF-(1,120,208)
       4367         22        167       40.223542                   1_GWF-(1,31,131)      -758.73849                  1_GWF-(1,120,208)
       4368         22        168      -127.56398                   1_GWF-(1,31,174)      -823.72929                  1_GWF-(1,120,208)
       4369         22        169       42.378766                   1_GWF-(1,31,131)       180.49538                  1_GWF-(1,120,208)
       4370         22        170       11.976891                   1_GWF-(1,115,62)      -76.876165                   1_GWF-(1,71,213)
       4371         22        171       20.245906                   1_GWF-(1,115,62)      -114.08031                   1_GWF-(1,15,278)
       4372         22        172       25.627433                   1_GWF-(1,115,62)      -207.04476                   1_GWF-(1,60,231)
       4373         22        173       32.405024                   1_GWF-(1,115,62)       315.52477                   1_GWF-(1,60,231)
       4374         22        174       39.431051                   1_GWF-(1,115,62)      -478.47027                   1_GWF-(1,60,231)
       4375         22        175      -989.69529                   1_GWF-(1,115,62)      -3921.5004                  1_GWF-(1,120,207)
       4376         22        176       816.16408                   1_GWF-(1,115,62)       341.25135                   1_GWF-(1,29,346)
       4377         22        177       72.681964                   1_GWF-(1,115,62)      -227.94873                  1_GWF-(1,120,207)
       4378         22        178       36.718149                   1_GWF-(1,115,62)      -111.83858                    1_GWF-(1,1,316)
       4379         22        179       6.2397975                   1_GWF-(1,115,62)      -103.61962                    1_GWF-(1,1,317)
       4380         22        180       7.2809776                   1_GWF-(1,31,171)      -105.36071                    1_GWF-(1,1,316)
       4381         22        181       17.335155                   1_GWF-(1,31,174)       158.72715                  1_GWF-(1,137,200)
       4382         22        182      -276.40800                   1_GWF-(1,31,174)       1351.6113                   1_GWF-(1,143,42)
       4383         22        183       206.20499                   1_GWF-(1,31,174)      -175.63891                  1_GWF-(1,137,200)
       4384         22        184       14.546602                   1_GWF-(1,31,174)       108.85314                  1_GWF-(1,137,200)
       4385         22        185       7.3077891                   1_GWF-(1,31,174)      -91.511923                  1_GWF-(1,137,200)
       4386         22        186       14.276480                   1_GWF-(1,31,171)      -137.10508                   1_GWF-(1,143,42)
       4387         22        187       28.580062                   1_GWF-(1,31,171)       263.43049                   1_GWF-(1,69,216)
       4388         22        188       217.26460                   1_GWF-(1,31,174)       1248.2362                   1_GWF-(1,29,346)
       4389         22        189      -356.87473                   1_GWF-(1,31,174)      -286.73680                   1_GWF-(1,70,212)
       4390         22        190       42.801935                   1_GWF-(1,31,174)       136.50464                   1_GWF-(1,95,267)
       4391         22        191       23.594192                   1_GWF-(1,31,174)       124.61119                  1_GWF-(1,120,211)
       4392         22        192       41.877718                   1_GWF-(1,31,171)       233.28384                   1_GWF-(1,59,233)
       4393         22        193       39.997243                   1_GWF-(1,31,171)       204.18694                   1_GWF-(1,117,59)
       4394         22        194       32.042716                   1_GWF-(1,31,171)      -288.50527                   1_GWF-(1,117,59)
       4395         22        195       41.052875                   1_GWF-(1,31,174)       210.17513                   1_GWF-(1,117,59)
       4396         22        196       110.72801                   1_GWF-(1,31,174)       593.41740                   1_GWF-(1,60,231)
       4397         22        197      -324.36407                   1_GWF-(1,31,174)      -496.65625                   1_GWF-(1,89,156)
       4398         22        198       76.691008                   1_GWF-(1,31,174)       225.14136                   1_GWF-(1,59,233)
       4399         22        199       12.912612                   1_GWF-(1,31,171)      -116.86490                   1_GWF-(1,59,233)
       4400         22        200       9.4020449                   1_GWF-(1,31,171)      -149.73787                   1_GWF-(1,60,231)
       4401         23          1       5.9831533                   1_GWF-(1,69,217)      -319.58537                   1_GWF-(1,69,215)
       4402         23          2       4.3506767                   1_GWF-(1,69,217)      -145.82093                   1_GWF-(1,69,216)
       4403         23          3      -2.5079582                   1_GWF-(1,71,214)      -117.34800                   1_GWF-(1,69,214)
       4404         23          4      -2.8336740                   1_GWF-(1,71,211)       152.99006                   1_GWF-(1,69,216)
       4405         23          5      -5.1826353                   1_GWF-(1,72,210)       137.58528                   1_GWF-(1,69,217)
       4406         23          6      -9.2465524                   1_GWF-(1,72,210)       106.27632                   1_GWF-(1,71,214)
       4407         23          7      -4.4403447                   1_GWF-(1,72,210)       142.44007                   1_GWF-(1,69,216)
       4408         23          8      -8.8240006                   1_GWF-(1,69,216)      -226.60610                   1_GWF-(1,72,210)
       4409         23          9      -13.926167                   1_GWF-(1,69,217)       197.55865                   1_GWF-(1,70,214)
       4410         23         10      -5.9586246                   1_GWF-(1,70,214)      -113.02373                   1_GWF-(1,70,214)
       4411         23         11      -13.622064                   1_GWF-(1,69,214)      -379.36343                   1_GWF-(1,69,214)
       4412         23         12       58.443438                   1_GWF-(1,69,213)      -429.78697                   1_GWF-(1,89,156)
       4413         23         13      -21.038010                   1_GWF-(1,69,214)       159.83055                   1_GWF-(1,117,59)
       4414         23         14      -3.4952190                   1_GWF-(1,69,215)      -46.115887                   1_GWF-(1,71,211)
       4415         23         15     -0.77718999                   1_GWF-(1,70,212)       24.472174                   1_GWF-(1,117,59)
       4416         23         16     -0.79205672                   1_GWF-(1,69,213)      -41.132914                   1_GWF-(1,117,59)
       4417         23         17      -3.9772108                    1_GWF-(1,85,94)      -102.99816                   1_GWF-(1,60,231)
       4418         23         18       34.808686                    1_GWF-(1,85,94)      -467.98855                   1_GWF-(1,60,231)
       4419         23         19      -20.023007                    1_GWF-(1,85,94)       56.576051                   1_GWF-(1,27,349)
       4420         23         20      -1.5386924                   1_GWF-(1,72,212)       41.501961                  1_GWF-(1,121,210)
       4421         23         21      -1.5155344                    1_GWF-(1,99,68)      -24.987390                   1_GWF-(1,27,349)
       4422         23         22      -1.5056295                    1_GWF-(1,99,68)       43.076355                   1_GWF-(1,61,229)
       4423         23         23       7.4908379                    1_GWF-(1,85,94)      -156.48113                   1_GWF-(1,61,229)
       4424         23         24      -72.604274                    1_GWF-(1,85,94)      -510.88683                   1_GWF-(1,61,229)
       4425         23         25       43.252177                    1_GWF-(1,85,94)       55.442224                  1_GWF-(1,137,200)
       4426         23         26      -4.0921786                    1_GWF-(1,99,68)      -50.877559                  1_GWF-(1,137,200)
       4427         23         27      -5.0552858                    1_GWF-(1,99,68)       70.615525                  1_GWF-(1,137,200)
       4428         23         28      -9.8650621                    1_GWF-(1,99,68)       76.935486                   1_GWF-(1,70,215)
       4429         23         29      -17.308631                    1_GWF-(1,99,68)      -97.079099                   1_GWF-(1,61,229)
       4430         23         30      -31.049312                    1_GWF-(1,99,68)       183.83671                   1_GWF-(1,71,213)
       4431         23         31      -109.67752                    1_GWF-(1,99,68)      -306.07876                   1_GWF-(1,60,233)
       4432         23         32       243.49597                    1_GWF-(1,99,68)      -442.54148                   1_GWF-(1,60,233)
       4433         23         33      -84.204253                    1_GWF-(1,99,68)      -94.239285                   1_GWF-(1,71,213)
       4434         23         34      -9.9581192                    1_GWF-(1,99,68)       67.301660                   1_GWF-(1,71,213)
       4435         23         35      -4.1624605                    1_GWF-(1,99,68)       50.164692                   1_GWF-(1,14,277)
       4436         23         36      -1.7587918                   1_GWF-(1,60,108)      -64.754093                   1_GWF-(1,14,277)
       4437         23         37      -2.6341779                   1_GWF-(1,73,299)       81.396375                   1_GWF-(1,14,277)
       4438         23         38      -19.197947                   1_GWF-(1,73,299)      -217.63681                   1_GWF-(1,88,159)
       4439         23         39       64.596701                   1_GWF-(1,73,299)      -171.81399                    1_GWF-(1,7,301)
       4440         23         40      -21.101169                   1_GWF-(1,73,299)      -94.535456                    1_GWF-(1,1,317)
       4441         23         41      -6.9196525                   1_GWF-(1,73,299)      -91.131249                    1_GWF-(1,1,316)
       4442         23         42      -5.5457207                   1_GWF-(1,73,299)      -76.200837                   1_GWF-(1,70,214)
       4443         23         43      -7.7862710                   1_GWF-(1,73,299)       107.15803                   1_GWF-(1,70,214)
       4444         23         44      -11.341759                   1_GWF-(1,73,299)      -131.23226                   1_GWF-(1,70,214)
       4445         23         45      -13.842049                   1_GWF-(1,73,299)       181.84121                   1_GWF-(1,70,214)
       4446         23         46      -17.352883                   1_GWF-(1,73,299)      -202.95242                   1_GWF-(1,70,214)
       4447         23         47      -26.611969                   1_GWF-(1,73,299)       355.31416                   1_GWF-(1,70,214)
       4448         23         48      -286.87242                   1_GWF-(1,73,299)      -1131.3394                   1_GWF-(1,70,214)
       4449         23         49       393.20148                   1_GWF-(1,73,299)      -383.15472                   1_GWF-(1,60,233)
       4450         23         50      -41.525753                   1_GWF-(1,73,299)       129.06776                   1_GWF-(1,60,233)
       4451         23         51      -7.3364160                   1_GWF-(1,73,299)       51.073224                   1_GWF-(1,15,277)
       4452         23         52      -2.1755697                   1_GWF-(1,73,299)      -35.681165                  1_GWF-(1,121,206)
       4453         23         53      -2.9341074                   1_GWF-(1,73,299)       58.080312                    1_GWF-(1,7,299)
       4454         23         54      -9.7920154                   1_GWF-(1,73,299)       226.82023                  1_GWF-(1,120,208)
       4455         23         55      -66.218964                   1_GWF-(1,73,299)      -1425.8268                  1_GWF-(1,120,208)
       4456         23         56       119.75674                   1_GWF-(1,73,299)      -574.29591                  1_GWF-(1,120,208)
       4457         23         57      -28.393561                   1_GWF-(1,73,299)       111.61163                  1_GWF-(1,120,208)
       4458         23         58       6.7122253                   1_GWF-(1,115,62)       37.326859                  1_GWF-(1,121,209)
       4459         23         59       4.5319525                   1_GWF-(1,115,62)      -79.770651                  1_GWF-(1,121,209)
       4460         23         60      -18.520468                    1_GWF-(1,99,68)      -172.45967                  1_GWF-(1,121,208)
       4461         23         61      -51.852990                    1_GWF-(1,99,68)       307.00507                  1_GWF-(1,121,208)
       4462         23         62      -3650.6387                    1_GWF-(1,99,68)       12360.672                   1_GWF-(1,70,214)
       4463         23         63       3772.3636                    1_GWF-(1,99,68)       534.36133                   1_GWF-(1,70,214)
       4464         23         64      -52.697999                    1_GWF-(1,99,68)      -291.93220                   1_GWF-(1,70,214)
       4465         23         65      -15.357287                    1_GWF-(1,99,68)       141.54751                   1_GWF-(1,70,214)
       4466         23         66       5.9328371                   1_GWF-(1,115,62)      -58.387834                   1_GWF-(1,70,214)
       4467         23         67       3.1923948                   1_GWF-(1,115,62)       63.972963                   1_GWF-(1,70,214)
       4468         23         68       5.4644334                   1_GWF-(1,31,131)       159.99489                   1_GWF-(1,60,231)
       4469         23         69       57.405752                   1_GWF-(1,31,131)      -1332.1798                   1_GWF-(1,60,231)
       4470         23         70      -88.683514                   1_GWF-(1,31,131)      -159.08271                   1_GWF-(1,60,231)
       4471         23         71       8.2353805                   1_GWF-(1,31,130)      -78.105535                  1_GWF-(1,136,200)
       4472         23         72       4.8009994                   1_GWF-(1,178,26)       66.003595                  1_GWF-(1,136,200)
       4473         23         73       3.2459136                   1_GWF-(1,178,26)      -73.031410                   1_GWF-(1,61,229)
       4474         23         74       5.3978977                   1_GWF-(1,31,174)       172.52699                   1_GWF-(1,61,229)
       4475         23         75       27.428085                   1_GWF-(1,31,174)      -448.43331                   1_GWF-(1,61,229)
       4476         23         76      -107.01105                   1_GWF-(1,31,174)       318.63170                  1_GWF-(1,136,200)
       4477         23         77       34.721193                   1_GWF-(1,31,174)      -75.267566                  1_GWF-(1,136,200)
       4478         23         78       10.982953                   1_GWF-(1,31,171)       123.70243                   1_GWF-(1,118,59)
       4479         23         79      -17.108618                   1_GWF-(1,60,108)      -198.25001                  1_GWF-(1,137,200)
       4480         23         80      -24.106722                   1_GWF-(1,60,108)       181.57338                  1_GWF-(1,137,200)
       4481         23         81       12.335857                   1_GWF-(1,31,174)       89.832731                  1_GWF-(1,136,200)
       4482         23         82       7.7852686                   1_GWF-(1,31,174)       71.686071                  1_GWF-(1,137,200)
       4483         23         83       17.166401                   1_GWF-(1,31,171)      -192.04046                    1_GWF-(1,1,317)
       4484         23         84      -154.24382                   1_GWF-(1,31,171)       724.91180                   1_GWF-(1,61,229)
       4485         23         85       85.160752                   1_GWF-(1,31,171)      -102.61698                   1_GWF-(1,61,229)
       4486         23         86       7.7509875                   1_GWF-(1,31,171)       62.571705                   1_GWF-(1,117,60)
       4487         23         87       7.7628905                   1_GWF-(1,31,171)      -89.900663                   1_GWF-(1,117,60)
       4488         23         88       8.9540557                   1_GWF-(1,31,174)      -137.22756                   1_GWF-(1,117,59)
       4489         23         89       29.153159                   1_GWF-(1,31,174)       335.67831                   1_GWF-(1,70,214)
       4490         23         90       164.49117                   1_GWF-(1,31,174)      -925.72796                   1_GWF-(1,70,214)
       4491         23         91      -463.59002                   1_GWF-(1,31,174)      -852.65418                   1_GWF-(1,70,214)
       4492         23         92       169.46355                   1_GWF-(1,31,171)       284.58144                   1_GWF-(1,70,214)
       4493         23         93       49.098589                   1_GWF-(1,31,171)      -236.73935                   1_GWF-(1,70,214)
       4494         23         94       37.644521                   1_GWF-(1,31,171)       278.40946                   1_GWF-(1,70,214)
       4495         23         95       32.992863                   1_GWF-(1,31,174)      -196.26899                   1_GWF-(1,70,214)
       4496         23         96       18.048659                   1_GWF-(1,31,174)       99.902487                   1_GWF-(1,70,214)
       4497         23         97       11.406034                   1_GWF-(1,31,130)      -152.46222                   1_GWF-(1,60,233)
       4498         23         98       40.474814                   1_GWF-(1,31,171)       409.23892                   1_GWF-(1,60,233)
       4499         23         99      -366.03956                   1_GWF-(1,31,171)       1181.6408                   1_GWF-(1,179,10)
       4500         23        100       248.45829                   1_GWF-(1,31,171)      -233.14382                   1_GWF-(1,59,233)
       4501         23        101       14.164949                   1_GWF-(1,31,130)       89.848340                   1_GWF-(1,59,233)
       4502         23        102       5.9487540                   1_GWF-(1,31,129)      -129.73826                   1_GWF-(1,59,233)
       4503         23        103       16.115196                   1_GWF-(1,31,174)      -236.96397                   1_GWF-(1,60,233)
       4504         23        104       46.719307                   1_GWF-(1,31,130)       366.17908                   1_GWF-(1,60,233)
       4505         23        105       167.19973                   1_GWF-(1,31,171)       543.71521                   1_GWF-(1,72,210)
       4506         23        106      -1144.1394                   1_GWF-(1,31,171)       2851.4842                   1_GWF-(1,117,59)
       4507         23        107       785.06952                   1_GWF-(1,31,171)      -473.51471                   1_GWF-(1,14,277)
       4508         23        108       54.271875                   1_GWF-(1,31,171)       176.67908                   1_GWF-(1,14,277)
       4509         23        109       34.551488                   1_GWF-(1,31,174)       155.09166                   1_GWF-(1,72,210)
       4510         23        110       43.513346                   1_GWF-(1,31,174)       213.34001                   1_GWF-(1,58,233)
       4511         23        111       62.597007                   1_GWF-(1,31,171)      -312.74342                   1_GWF-(1,133,48)
       4512         23        112       46.868641                   1_GWF-(1,31,171)       306.59347                   1_GWF-(1,133,48)
       4513         23        113       41.383913                   1_GWF-(1,31,174)      -265.10358                   1_GWF-(1,133,48)
       4514         23        114       575.14923                   1_GWF-(1,31,174)      -3258.4328                   1_GWF-(1,70,214)
       4515         23        115      -765.99985                   1_GWF-(1,31,174)      -605.29918                   1_GWF-(1,70,214)
       4516         23        116       30.963138                   1_GWF-(1,31,174)       292.93946                   1_GWF-(1,70,214)
       4517         23        117       13.628309                   1_GWF-(1,31,174)      -133.64080                   1_GWF-(1,70,214)
       4518         23        118       15.170864                   1_GWF-(1,31,171)       132.42807                   1_GWF-(1,159,33)
       4519         23        119       54.754979                   1_GWF-(1,31,171)      -353.83633                   1_GWF-(1,88,159)
       4520         23        120       507.37863                   1_GWF-(1,31,171)      -2000.6422                   1_GWF-(1,88,159)
       4521         23        121      -747.91670                   1_GWF-(1,31,171)      -828.52853                  1_GWF-(1,120,208)
       4522         23        122       59.615723                   1_GWF-(1,31,174)       328.23503                  1_GWF-(1,120,208)
       4523         23        123       27.396457                   1_GWF-(1,31,174)      -241.26035                  1_GWF-(1,120,208)
       4524         23        124       62.435155                   1_GWF-(1,31,174)       354.18788                   1_GWF-(1,70,213)
       4525         23        125       142.12615                   1_GWF-(1,31,171)      -358.22573                   1_GWF-(1,143,42)
       4526         23        126       92.443479                   1_GWF-(1,31,171)      -274.97466                   1_GWF-(1,60,231)
       4527         23        127       93.958573                   1_GWF-(1,31,171)       683.67697                   1_GWF-(1,60,231)
       4528         23        128      -3735.1733                   1_GWF-(1,31,174)       12209.077                   1_GWF-(1,60,231)
       4529         23        129       3323.9626                   1_GWF-(1,31,174)      -594.79383                   1_GWF-(1,60,231)
       4530         23        130       90.211695                   1_GWF-(1,31,174)       221.46119                   1_GWF-(1,143,42)
       4531         23        131       32.316728                   1_GWF-(1,31,174)      -261.25400                   1_GWF-(1,143,42)
       4532         23        132       26.703560                   1_GWF-(1,31,174)       162.49504                   1_GWF-(1,143,42)
       4533         23        133       49.776642                   1_GWF-(1,31,171)       318.24157                   1_GWF-(1,61,229)
       4534         23        134       6149.3501                   1_GWF-(1,31,171)      -21161.146                   1_GWF-(1,61,229)
       4535         23        135      -6430.1920                   1_GWF-(1,31,171)      -506.21344                   1_GWF-(1,61,229)
       4536         23        136       96.792204                   1_GWF-(1,31,171)       305.94390                   1_GWF-(1,70,214)
       4537         23        137       40.526338                   1_GWF-(1,31,174)      -239.16640                   1_GWF-(1,70,214)
       4538         23        138       38.692863                   1_GWF-(1,31,174)       299.59534                   1_GWF-(1,70,214)
       4539         23        139       83.867068                   1_GWF-(1,31,174)      -776.14679                   1_GWF-(1,70,214)
       4540         23        140       562.58983                   1_GWF-(1,31,171)       1924.1272                   1_GWF-(1,70,214)
       4541         23        141       6133.9149                   1_GWF-(1,31,171)      -6716.4548                   1_GWF-(1,70,214)
       4542         23        142      -7738.9026                   1_GWF-(1,31,171)      -842.51516                   1_GWF-(1,70,214)
       4543         23        143       686.10155                   1_GWF-(1,31,171)      -728.65018                    1_GWF-(1,1,316)
       4544         23        144       254.49622                   1_GWF-(1,31,174)      -512.93416                   1_GWF-(1,61,229)
       4545         23        145       81.834398                   1_GWF-(1,31,174)       155.39182                   1_GWF-(1,29,347)
       4546         23        146       34.789842                   1_GWF-(1,31,174)      -146.48895                   1_GWF-(1,183,93)
       4547         23        147       57.101837                   1_GWF-(1,31,171)      -256.44475                   1_GWF-(1,30,345)
       4548         23        148       102.38773                   1_GWF-(1,31,171)      -674.42524                  1_GWF-(1,137,200)
       4549         23        149       548.69660                   1_GWF-(1,31,171)       2672.0122                  1_GWF-(1,137,200)
       4550         23        150      -1039.1240                   1_GWF-(1,31,172)      -773.46419                   1_GWF-(1,30,345)
       4551         23        151       158.98590                   1_GWF-(1,31,174)       237.72126                   1_GWF-(1,31,343)
       4552         23        152       33.206868                   1_GWF-(1,31,174)       134.25701                  1_GWF-(1,121,210)
       4553         23        153       34.149046                   1_GWF-(1,31,174)      -288.32140                   1_GWF-(1,31,343)
       4554         23        154       85.098975                   1_GWF-(1,31,171)       434.11701                  1_GWF-(1,121,210)
       4555         23        155       908.40235                   1_GWF-(1,31,171)      -2191.8791                   1_GWF-(1,14,277)
       4556         23        156      -2225.3263                   1_GWF-(1,31,171)      -1700.2180                   1_GWF-(1,14,277)
       4557         23        157       614.27035                   1_GWF-(1,31,171)       694.99547                   1_GWF-(1,14,277)
       4558         23        158       262.54655                   1_GWF-(1,31,171)      -427.68496                  1_GWF-(1,120,211)
       4559         23        159       151.91797                   1_GWF-(1,31,174)       419.12994                  1_GWF-(1,120,211)
       4560         23        160       104.29820                   1_GWF-(1,31,174)      -345.78812                   1_GWF-(1,59,233)
       4561         23        161       138.23097                   1_GWF-(1,31,171)       657.57430                   1_GWF-(1,59,233)
       4562         23        162       168.13570                   1_GWF-(1,31,171)      -485.74787                   1_GWF-(1,59,233)
       4563         23        163       188.86878                   1_GWF-(1,31,172)      -581.30327                   1_GWF-(1,70,214)
       4564         23        164       289.89386                   1_GWF-(1,31,174)       790.61161                   1_GWF-(1,70,214)
       4565         23        165       716.81401                   1_GWF-(1,31,174)      -2321.2390                   1_GWF-(1,70,214)
       4566         23        166      -1998.4122                   1_GWF-(1,31,174)      -2149.7246                   1_GWF-(1,70,214)
       4567         23        167       449.24355                   1_GWF-(1,31,172)       440.48794                   1_GWF-(1,70,214)
       4568         23        168       69.363549                   1_GWF-(1,31,129)      -214.50406                   1_GWF-(1,59,233)
       4569         23        169       40.785792                   1_GWF-(1,31,171)      -335.50136                   1_GWF-(1,60,233)
       4570         23        170       211.85640                   1_GWF-(1,31,132)       1244.5983                   1_GWF-(1,60,233)
       4571         23        171       5976.8709                   1_GWF-(1,31,173)      -10942.422                   1_GWF-(1,60,233)
       4572         23        172      -7433.1737                   1_GWF-(1,31,173)       983.55328                  1_GWF-(1,121,209)
       4573         23        173       473.19677                   1_GWF-(1,31,174)       758.04331                   1_GWF-(1,117,59)
       4574         23        174       244.74527                   1_GWF-(1,31,129)      -723.31530                   1_GWF-(1,117,59)
       4575         23        175       318.40361                   1_GWF-(1,31,171)       1182.9076                   1_GWF-(1,117,59)
       4576         23        176       429.61467                   1_GWF-(1,31,171)      -569.56925                   1_GWF-(1,117,59)
       4577         23        177       298.19564                   1_GWF-(1,31,172)      -512.05353                   1_GWF-(1,27,349)
       4578         23        178       321.69362                   1_GWF-(1,31,174)       756.80706                  1_GWF-(1,120,210)
       4579         23        179       1126.6620                   1_GWF-(1,31,174)      -1495.8493                   1_GWF-(1,60,231)
       4580         23        180      -8353.2602                   1_GWF-(1,31,174)      -10126.260                   1_GWF-(1,60,231)
       4581         23        181       6044.3032                   1_GWF-(1,31,173)       1343.0859                   1_GWF-(1,60,231)
       4582         23        182       334.14285                   1_GWF-(1,31,171)      -574.58284                   1_GWF-(1,60,231)
       4583         23        183       85.931110                   1_GWF-(1,31,132)      -198.31090                  1_GWF-(1,121,208)
       4584         23        184       89.561047                   1_GWF-(1,31,171)      -476.31261                   1_GWF-(1,134,48)
       4585         23        185       267.25390                   1_GWF-(1,31,174)       728.72789                   1_GWF-(1,61,233)
       4586         23        186      -4114.9964                   1_GWF-(1,31,174)      -9858.9085                   1_GWF-(1,70,214)
       4587         23        187       3156.8849                   1_GWF-(1,31,174)       1040.6179                   1_GWF-(1,70,214)
       4588         23        188       118.16531                   1_GWF-(1,31,174)      -383.98611                   1_GWF-(1,70,214)
       4589         23        189       96.321072                   1_GWF-(1,31,132)       355.73183                   1_GWF-(1,70,214)
       4590         23        190       206.30993                   1_GWF-(1,31,172)      -806.14003                   1_GWF-(1,134,48)
       4591         23        191       705.51923                   1_GWF-(1,31,171)      -1359.8068                   1_GWF-(1,61,229)
       4592         23        192       5466.4099                   1_GWF-(1,31,171)       5381.7264                   1_GWF-(1,61,229)
       4593         23        193      -8242.6923                   1_GWF-(1,31,171)      -1046.8627                  1_GWF-(1,120,208)
       4594         23        194       601.48582                   1_GWF-(1,31,174)       840.44712                  1_GWF-(1,120,208)
       4595         23        195       407.00734                   1_GWF-(1,31,174)      -1093.4304                  1_GWF-(1,120,208)
       4596         23        196       660.05535                   1_GWF-(1,31,173)       1617.4065                  1_GWF-(1,120,208)
       4597         23        197       1014.9078                   1_GWF-(1,31,172)      -1282.3618                  1_GWF-(1,120,208)
       4598         23        198       626.27721                   1_GWF-(1,31,171)       739.31805                  1_GWF-(1,120,208)
       4599         23        199       451.99475                   1_GWF-(1,31,174)       992.95674                   1_GWF-(1,133,48)
       4600         23        200       5753.6312                   1_GWF-(1,31,174)      -5229.5707                   1_GWF-(1,119,59)
       4601         24          1      -49.920572                   1_GWF-(1,117,57)      -3563.8665                    1_GWF-(1,1,317)
       4602         24          2      -45.117259                   1_GWF-(1,117,57)       2264.0845                   1_GWF-(1,95,267)
       4603         24          3      -26.857291                   1_GWF-(1,117,57)       2209.5755                   1_GWF-(1,95,267)
       4604         24          4      -50.918605                   1_GWF-(1,95,267)       2082.2790                   1_GWF-(1,95,267)
       4605         24          5      -103.62610                   1_GWF-(1,95,267)       1823.2137                   1_GWF-(1,95,267)
       4606         24          6      -225.46521                   1_GWF-(1,95,267)       2107.6362                   1_GWF-(1,133,48)
       4607         24          7      -234.72198                   1_GWF-(1,95,267)      -1624.8258                  1_GWF-(1,137,200)
       4608         24          8      -314.62101                   1_GWF-(1,95,267)       1855.2836                  1_GWF-(1,137,200)
       4609         24          9      -215.11611                   1_GWF-(1,95,267)       1379.0237                   1_GWF-(1,133,48)
       4610         24         10      -104.36190                   1_GWF-(1,95,267)      -1336.6046                   1_GWF-(1,133,48)
       4611         24         11      -122.09880                   1_GWF-(1,95,267)      -1217.7488                   1_GWF-(1,95,267)
       4612         24         12      -204.32453                   1_GWF-(1,95,267)       1895.5034                   1_GWF-(1,70,214)
       4613         24         13      -449.67951                   1_GWF-(1,95,267)      -6629.8732                   1_GWF-(1,70,214)
       4614         24         14       2727.5163                   1_GWF-(1,95,267)      -15654.299                   1_GWF-(1,70,214)
       4615         24         15      -1423.8775                   1_GWF-(1,95,267)       1164.9283                   1_GWF-(1,70,214)
       4616         24         16      -98.917099                   1_GWF-(1,95,267)      -760.44758                  1_GWF-(1,135,199)
       4617         24         17      -63.078264                   1_GWF-(1,95,267)       502.55771                   1_GWF-(1,117,59)
       4618         24         18      -23.665581                   1_GWF-(1,95,267)      -671.62433                   1_GWF-(1,117,59)
       4619         24         19      -26.363007                   1_GWF-(1,95,267)       913.65355                   1_GWF-(1,117,59)
       4620         24         20      -94.780326                   1_GWF-(1,95,267)       1275.7610                   1_GWF-(1,118,59)
       4621         24         21       3141.6938                   1_GWF-(1,95,267)      -15285.257                   1_GWF-(1,183,91)
       4622         24         22      -2657.3931                   1_GWF-(1,95,267)       1969.4316                   1_GWF-(1,143,42)
       4623         24         23      -125.66789                   1_GWF-(1,95,267)      -1098.9158                   1_GWF-(1,143,42)
       4624         24         24      -81.299498                   1_GWF-(1,95,267)       1187.0062                   1_GWF-(1,143,42)
       4625         24         25      -128.10251                   1_GWF-(1,95,267)      -1407.7397                   1_GWF-(1,143,42)
       4626         24         26      -154.45700                   1_GWF-(1,95,267)       1165.7689                   1_GWF-(1,14,277)
       4627         24         27      -84.495569                   1_GWF-(1,95,267)      -1324.6761                   1_GWF-(1,14,277)
       4628         24         28      -94.869501                   1_GWF-(1,95,267)       1768.5178                   1_GWF-(1,14,277)
       4629         24         29      -204.02746                   1_GWF-(1,95,267)      -1868.0392                   1_GWF-(1,14,277)
       4630         24         30       14610.713                   1_GWF-(1,95,267)       68421.593                  1_GWF-(1,136,200)
       4631         24         31      -13979.177                   1_GWF-(1,95,267)       1019.4591                  1_GWF-(1,128,228)
       4632         24         32      -141.66197                   1_GWF-(1,95,267)      -532.93654                   1_GWF-(1,27,349)
       4633         24         33      -31.445868                   1_GWF-(1,95,267)       283.86017                   1_GWF-(1,89,158)
       4634         24         34      -10.857156                   1_GWF-(1,95,267)      -247.73107                   1_GWF-(1,117,60)
       4635         24         35      -20.123350                    1_GWF-(1,85,94)       519.89483                  1_GWF-(1,136,200)
       4636         24         36      -492.19109                    1_GWF-(1,85,94)      -5975.1846                    1_GWF-(1,1,316)
       4637         24         37       663.53785                    1_GWF-(1,85,94)      -1266.5513                    1_GWF-(1,1,316)
       4638         24         38      -34.676735                    1_GWF-(1,85,94)      -279.44350                    1_GWF-(1,1,317)
       4639         24         39      -7.5934364                   1_GWF-(1,96,267)      -233.94189                   1_GWF-(1,70,214)
       4640         24         40       11.719324                    1_GWF-(1,85,94)       500.56859                   1_GWF-(1,70,214)
       4641         24         41       164.52744                    1_GWF-(1,85,94)      -3843.1174                   1_GWF-(1,70,214)
       4642         24         42      -340.57348                    1_GWF-(1,85,94)      -1276.7073                   1_GWF-(1,70,214)
       4643         24         43       40.598436                    1_GWF-(1,85,94)       254.69193                   1_GWF-(1,70,214)
       4644         24         44       13.341017                    1_GWF-(1,99,68)      -203.23136                  1_GWF-(1,136,200)
       4645         24         45       35.558664                    1_GWF-(1,99,68)      -319.75682                   1_GWF-(1,31,343)
       4646         24         46       113.13089                    1_GWF-(1,99,68)      -606.63295                   1_GWF-(1,16,351)
       4647         24         47       190.55681                    1_GWF-(1,99,68)      -544.22070                   1_GWF-(1,29,346)
       4648         24         48       410.43531                    1_GWF-(1,99,68)       1780.6996                  1_GWF-(1,137,200)
       4649         24         49      -980.74088                    1_GWF-(1,99,68)       2284.8206                  1_GWF-(1,137,200)
       4650         24         50       283.99997                    1_GWF-(1,99,68)      -1313.7429                  1_GWF-(1,137,200)
       4651         24         51       59.158862                    1_GWF-(1,99,68)      -375.44576                   1_GWF-(1,29,346)
       4652         24         52       24.152287                   1_GWF-(1,87,184)       252.05499                   1_GWF-(1,71,212)
       4653         24         53       14.663730                   1_GWF-(1,86,184)      -220.58922                   1_GWF-(1,71,212)
       4654         24         54       15.236114                   1_GWF-(1,86,184)       307.67804                   1_GWF-(1,29,346)
       4655         24         55       29.144546                   1_GWF-(1,87,184)      -510.23774                   1_GWF-(1,71,212)
       4656         24         56      -1068.0616                   1_GWF-(1,87,184)       13016.372                   1_GWF-(1,117,59)
       4657         24         57       914.09913                   1_GWF-(1,87,184)      -1022.5855                   1_GWF-(1,117,59)
       4658         24         58       31.082195                   1_GWF-(1,87,184)       486.44071                   1_GWF-(1,117,59)
       4659         24         59      -34.390068                    1_GWF-(1,99,68)       289.95540                   1_GWF-(1,70,213)
       4660         24         60      -48.260760                    1_GWF-(1,99,68)      -355.78375                   1_GWF-(1,59,234)
       4661         24         61      -87.440711                    1_GWF-(1,99,68)      -343.48340                    1_GWF-(1,1,316)
       4662         24         62      -75.780518                    1_GWF-(1,99,68)      -550.42628                    1_GWF-(1,1,317)
       4663         24         63      -46.532207                    1_GWF-(1,99,68)      -501.67000                    1_GWF-(1,1,316)
       4664         24         64      -152.24966                    1_GWF-(1,99,68)      -1216.5482                    1_GWF-(1,1,317)
       4665         24         65       309.00181                    1_GWF-(1,99,68)      -595.90443                  1_GWF-(1,107,195)
       4666         24         66      -42.964322                    1_GWF-(1,99,68)      -283.99116                   1_GWF-(1,70,214)
       4667         24         67      -5.6441897                    1_GWF-(1,99,68)       274.44958                   1_GWF-(1,70,214)
       4668         24         68      -5.7363301                   1_GWF-(1,94,267)      -530.25306                   1_GWF-(1,70,214)
       4669         24         69       242.86468                   1_GWF-(1,115,62)       4189.3083                   1_GWF-(1,31,343)
       4670         24         70      -199.33693                   1_GWF-(1,115,62)       366.75107                   1_GWF-(1,31,343)
       4671         24         71      -12.370038                   1_GWF-(1,115,62)       198.71481                   1_GWF-(1,133,48)
       4672         24         72      -7.5741282                   1_GWF-(1,115,62)      -186.28514                   1_GWF-(1,133,48)
       4673         24         73      -19.970870                   1_GWF-(1,115,62)       239.77873                   1_GWF-(1,30,345)
       4674         24         74      -47.092901                   1_GWF-(1,115,62)       245.24427                   1_GWF-(1,72,210)
       4675         24         75      -101.24975                   1_GWF-(1,115,62)      -624.36968                   1_GWF-(1,30,345)
       4676         24         76       364.86282                   1_GWF-(1,115,62)      -934.94681                   1_GWF-(1,28,348)
       4677         24         77      -139.27881                   1_GWF-(1,115,62)      -340.92485                   1_GWF-(1,14,277)
       4678         24         78      -23.823770                   1_GWF-(1,115,62)       350.89058                   1_GWF-(1,14,277)
       4679         24         79      -39.290020                   1_GWF-(1,115,62)      -433.24572                   1_GWF-(1,14,277)
       4680         24         80      -68.459442                   1_GWF-(1,115,62)       207.96117                   1_GWF-(1,14,277)
       4681         24         81      -41.435314                   1_GWF-(1,115,62)      -245.01596                   1_GWF-(1,143,42)
       4682         24         82      -32.275393                   1_GWF-(1,115,62)       347.92550                   1_GWF-(1,143,42)
       4683         24         83      -176.13214                   1_GWF-(1,115,62)      -1512.4951                   1_GWF-(1,143,42)
       4684         24         84       332.05014                   1_GWF-(1,115,62)       476.28231                   1_GWF-(1,179,10)
       4685         24         85      -58.733686                   1_GWF-(1,115,62)       310.05725                   1_GWF-(1,70,214)
       4686         24         86      -9.9917935                   1_GWF-(1,115,62)      -182.66474                   1_GWF-(1,70,214)
       4687         24         87      -2.2238817                   1_GWF-(1,115,62)       161.63546                   1_GWF-(1,70,214)
       4688         24         88       5.3279703                   1_GWF-(1,94,268)      -229.72486                   1_GWF-(1,70,214)
       4689         24         89      -70.051822                   1_GWF-(1,94,268)      -582.92810                   1_GWF-(1,27,353)
       4690         24         90       36.619169                   1_GWF-(1,94,268)       162.93763                   1_GWF-(1,117,59)
       4691         24         91       6.4341066                   1_GWF-(1,60,108)      -214.84209                   1_GWF-(1,117,59)
       4692         24         92       8.6164192                   1_GWF-(1,60,108)       266.25255                   1_GWF-(1,117,59)
       4693         24         93       12.911106                   1_GWF-(1,60,108)      -134.62864                   1_GWF-(1,117,59)
       4694         24         94       26.870257                   1_GWF-(1,60,108)      -231.71187                   1_GWF-(1,118,59)
       4695         24         95       43.141259                   1_GWF-(1,60,108)       266.28775                   1_GWF-(1,118,59)
       4696         24         96       65.334134                   1_GWF-(1,60,108)      -428.62417                   1_GWF-(1,118,59)
       4697         24         97       258.48477                   1_GWF-(1,60,108)      -1850.0837                    1_GWF-(1,1,316)
       4698         24         98      -420.75891                   1_GWF-(1,60,108)      -655.33337                    1_GWF-(1,1,316)
       4699         24         99       56.981444                   1_GWF-(1,60,108)       154.28129                   1_GWF-(1,118,59)
       4700         24        100       7.6350748                   1_GWF-(1,60,108)       94.431437                   1_GWF-(1,117,60)
       4701         24        101       4.6294653                   1_GWF-(1,88,159)      -109.51207                   1_GWF-(1,117,60)
       4702         24        102       4.1140291                   1_GWF-(1,96,266)      -126.51267                  1_GWF-(1,137,200)
       4703         24        103       17.729481                   1_GWF-(1,96,266)       704.81548                  1_GWF-(1,137,200)
       4704         24        104      -56.782093                   1_GWF-(1,96,266)       415.03167                  1_GWF-(1,137,200)
       4705         24        105       14.644089                   1_GWF-(1,96,266)       68.870699                   1_GWF-(1,28,348)
       4706         24        106       3.0942886                   1_GWF-(1,115,62)      -45.567757                   1_GWF-(1,89,157)
       4707         24        107      -5.6509501                   1_GWF-(1,60,108)      -69.955696                   1_GWF-(1,28,348)
       4708         24        108      -36.297770                   1_GWF-(1,60,108)      -241.07473                   1_GWF-(1,70,214)
       4709         24        109      -54.865871                   1_GWF-(1,60,108)       584.34902                   1_GWF-(1,70,214)
       4710         24        110      -156.35454                   1_GWF-(1,60,108)      -1602.9464                   1_GWF-(1,70,214)
       4711         24        111       529.35604                   1_GWF-(1,60,108)      -1069.9174                   1_GWF-(1,70,214)
       4712         24        112      -238.39122                   1_GWF-(1,60,108)       162.55325                  1_GWF-(1,128,229)
       4713         24        113      -43.176956                   1_GWF-(1,60,108)      -146.85591                  1_GWF-(1,128,229)
       4714         24        114      -27.770471                   1_GWF-(1,60,108)      -85.717581                  1_GWF-(1,136,200)
       4715         24        115      -10.084340                   1_GWF-(1,60,108)      -64.491839                   1_GWF-(1,133,48)
       4716         24        116      -5.9770397                   1_GWF-(1,60,108)      -93.253073                   1_GWF-(1,117,59)
       4717         24        117      -6.1551662                   1_GWF-(1,60,108)       222.12104                   1_GWF-(1,117,59)
       4718         24        118      -166.98021                   1_GWF-(1,60,108)      -2905.9610                   1_GWF-(1,117,59)
       4719         24        119       197.42767                   1_GWF-(1,60,108)      -245.86793                   1_GWF-(1,117,59)
       4720         24        120      -9.1593172                   1_GWF-(1,60,108)       87.632135                   1_GWF-(1,133,48)
       4721         24        121      -1.8798448                   1_GWF-(1,60,108)      -47.552916                   1_GWF-(1,133,48)
       4722         24        122       1.1968449                   1_GWF-(1,96,266)       58.859289                   1_GWF-(1,133,48)
       4723         24        123       20.757757                   1_GWF-(1,96,266)      -561.54692                  1_GWF-(1,136,200)
       4724         24        124      -32.692944                   1_GWF-(1,96,266)      -152.80772                    1_GWF-(1,1,317)
       4725         24        125       2.5424237                   1_GWF-(1,96,266)      -57.867434                    1_GWF-(1,1,316)
       4726         24        126       1.1598165                  1_GWF-(1,139,181)      -42.361497                    1_GWF-(1,1,317)
       4727         24        127      -3.8595003                   1_GWF-(1,16,192)      -106.41602                  1_GWF-(1,136,200)
       4728         24        128      -142.05087                   1_GWF-(1,16,192)      -1744.2963                   1_GWF-(1,70,214)
       4729         24        129       190.28412                   1_GWF-(1,16,192)      -289.39388                   1_GWF-(1,70,214)
       4730         24        130      -17.120528                   1_GWF-(1,16,192)       168.22098                   1_GWF-(1,70,214)
       4731         24        131      -13.252208                   1_GWF-(1,16,192)       99.428323                   1_GWF-(1,183,91)
       4732         24        132      -14.632836                   1_GWF-(1,16,192)       82.770123                  1_GWF-(1,136,200)
       4733         24        133      -16.667688                   1_GWF-(1,16,192)      -108.85215                   1_GWF-(1,143,42)
       4734         24        134      -20.946599                   1_GWF-(1,16,192)       141.85292                   1_GWF-(1,143,42)
       4735         24        135      -76.937206                   1_GWF-(1,16,192)      -527.32565                  1_GWF-(1,137,200)
       4736         24        136       293.11161                   1_GWF-(1,16,192)      -671.94901                  1_GWF-(1,137,200)
       4737         24        137      -131.65675                   1_GWF-(1,16,192)       185.65454                  1_GWF-(1,137,200)
       4738         24        138      -39.156641                   1_GWF-(1,16,192)       209.16248                   1_GWF-(1,143,42)
       4739         24        139      -33.237927                   1_GWF-(1,16,192)      -131.15097                   1_GWF-(1,143,42)
       4740         24        140       11.234190                  1_GWF-(1,139,181)       49.517922                   1_GWF-(1,143,42)
       4741         24        141       6.1455283                  1_GWF-(1,139,181)       58.800278                   1_GWF-(1,15,277)
       4742         24        142       13.468032                  1_GWF-(1,139,181)      -300.94878                   1_GWF-(1,15,277)
       4743         24        143      -52.570192                  1_GWF-(1,139,181)       564.10576                   1_GWF-(1,14,277)
       4744         24        144       15.615991                  1_GWF-(1,139,181)      -132.40199                   1_GWF-(1,14,277)
       4745         24        145       2.9745157                  1_GWF-(1,139,181)       54.398156                   1_GWF-(1,14,277)
       4746         24        146      -2.4740033                   1_GWF-(1,91,290)      -66.166096                   1_GWF-(1,89,157)
       4747         24        147      -6.9118905                   1_GWF-(1,91,290)       131.23310                   1_GWF-(1,87,184)
       4748         24        148      -23.140804                   1_GWF-(1,91,290)      -443.55776                   1_GWF-(1,29,346)
       4749         24        149      -119.46737                   1_GWF-(1,91,290)       1559.0882                   1_GWF-(1,70,214)
       4750         24        150       214.55829                   1_GWF-(1,91,290)       896.37293                   1_GWF-(1,70,214)
       4751         24        151      -25.218015                   1_GWF-(1,91,290)      -244.19319                   1_GWF-(1,70,214)
       4752         24        152       22.141214                   1_GWF-(1,16,192)      -154.67322                   1_GWF-(1,142,42)
       4753         24        153       31.456276                   1_GWF-(1,16,192)       185.66772                   1_GWF-(1,71,212)
       4754         24        154       17.819487                   1_GWF-(1,16,192)       103.48880                   1_GWF-(1,70,213)
       4755         24        155      -4.9316776                   1_GWF-(1,91,290)      -83.597609                    1_GWF-(1,1,317)
       4756         24        156      -4.7691007                   1_GWF-(1,91,290)      -138.01897                    1_GWF-(1,1,316)
       4757         24        157      -24.200447                   1_GWF-(1,91,290)      -478.98947                    1_GWF-(1,1,317)
       4758         24        158       67.779749                   1_GWF-(1,91,290)       287.80157                   1_GWF-(1,70,213)
       4759         24        159      -17.488404                   1_GWF-(1,91,290)       116.85514                   1_GWF-(1,71,212)
       4760         24        160      -3.4363172                   1_GWF-(1,91,290)       55.170659                   1_GWF-(1,117,59)
       4761         24        161      -3.5511737                  1_GWF-(1,139,181)      -111.52465                   1_GWF-(1,117,59)
       4762         24        162      -12.954452                  1_GWF-(1,139,181)       232.13792                   1_GWF-(1,117,59)
       4763         24        163      -26.595427                  1_GWF-(1,139,181)       196.23317                   1_GWF-(1,31,343)
       4764         24        164      -151.07990                  1_GWF-(1,139,181)      -367.12053                   1_GWF-(1,133,48)
       4765         24        165       3069.0154                  1_GWF-(1,139,181)      -5339.9282                   1_GWF-(1,133,48)
       4766         24        166      -2780.6935                  1_GWF-(1,139,181)       640.86573                   1_GWF-(1,133,48)
       4767         24        167      -110.98088                  1_GWF-(1,139,181)      -234.05641                   1_GWF-(1,133,48)
       4768         24        168      -17.170110                  1_GWF-(1,139,181)       85.820663                   1_GWF-(1,133,48)
       4769         24        169      -7.8511511                  1_GWF-(1,139,181)       115.69360                   1_GWF-(1,70,214)
       4770         24        170      -3.7160297                  1_GWF-(1,139,181)      -133.32315                   1_GWF-(1,70,214)
       4771         24        171      -3.1473282                   1_GWF-(1,124,52)       135.04952                   1_GWF-(1,70,214)
       4772         24        172      -16.003474                   1_GWF-(1,124,52)      -283.43680                   1_GWF-(1,70,214)
       4773         24        173       39.868011                   1_GWF-(1,124,52)      -105.16771                   1_GWF-(1,118,59)
       4774         24        174      -6.0603032                   1_GWF-(1,124,52)      -48.501729                   1_GWF-(1,117,60)
       4775         24        175      -3.6267696                   1_GWF-(1,124,52)      -60.917568                  1_GWF-(1,137,200)
       4776         24        176      -3.0561451                   1_GWF-(1,124,52)       70.489174                  1_GWF-(1,137,200)
       4777         24        177      -7.2549972                   1_GWF-(1,124,52)      -176.89492                  1_GWF-(1,137,200)
       4778         24        178      -594.06769                   1_GWF-(1,124,52)       3572.7472                   1_GWF-(1,117,60)
       4779         24        179       639.49081                   1_GWF-(1,124,52)       129.27905                   1_GWF-(1,117,60)
       4780         24        180      -12.462319                   1_GWF-(1,124,52)       74.226238                   1_GWF-(1,118,59)
       4781         24        181      -10.146532                   1_GWF-(1,124,52)      -97.587801                   1_GWF-(1,118,59)
       4782         24        182      -29.738488                   1_GWF-(1,124,52)      -189.83980                   1_GWF-(1,31,343)
       4783         24        183      -41.656813                   1_GWF-(1,124,52)      -263.87724                   1_GWF-(1,14,277)
       4784         24        184      -45.504368                   1_GWF-(1,124,52)       303.54970                   1_GWF-(1,14,277)
       4785         24        185      -57.991749                   1_GWF-(1,124,52)      -376.41680                   1_GWF-(1,14,277)
       4786         24        186       279.96231                   1_GWF-(1,124,52)      -627.00186                   1_GWF-(1,143,42)
       4787         24        187      -134.45944                   1_GWF-(1,124,52)       177.91164                   1_GWF-(1,143,42)
       4788         24        188      -11.341445                   1_GWF-(1,124,52)      -157.29333                   1_GWF-(1,143,42)
       4789         24        189      -12.008622                   1_GWF-(1,124,52)       119.87563                   1_GWF-(1,143,42)
       4790         24        190      -8.6021056                   1_GWF-(1,124,52)      -70.758522                    1_GWF-(1,1,316)
       4791         24        191       8.4610660                   1_GWF-(1,118,56)       131.55710                   1_GWF-(1,72,210)
       4792         24        192       43.598878                   1_GWF-(1,118,56)      -781.41342                    1_GWF-(1,1,316)
       4793         24        193      -79.981263                   1_GWF-(1,118,56)      -111.25716                   1_GWF-(1,71,214)
       4794         24        194       7.1888367                   1_GWF-(1,118,56)       60.490787                   1_GWF-(1,70,214)
       4795         24        195       3.4498548                   1_GWF-(1,118,56)      -72.748201                   1_GWF-(1,70,214)
       4796         24        196       5.9043966                   1_GWF-(1,118,56)       186.70453                   1_GWF-(1,70,214)
       4797         24        197       17.627698                   1_GWF-(1,118,56)      -387.52602                   1_GWF-(1,70,214)
       4798         24        198      -152.32744                   1_GWF-(1,118,56)      -521.24844                   1_GWF-(1,89,290)
       4799         24        199       80.535010                   1_GWF-(1,118,56)       153.06250                  1_GWF-(1,136,200)
       4800         24        200       14.288944                   1_GWF-(1,118,56)       134.27971                   1_GWF-(1,117,59)
       4801         25          1     -0.73340414                   1_GWF-(1,117,59)      -62.677154                   1_GWF-(1,117,59)
       4802         25          2      0.49948222                   1_GWF-(1,179,16)       29.206073                   1_GWF-(1,117,59)
       4803         25          3      0.59345429                   1_GWF-(1,179,16)      -39.805976                  1_GWF-(1,136,200)
       4804         25          4      0.83771082                   1_GWF-(1,179,16)       35.546720                  1_GWF-(1,136,200)
       4805         25          5      -1.9066597                   1_GWF-(1,72,210)      -91.368980                  1_GWF-(1,136,200)
       4806         25          6      -12.496747                   1_GWF-(1,72,210)       208.60343                  1_GWF-(1,136,200)
       4807         25          7       215.18792                   1_GWF-(1,72,210)       1964.6248                   1_GWF-(1,72,210)
       4808         25          8      -189.11427                   1_GWF-(1,72,210)      -234.09194                    1_GWF-(1,1,316)
       4809         25          9       9.2331856                    1_GWF-(1,99,68)      -102.59035                    1_GWF-(1,1,317)
       4810         25         10       3.4094221                    1_GWF-(1,99,68)       48.184865                   1_GWF-(1,69,217)
       4811         25         11       2.2688140                    1_GWF-(1,99,68)      -39.578633                   1_GWF-(1,27,348)
       4812         25         12       3.1425882                    1_GWF-(1,99,68)      -98.241353                   1_GWF-(1,14,277)
       4813         25         13       5.0292933                   1_GWF-(1,60,108)       87.897892                   1_GWF-(1,14,277)
       4814         25         14       2.7487245                   1_GWF-(1,60,108)       48.235398                   1_GWF-(1,28,348)
       4815         25         15       3.8956704                   1_GWF-(1,105,71)       67.090467                   1_GWF-(1,143,42)
       4816         25         16      -9.0506023                    1_GWF-(1,85,94)      -220.41680                   1_GWF-(1,143,42)
       4817         25         17       86.373164                    1_GWF-(1,85,94)      -764.61937                   1_GWF-(1,143,42)
       4818         25         18      -55.260620                    1_GWF-(1,85,94)       113.56618                   1_GWF-(1,143,42)
       4819         25         19       4.5576279                   1_GWF-(1,178,18)       52.448986                  1_GWF-(1,137,200)
       4820         25         20       2.5853619                   1_GWF-(1,178,18)      -55.174199                  1_GWF-(1,137,200)
       4821         25         21       1.2552822                   1_GWF-(1,178,18)       53.890037                  1_GWF-(1,137,200)
       4822         25         22      -3.3317528                    1_GWF-(1,99,68)      -63.505345                  1_GWF-(1,137,200)
       4823         25         23       17.901087                    1_GWF-(1,85,94)       136.41909                   1_GWF-(1,143,42)
       4824         25         24      -69.927708                    1_GWF-(1,85,94)       205.02686                   1_GWF-(1,117,60)
       4825         25         25       21.909872                    1_GWF-(1,85,94)      -82.186355                   1_GWF-(1,117,60)
       4826         25         26      -6.9945015                    1_GWF-(1,99,68)       51.631493                   1_GWF-(1,117,60)
       4827         25         27      -10.961036                    1_GWF-(1,99,68)       94.466081                   1_GWF-(1,71,214)
       4828         25         28      -15.920653                    1_GWF-(1,99,68)       133.32763                   1_GWF-(1,70,214)
       4829         25         29      -12.643433                    1_GWF-(1,99,68)      -125.46496                   1_GWF-(1,70,214)
       4830         25         30      -9.2342771                    1_GWF-(1,99,68)       98.985356                   1_GWF-(1,70,214)
       4831         25         31      -12.423450                    1_GWF-(1,99,68)      -127.03683                   1_GWF-(1,70,214)
       4832         25         32       71.434414                    1_GWF-(1,99,68)       397.13863                   1_GWF-(1,133,48)
       4833         25         33      -37.292816                    1_GWF-(1,99,68)      -93.137616                   1_GWF-(1,133,48)
       4834         25         34      -3.3452348                   1_GWF-(1,60,108)       53.856973                   1_GWF-(1,133,48)
       4835         25         35       1.7253397                   1_GWF-(1,105,71)      -39.216095                   1_GWF-(1,133,48)
       4836         25         36       2.3123925                   1_GWF-(1,31,171)      -62.769443                    1_GWF-(1,1,317)
       4837         25         37       5.4839013                   1_GWF-(1,31,130)      -165.20194                    1_GWF-(1,1,316)
       4838         25         38       86.131933                   1_GWF-(1,31,129)      -1230.6989                    1_GWF-(1,1,317)
       4839         25         39      -128.35563                   1_GWF-(1,31,129)      -237.53356                    1_GWF-(1,1,317)
       4840         25         40       15.768277                   1_GWF-(1,31,129)      -56.520238                   1_GWF-(1,28,348)
       4841         25         41       5.1106736                    1_GWF-(1,99,68)      -61.534672                   1_GWF-(1,71,213)
       4842         25         42       14.808740                    1_GWF-(1,99,68)       111.84826                   1_GWF-(1,90,157)
       4843         25         43       19.560406                    1_GWF-(1,99,68)       127.80949                   1_GWF-(1,90,157)
       4844         25         44       11.412602                    1_GWF-(1,99,68)      -171.78116                   1_GWF-(1,14,277)
       4845         25         45       10.420910                    1_GWF-(1,99,68)       116.14275                   1_GWF-(1,14,277)
       4846         25         46       10.075673                   1_GWF-(1,31,171)      -137.20643                   1_GWF-(1,90,157)
       4847         25         47      -164.77030                   1_GWF-(1,31,171)      -750.62493                   1_GWF-(1,88,158)
       4848         25         48       116.49599                   1_GWF-(1,31,171)      -94.711301                   1_GWF-(1,22,216)
       4849         25         49       6.6065633                   1_GWF-(1,31,171)       62.793564                  1_GWF-(1,137,200)
       4850         25         50       3.7656914                   1_GWF-(1,22,215)      -93.433159                  1_GWF-(1,137,200)
       4851         25         51       5.6660768                   1_GWF-(1,31,174)       96.536359                  1_GWF-(1,137,200)
       4852         25         52       15.209673                   1_GWF-(1,31,174)       143.26093                   1_GWF-(1,29,346)
       4853         25         53       83.717365                   1_GWF-(1,31,172)       569.44954                   1_GWF-(1,29,346)
       4854         25         54      -276.25869                   1_GWF-(1,31,171)       370.64966                   1_GWF-(1,22,217)
       4855         25         55       122.67110                   1_GWF-(1,31,171)       193.32671                   1_GWF-(1,143,42)
       4856         25         56       35.545731                   1_GWF-(1,31,171)      -220.58892                   1_GWF-(1,117,59)
       4857         25         57       20.558432                   1_GWF-(1,31,174)       210.01015                   1_GWF-(1,117,59)
       4858         25         58       14.465693                   1_GWF-(1,31,174)      -148.70143                   1_GWF-(1,117,59)
       4859         25         59       15.475328                   1_GWF-(1,31,171)      -135.19087                   1_GWF-(1,143,42)
       4860         25         60       16.803265                   1_GWF-(1,31,172)       209.95555                   1_GWF-(1,143,42)
       4861         25         61       81.553920                   1_GWF-(1,31,171)      -986.80058                   1_GWF-(1,143,42)
       4862         25         62      -155.33054                   1_GWF-(1,31,171)       229.51921                   1_GWF-(1,31,343)
       4863         25         63       20.767746                   1_GWF-(1,31,171)      -119.57880                    1_GWF-(1,1,316)
       4864         25         64       6.4140582                   1_GWF-(1,31,174)      -89.701387                    1_GWF-(1,1,317)
       4865         25         65       3.2057675                   1_GWF-(1,31,174)      -82.946630                    1_GWF-(1,1,316)
       4866         25         66       16.972762                   1_GWF-(1,31,174)       229.64208                   1_GWF-(1,143,42)
       4867         25         67      -160.71438                   1_GWF-(1,31,132)       665.71155                  1_GWF-(1,136,200)
       4868         25         68       87.074448                   1_GWF-(1,31,132)       164.52185                  1_GWF-(1,135,200)
       4869         25         69       12.353557                   1_GWF-(1,31,173)       146.83649                  1_GWF-(1,136,200)
       4870         25         70       23.573816                   1_GWF-(1,31,171)      -215.80592                  1_GWF-(1,136,200)
       4871         25         71       29.883654                   1_GWF-(1,31,172)       153.11297                  1_GWF-(1,136,200)
       4872         25         72       25.718881                   1_GWF-(1,31,174)       163.65738                   1_GWF-(1,133,48)
       4873         25         73       29.434693                   1_GWF-(1,31,174)       349.99275                   1_GWF-(1,14,277)
       4874         25         74       116.13154                   1_GWF-(1,31,171)      -979.04652                   1_GWF-(1,14,277)
       4875         25         75      -745.92083                   1_GWF-(1,31,171)      -2040.5636                   1_GWF-(1,14,277)
       4876         25         76       473.85471                   1_GWF-(1,31,171)       430.61504                   1_GWF-(1,133,48)
       4877         25         77       52.949771                   1_GWF-(1,31,172)      -249.45404                   1_GWF-(1,133,48)
       4878         25         78       25.596328                   1_GWF-(1,31,132)       143.65914                   1_GWF-(1,133,48)
       4879         25         79       13.823256                   1_GWF-(1,31,174)       85.840336                  1_GWF-(1,135,199)
       4880         25         80       16.016052                   1_GWF-(1,31,174)      -105.54015                  1_GWF-(1,137,200)
       4881         25         81       22.437104                   1_GWF-(1,31,171)       178.87537                  1_GWF-(1,137,200)
       4882         25         82       43.558403                   1_GWF-(1,31,172)      -503.47156                  1_GWF-(1,137,200)
       4883         25         83       2881.3893                   1_GWF-(1,31,172)       10460.119                  1_GWF-(1,137,200)
       4884         25         84      -3063.9072                   1_GWF-(1,31,172)      -206.79433                   1_GWF-(1,16,264)
       4885         25         85       47.713207                   1_GWF-(1,31,171)      -78.777733                   1_GWF-(1,117,60)
       4886         25         86       13.979794                   1_GWF-(1,31,174)      -115.24336                   1_GWF-(1,118,59)
       4887         25         87       30.193210                   1_GWF-(1,31,174)       366.46291                   1_GWF-(1,118,59)
       4888         25         88       78.752260                   1_GWF-(1,31,173)       408.75428                   1_GWF-(1,117,59)
       4889         25         89       175.28682                   1_GWF-(1,31,172)      -664.17298                   1_GWF-(1,117,59)
       4890         25         90       479.63436                   1_GWF-(1,31,171)       1421.8288                   1_GWF-(1,117,59)
       4891         25         91      -1452.4122                   1_GWF-(1,31,171)      -2025.0724                   1_GWF-(1,117,60)
       4892         25         92       677.52204                   1_GWF-(1,31,173)      -496.21404                   1_GWF-(1,117,59)
       4893         25         93       65.413834                   1_GWF-(1,31,174)      -175.93472                    1_GWF-(1,1,317)
       4894         25         94       10.129467                   1_GWF-(1,31,174)      -103.39081                    1_GWF-(1,1,316)
       4895         25         95       12.269606                   1_GWF-(1,31,174)       164.35435                   1_GWF-(1,117,60)
       4896         25         96       275.05760                   1_GWF-(1,31,132)       1295.6896                   1_GWF-(1,118,59)
       4897         25         97      -429.89721                   1_GWF-(1,31,174)       174.72378                   1_GWF-(1,118,59)
       4898         25         98       25.787944                   1_GWF-(1,31,132)      -94.631419                   1_GWF-(1,28,353)
       4899         25         99       27.859225                   1_GWF-(1,31,172)      -168.96804                   1_GWF-(1,89,291)
       4900         25        100       82.016355                   1_GWF-(1,31,171)      -252.69065                   1_GWF-(1,179,10)
       4901         25        101       112.84060                   1_GWF-(1,31,174)       460.84850                   1_GWF-(1,70,214)
       4902         25        102       121.59178                   1_GWF-(1,31,174)      -727.35762                   1_GWF-(1,70,214)
       4903         25        103       239.12062                   1_GWF-(1,31,173)       934.49440                   1_GWF-(1,70,214)
       4904         25        104       7396.6931                   1_GWF-(1,31,171)      -11958.286                   1_GWF-(1,70,214)
       4905         25        105      -8021.4640                   1_GWF-(1,31,171)      -642.18483                   1_GWF-(1,143,42)
       4906         25        106       103.85855                   1_GWF-(1,31,171)       326.13908                   1_GWF-(1,143,42)
       4907         25        107       30.151827                   1_GWF-(1,31,171)      -336.61368                   1_GWF-(1,143,42)
       4908         25        108       34.900181                   1_GWF-(1,31,172)       187.67001                   1_GWF-(1,143,42)
       4909         25        109       42.561776                   1_GWF-(1,31,174)       188.71439                   1_GWF-(1,70,214)
       4910         25        110       193.18455                   1_GWF-(1,31,174)       938.80696                   1_GWF-(1,14,277)
       4911         25        111      -730.05298                   1_GWF-(1,31,174)       1881.9816                   1_GWF-(1,14,277)
       4912         25        112       312.08418                   1_GWF-(1,31,174)      -237.71352                   1_GWF-(1,14,277)
       4913         25        113       37.820768                   1_GWF-(1,31,171)       116.95314                   1_GWF-(1,183,93)
       4914         25        114       32.216928                   1_GWF-(1,31,171)      -159.85068                  1_GWF-(1,136,201)
       4915         25        115       198.25661                   1_GWF-(1,31,172)      -437.85999                   1_GWF-(1,157,33)
       4916         25        116       1057.3155                   1_GWF-(1,31,174)       1585.0457                   1_GWF-(1,133,48)
       4917         25        117       19216.669                   1_GWF-(1,31,174)      -21600.718                  1_GWF-(1,137,200)
       4918         25        118      -21493.555                   1_GWF-(1,31,174)      -2214.9753                  1_GWF-(1,137,200)
       4919         25        119       933.01548                   1_GWF-(1,31,174)       525.77189                  1_GWF-(1,137,200)
       4920         25        120       150.11791                   1_GWF-(1,31,171)       394.56155                   1_GWF-(1,133,48)
       4921         25        121       61.535588                   1_GWF-(1,31,171)      -341.69824                   1_GWF-(1,133,48)
       4922         25        122       41.264483                   1_GWF-(1,31,172)       236.42077                   1_GWF-(1,133,48)
       4923         25        123       91.748450                   1_GWF-(1,31,174)       357.38663                   1_GWF-(1,22,221)
       4924         25        124       2243.9441                   1_GWF-(1,31,174)       5276.6343                  1_GWF-(1,136,200)
       4925         25        125      -2652.2033                   1_GWF-(1,31,174)      -402.73176                    1_GWF-(1,1,316)
       4926         25        126       62.393295                   1_GWF-(1,31,174)      -278.20898                    1_GWF-(1,1,317)
       4927         25        127       57.662126                   1_GWF-(1,31,132)      -324.17435                   1_GWF-(1,117,59)
       4928         25        128       115.04334                   1_GWF-(1,31,172)       403.26816                  1_GWF-(1,136,200)
       4929         25        129       178.61202                   1_GWF-(1,31,171)      -625.66085                  1_GWF-(1,136,200)
       4930         25        130       4525.7377                   1_GWF-(1,31,174)       8668.2173                   1_GWF-(1,117,59)
       4931         25        131      -5372.2191                   1_GWF-(1,31,174)       836.24874                   1_GWF-(1,117,59)
       4932         25        132       203.29458                   1_GWF-(1,31,174)      -624.54931                   1_GWF-(1,117,59)
       4933         25        133       216.49540                   1_GWF-(1,31,174)       463.87221                   1_GWF-(1,117,59)
       4934         25        134       148.62668                   1_GWF-(1,31,171)      -341.13900                   1_GWF-(1,72,210)
       4935         25        135       136.51790                   1_GWF-(1,31,171)      -447.06463                   1_GWF-(1,72,210)
       4936         25        136       246.70021                   1_GWF-(1,31,171)      -721.73572                   1_GWF-(1,29,346)
       4937         25        137       718.08723                   1_GWF-(1,31,174)       820.27057                   1_GWF-(1,118,59)
       4938         25        138       1231.5061                   1_GWF-(1,31,174)       1810.3370                   1_GWF-(1,117,60)
       4939         25        139      -3822.7823                   1_GWF-(1,31,171)       2715.1278                   1_GWF-(1,14,277)
       4940         25        140       1252.0697                   1_GWF-(1,31,171)      -1055.6936                   1_GWF-(1,14,277)
       4941         25        141       214.71947                   1_GWF-(1,31,171)       881.38705                   1_GWF-(1,14,277)
       4942         25        142       129.12943                   1_GWF-(1,31,171)      -261.91063                   1_GWF-(1,31,343)
       4943         25        143       56.743761                   1_GWF-(1,31,174)       171.10182                   1_GWF-(1,30,345)
       4944         25        144       111.17928                   1_GWF-(1,31,174)       333.11161                   1_GWF-(1,31,343)
       4945         25        145       1434.8022                   1_GWF-(1,31,174)      -3709.9464                   1_GWF-(1,30,345)
       4946         25        146      -2435.6828                   1_GWF-(1,31,174)      -1390.5168                   1_GWF-(1,29,346)
       4947         25        147       397.85125                   1_GWF-(1,31,172)       532.30376                  1_GWF-(1,137,200)
       4948         25        148       94.354135                   1_GWF-(1,31,171)      -287.70376                  1_GWF-(1,137,200)
       4949         25        149       91.842428                   1_GWF-(1,31,171)       372.59878                   1_GWF-(1,31,343)
       4950         25        150       159.86974                   1_GWF-(1,31,174)       372.09865                   1_GWF-(1,29,346)
       4951         25        151       288.83868                   1_GWF-(1,31,174)      -841.88588                   1_GWF-(1,31,343)
       4952         25        152       1826.5652                   1_GWF-(1,31,174)      -2770.4234                    1_GWF-(1,1,317)
       4953         25        153      -13828.766                   1_GWF-(1,31,174)      -5546.8896                    1_GWF-(1,1,317)
       4954         25        154       9272.2252                   1_GWF-(1,31,174)      -1681.5300                   1_GWF-(1,143,42)
       4955         25        155       1757.5566                   1_GWF-(1,31,171)       1731.2994                   1_GWF-(1,143,42)
       4956         25        156       713.69377                   1_GWF-(1,31,171)      -897.79452                   1_GWF-(1,143,42)
       4957         25        157       175.43704                   1_GWF-(1,31,172)       337.14324                   1_GWF-(1,143,42)
       4958         25        158       117.30781                   1_GWF-(1,31,174)      -342.50478                  1_GWF-(1,106,196)
       4959         25        159       636.80340                   1_GWF-(1,31,174)       1345.7024                   1_GWF-(1,15,278)
       4960         25        160      -1714.8553                   1_GWF-(1,31,174)      -1120.9138                   1_GWF-(1,117,59)
       4961         25        161       325.02051                   1_GWF-(1,31,174)       742.35752                   1_GWF-(1,117,59)
       4962         25        162       95.261719                   1_GWF-(1,31,171)      -456.35292                   1_GWF-(1,117,59)
       4963         25        163       109.92317                   1_GWF-(1,31,171)       497.73325                   1_GWF-(1,117,59)
       4964         25        164       546.37885                   1_GWF-(1,31,171)       1219.5351                   1_GWF-(1,70,212)
       4965         25        165       29647.453                   1_GWF-(1,31,171)      -30510.022                   1_GWF-(1,133,48)
       4966         25        166      -34729.470                   1_GWF-(1,31,171)      -2327.8096                   1_GWF-(1,133,48)
       4967         25        167       2130.9504                   1_GWF-(1,31,174)      -1806.8405                   1_GWF-(1,134,48)
       4968         25        168       1226.8014                   1_GWF-(1,31,174)      -1058.7592                   1_GWF-(1,133,48)
       4969         25        169       1423.9454                   1_GWF-(1,31,173)       1289.8961                  1_GWF-(1,137,200)
       4970         25        170       419.30013                   1_GWF-(1,31,171)      -553.45262                  1_GWF-(1,137,200)
       4971         25        171       133.43171                   1_GWF-(1,31,171)       375.10448                  1_GWF-(1,137,200)
       4972         25        172       314.43169                   1_GWF-(1,31,171)      -444.40496                    1_GWF-(1,180,4)
       4973         25        173       3559.1815                   1_GWF-(1,31,174)       4658.4718                   1_GWF-(1,134,48)
       4974         25        174      -5475.8644                   1_GWF-(1,31,174)      -837.06397                    1_GWF-(1,1,317)
       4975         25        175       477.11109                   1_GWF-(1,31,174)      -741.85433                    1_GWF-(1,1,316)
       4976         25        176       146.74510                   1_GWF-(1,31,174)      -423.32330                    1_GWF-(1,1,317)
       4977         25        177       194.88607                   1_GWF-(1,31,172)       415.26146                   1_GWF-(1,14,277)
       4978         25        178       330.92116                   1_GWF-(1,31,171)       667.31140                  1_GWF-(1,135,199)
       4979         25        179       1856.9922                   1_GWF-(1,31,172)       3170.1668                   1_GWF-(1,14,277)
       4980         25        180      -4837.0821                   1_GWF-(1,31,171)       2367.6393                   1_GWF-(1,14,277)
       4981         25        181       1170.6203                   1_GWF-(1,31,172)      -791.65547                   1_GWF-(1,14,277)
       4982         25        182       408.69468                   1_GWF-(1,31,173)       570.10595                   1_GWF-(1,117,60)
       4983         25        183       498.15263                   1_GWF-(1,31,174)      -968.28386                   1_GWF-(1,117,60)
       4984         25        184       854.78548                   1_GWF-(1,31,174)      -1062.8878                   1_GWF-(1,118,59)
       4985         25        185       1705.6078                   1_GWF-(1,31,171)       2043.6426                   1_GWF-(1,72,210)
       4986         25        186       22830.186                   1_GWF-(1,31,172)      -10923.726                   1_GWF-(1,118,59)
       4987         25        187      -28777.833                   1_GWF-(1,31,172)      -2384.1416                   1_GWF-(1,70,214)
       4988         25        188       1448.3222                   1_GWF-(1,31,171)       2061.9943                   1_GWF-(1,70,214)
       4989         25        189       822.96162                   1_GWF-(1,31,174)      -2141.7986                   1_GWF-(1,70,214)
       4990         25        190       1186.8046                   1_GWF-(1,31,174)       1295.6763                   1_GWF-(1,70,214)
       4991         25        191       1638.0923                   1_GWF-(1,31,171)      -937.54209                   1_GWF-(1,16,264)
       4992         25        192       1633.8349                   1_GWF-(1,31,172)       626.38454                   1_GWF-(1,134,48)
       4993         25        193       924.90248                   1_GWF-(1,31,173)      -1428.6712                   1_GWF-(1,143,42)
       4994         25        194       7198.0613                   1_GWF-(1,31,174)       9724.1716                   1_GWF-(1,143,42)
       4995         25        195      -12906.732                   1_GWF-(1,31,174)       2424.5277                   1_GWF-(1,143,42)
       4996         25        196       1702.5062                   1_GWF-(1,31,174)       1179.7428                  1_GWF-(1,137,200)
       4997         25        197       372.82539                   1_GWF-(1,31,173)      -745.75181                  1_GWF-(1,137,200)
       4998         25        198       260.78378                   1_GWF-(1,31,171)       710.96958                   1_GWF-(1,143,42)
       4999         25        199       373.07364                   1_GWF-(1,31,172)      -772.45709                   1_GWF-(1,143,42)
       5000         25        200       1072.4025                   1_GWF-(1,31,173)       1592.2132                   1_GWF-(1,143,42)
       5001         26          1      -10.579577                  1_GWF-(1,137,200)       836.33353                   1_GWF-(1,178,18)
       5002         26          2       19.903189                   1_GWF-(1,178,26)       692.31428                  1_GWF-(1,137,200)
       5003         26          3       17.047265                   1_GWF-(1,178,26)      -478.78272                  1_GWF-(1,137,200)
       5004         26          4       8.2321168                   1_GWF-(1,178,26)       230.99041                  1_GWF-(1,137,200)
       5005         26          5      -2.7343462                   1_GWF-(1,69,217)       142.58164                   1_GWF-(1,143,42)
       5006         26          6      -3.0651247                   1_GWF-(1,69,217)      -182.78282                   1_GWF-(1,143,42)
       5007         26          7      -9.6680241                   1_GWF-(1,69,214)      -225.10628                    1_GWF-(1,1,317)
       5008         26          8      -23.423729                   1_GWF-(1,69,215)      -316.90461                    1_GWF-(1,1,316)
       5009         26          9      -24.731295                   1_GWF-(1,69,217)      -321.77134                    1_GWF-(1,1,317)
       5010         26         10      -16.074232                   1_GWF-(1,69,217)       224.07080                   1_GWF-(1,143,42)
       5011         26         11      -15.978114                   1_GWF-(1,72,210)      -400.66545                   1_GWF-(1,70,214)
       5012         26         12      -367.02316                   1_GWF-(1,72,210)       5688.2744                   1_GWF-(1,70,214)
       5013         26         13       470.46261                   1_GWF-(1,72,210)       754.74927                   1_GWF-(1,70,214)
       5014         26         14      -32.159916                   1_GWF-(1,72,210)      -372.79465                   1_GWF-(1,70,214)
       5015         26         15      -13.183514                   1_GWF-(1,72,210)       151.64713                  1_GWF-(1,136,200)
       5016         26         16      -8.3606423                   1_GWF-(1,72,210)      -123.27865                  1_GWF-(1,136,200)
       5017         26         17      -4.9390724                   1_GWF-(1,72,210)       54.396953                  1_GWF-(1,136,200)
       5018         26         18      -2.1445902                   1_GWF-(1,72,211)      -51.188310                  1_GWF-(1,128,231)
       5019         26         19      -5.6228462                    1_GWF-(1,85,94)       123.34161                   1_GWF-(1,117,59)
       5020         26         20      -177.58284                    1_GWF-(1,85,94)      -2896.5452                   1_GWF-(1,117,59)
       5021         26         21       211.85874                    1_GWF-(1,85,94)       267.63144                   1_GWF-(1,14,277)
       5022         26         22      -6.7781821                    1_GWF-(1,85,94)      -78.528445                   1_GWF-(1,14,277)
       5023         26         23       1.6421838                  1_GWF-(1,137,197)       34.318099                   1_GWF-(1,118,59)
       5024         26         24       2.3359470                  1_GWF-(1,137,197)      -65.219038                   1_GWF-(1,118,59)
       5025         26         25       7.5280421                    1_GWF-(1,85,94)       102.61196                   1_GWF-(1,118,59)
       5026         26         26      -80.040301                    1_GWF-(1,85,94)      -397.14188                   1_GWF-(1,133,48)
       5027         26         27       44.214000                    1_GWF-(1,85,94)       84.288962                   1_GWF-(1,133,48)
       5028         26         28       3.6122271                    1_GWF-(1,85,94)       39.029437                   1_GWF-(1,117,59)
       5029         26         29      -1.0297864                    1_GWF-(1,99,68)       48.991410                   1_GWF-(1,118,59)
       5030         26         30      -2.0804125                    1_GWF-(1,99,68)       71.572015                   1_GWF-(1,117,59)
       5031         26         31      -11.106617                    1_GWF-(1,99,68)      -158.75291                   1_GWF-(1,49,339)
       5032         26         32       40.850576                    1_GWF-(1,99,68)      -248.25482                   1_GWF-(1,133,48)
       5033         26         33      -12.805045                    1_GWF-(1,99,68)      -47.908031                   1_GWF-(1,117,60)
       5034         26         34      -4.3511259                    1_GWF-(1,99,68)       46.240605                   1_GWF-(1,117,60)
       5035         26         35      -7.9755948                    1_GWF-(1,99,68)      -60.971567                  1_GWF-(1,107,195)
       5036         26         36      -23.905409                    1_GWF-(1,99,68)      -73.365364                   1_GWF-(1,70,214)
       5037         26         37      -20.086866                    1_GWF-(1,99,68)       108.75070                   1_GWF-(1,70,214)
       5038         26         38      -17.885811                    1_GWF-(1,99,68)      -211.34927                   1_GWF-(1,70,214)
       5039         26         39      -79.047968                    1_GWF-(1,99,68)       691.45090                   1_GWF-(1,70,214)
       5040         26         40       148.26249                    1_GWF-(1,99,68)      -183.23523                   1_GWF-(1,29,347)
       5041         26         41      -23.166178                    1_GWF-(1,99,68)      -54.147289                   1_GWF-(1,29,346)
       5042         26         42      -3.4117319                    1_GWF-(1,99,68)      -45.875335                    1_GWF-(1,1,316)
       5043         26         43      -1.4591061                   1_GWF-(1,60,108)      -59.940427                    1_GWF-(1,1,317)
       5044         26         44      -2.4656969                   1_GWF-(1,60,108)       68.972570                   1_GWF-(1,29,346)
       5045         26         45      -5.3510427                   1_GWF-(1,115,62)       144.96988                   1_GWF-(1,70,213)
       5046         26         46       135.32390                   1_GWF-(1,115,62)       2005.6825                   1_GWF-(1,70,213)
       5047         26         47      -118.46658                   1_GWF-(1,115,62)      -118.22987                  1_GWF-(1,137,200)
       5048         26         48      -2.5974833                   1_GWF-(1,115,62)       80.440203                  1_GWF-(1,137,200)
       5049         26         49      -2.1122451                   1_GWF-(1,115,62)      -63.822058                  1_GWF-(1,137,200)
       5050         26         50       3.3746180                    1_GWF-(1,99,68)       60.013123                   1_GWF-(1,29,347)
       5051         26         51       8.6964862                    1_GWF-(1,99,68)       91.023177                   1_GWF-(1,29,346)
       5052         26         52       21.852082                    1_GWF-(1,99,68)       106.14343                   1_GWF-(1,143,42)
       5053         26         53       25.705469                    1_GWF-(1,99,68)      -179.15652                   1_GWF-(1,143,42)
       5054         26         54       42.767117                    1_GWF-(1,99,68)       691.66636                   1_GWF-(1,143,42)
       5055         26         55      -110.02575                    1_GWF-(1,99,68)       649.38196                   1_GWF-(1,143,42)
       5056         26         56       29.749980                    1_GWF-(1,99,68)      -160.04184                   1_GWF-(1,143,42)
       5057         26         57       4.8938005                    1_GWF-(1,99,68)       55.442566                   1_GWF-(1,70,214)
       5058         26         58       1.5326580                  1_GWF-(1,138,191)      -74.595959                   1_GWF-(1,70,214)
       5059         26         59       2.9446497                  1_GWF-(1,138,191)       236.95818                   1_GWF-(1,70,214)
       5060         26         60       44.686727                   1_GWF-(1,60,108)      -937.53374                   1_GWF-(1,70,214)
       5061         26         61      -67.701222                   1_GWF-(1,31,132)      -184.24133                   1_GWF-(1,70,214)
       5062         26         62       8.0700765                   1_GWF-(1,60,108)      -74.242176                    1_GWF-(1,1,316)
       5063         26         63      -8.0533342                    1_GWF-(1,99,68)      -192.67878                    1_GWF-(1,1,317)
       5064         26         64      -15.700292                    1_GWF-(1,99,68)      -148.41588                    1_GWF-(1,1,316)
       5065         26         65      -16.488919                    1_GWF-(1,99,68)       61.972261                   1_GWF-(1,15,277)
       5066         26         66      -10.614075                    1_GWF-(1,99,68)       59.996098                   1_GWF-(1,23,212)
       5067         26         67       17.472051                   1_GWF-(1,115,62)      -179.35468                   1_GWF-(1,70,215)
       5068         26         68      -57.957741                   1_GWF-(1,115,62)       279.60300                  1_GWF-(1,137,200)
       5069         26         69       20.016155                   1_GWF-(1,115,62)      -148.75306                  1_GWF-(1,137,200)
       5070         26         70       2.6101092                   1_GWF-(1,115,62)       65.929402                  1_GWF-(1,137,200)
       5071         26         71       1.4748216                   1_GWF-(1,115,62)      -38.096160                  1_GWF-(1,137,200)
       5072         26         72       2.4002279                   1_GWF-(1,115,62)      -50.223320                   1_GWF-(1,31,130)
       5073         26         73       150.20377                   1_GWF-(1,31,171)       1951.4892                   1_GWF-(1,23,212)
       5074         26         74      -167.60584                   1_GWF-(1,31,171)      -78.106471                   1_GWF-(1,70,214)
       5075         26         75       2.5570853                  1_GWF-(1,139,181)       68.327418                   1_GWF-(1,70,214)
       5076         26         76      -3.7762983                   1_GWF-(1,60,108)      -141.97283                   1_GWF-(1,70,214)
       5077         26         77      -14.427236                   1_GWF-(1,60,108)       142.39270                   1_GWF-(1,70,214)
       5078         26         78      -25.695252                   1_GWF-(1,60,108)      -169.03648                   1_GWF-(1,70,214)
       5079         26         79      -24.427863                   1_GWF-(1,60,108)       153.40075                   1_GWF-(1,70,214)
       5080         26         80      -31.390560                   1_GWF-(1,60,108)      -392.51715                   1_GWF-(1,70,214)
       5081         26         81       129.40280                   1_GWF-(1,60,108)      -399.33598                   1_GWF-(1,70,214)
       5082         26         82      -40.667847                   1_GWF-(1,60,108)       116.64200                   1_GWF-(1,133,48)
       5083         26         83      -11.857033                   1_GWF-(1,60,108)      -141.85212                   1_GWF-(1,133,48)
       5084         26         84      -9.2533022                   1_GWF-(1,60,108)      -99.751721                   1_GWF-(1,133,47)
       5085         26         85       4.2694040                   1_GWF-(1,31,131)      -51.216358                   1_GWF-(1,14,277)
       5086         26         86       2.6959049                   1_GWF-(1,31,174)      -67.236333                   1_GWF-(1,15,277)
       5087         26         87       8.0394933                   1_GWF-(1,31,130)       204.88030                   1_GWF-(1,133,48)
       5088         26         88       2175.8583                   1_GWF-(1,31,129)       15927.167                   1_GWF-(1,134,48)
       5089         26         89      -2227.4555                   1_GWF-(1,31,129)      -133.73986                   1_GWF-(1,178,18)
       5090         26         90       16.684619                   1_GWF-(1,31,130)      -94.336078                    1_GWF-(1,180,4)
       5091         26         91       10.563245                   1_GWF-(1,31,132)       75.674190                   1_GWF-(1,70,213)
       5092         26         92       6.7733862                   1_GWF-(1,31,174)       111.27557                   1_GWF-(1,117,59)
       5093         26         93       10.530833                   1_GWF-(1,31,174)      -273.21203                   1_GWF-(1,117,59)
       5094         26         94       56.356476                   1_GWF-(1,31,129)       344.12173                   1_GWF-(1,117,59)
       5095         26         95       80.039903                   1_GWF-(1,31,131)       349.13246                   1_GWF-(1,71,212)
       5096         26         96      -1336.9243                   1_GWF-(1,31,132)       3743.9319                   1_GWF-(1,71,212)
       5097         26         97       1166.6475                   1_GWF-(1,31,132)       294.85232                   1_GWF-(1,70,214)
       5098         26         98       28.432624                   1_GWF-(1,31,171)      -210.71785                   1_GWF-(1,70,214)
       5099         26         99       5.6528679                   1_GWF-(1,31,129)       180.20008                   1_GWF-(1,70,214)
       5100         26        100       4.0058492                   1_GWF-(1,31,174)      -98.299150                   1_GWF-(1,70,214)
       5101         26        101       4.5333662                   1_GWF-(1,31,174)       66.250711                   1_GWF-(1,183,94)
       5102         26        102       18.220994                   1_GWF-(1,31,172)       225.42064                   1_GWF-(1,143,42)
       5103         26        103      -276.76889                   1_GWF-(1,31,171)       2025.7038                   1_GWF-(1,143,42)
       5104         26        104       214.88023                   1_GWF-(1,31,171)      -186.17523                    1_GWF-(1,1,317)
       5105         26        105       11.177376                   1_GWF-(1,31,171)      -99.237342                    1_GWF-(1,1,316)
       5106         26        106       5.4838838                   1_GWF-(1,31,172)      -74.206308                    1_GWF-(1,1,317)
       5107         26        107       3.8664930                   1_GWF-(1,31,174)      -80.589349                   1_GWF-(1,143,42)
       5108         26        108      -17.870302                  1_GWF-(1,139,181)       288.38017                   1_GWF-(1,143,42)
       5109         26        109      -142.05512                  1_GWF-(1,139,181)       638.28173                  1_GWF-(1,137,200)
       5110         26        110      -1963.2107                  1_GWF-(1,139,181)      -6677.8230                  1_GWF-(1,137,200)
       5111         26        111       2313.6911                  1_GWF-(1,139,181)      -830.15389                  1_GWF-(1,137,200)
       5112         26        112      -159.94562                  1_GWF-(1,139,181)       279.28062                   1_GWF-(1,143,42)
       5113         26        113      -55.167898                  1_GWF-(1,139,181)      -166.10960                   1_GWF-(1,143,42)
       5114         26        114      -17.274195                  1_GWF-(1,139,181)      -116.91483                   1_GWF-(1,118,59)
       5115         26        115       10.093947                   1_GWF-(1,31,174)      -105.83663                   1_GWF-(1,119,59)
       5116         26        116       11.281275                   1_GWF-(1,31,174)       150.92439                   1_GWF-(1,117,60)
       5117         26        117       71.261093                   1_GWF-(1,31,171)      -650.67504                   1_GWF-(1,70,214)
       5118         26        118      -215.41065                   1_GWF-(1,31,171)      -1234.5463                   1_GWF-(1,70,214)
       5119         26        119       80.345073                   1_GWF-(1,31,171)       414.69231                   1_GWF-(1,70,214)
       5120         26        120       14.790486                   1_GWF-(1,31,171)      -112.70253                   1_GWF-(1,70,214)
       5121         26        121       10.058321                   1_GWF-(1,31,132)      -75.829465                   1_GWF-(1,70,213)
       5122         26        122       15.313076                   1_GWF-(1,31,174)       155.45838                   1_GWF-(1,29,346)
       5123         26        123       58.634787                   1_GWF-(1,31,129)       402.94720                  1_GWF-(1,136,200)
       5124         26        124      -1086.6932                   1_GWF-(1,31,129)      -4041.6271                    1_GWF-(1,1,317)
       5125         26        125       883.82868                   1_GWF-(1,31,129)      -433.65517                    1_GWF-(1,1,316)
       5126         26        126       44.231429                   1_GWF-(1,31,171)      -224.95581                    1_GWF-(1,1,317)
       5127         26        127       51.431478                   1_GWF-(1,31,132)       319.07504                  1_GWF-(1,136,200)
       5128         26        128       79.629173                   1_GWF-(1,31,174)      -251.80925                  1_GWF-(1,136,200)
       5129         26        129       34.361640                   1_GWF-(1,31,129)       150.10423                   1_GWF-(1,31,343)
       5130         26        130       20.098254                   1_GWF-(1,31,129)       222.41939                   1_GWF-(1,117,59)
       5131         26        131       125.58474                   1_GWF-(1,31,171)      -1088.6612                   1_GWF-(1,31,343)
       5132         26        132      -281.97646                   1_GWF-(1,31,171)      -594.84537                   1_GWF-(1,30,345)
       5133         26        133       62.753152                   1_GWF-(1,31,171)      -108.84979                   1_GWF-(1,179,14)
       5134         26        134       8.6995806                   1_GWF-(1,31,132)       66.788655                   1_GWF-(1,30,345)
       5135         26        135       12.431481                   1_GWF-(1,31,174)      -274.13109                   1_GWF-(1,70,214)
       5136         26        136       79.126532                   1_GWF-(1,31,174)       977.15983                   1_GWF-(1,70,214)
       5137         26        137      -284.82721                   1_GWF-(1,31,174)       680.06134                   1_GWF-(1,70,214)
       5138         26        138       98.110367                   1_GWF-(1,31,174)      -145.97991                   1_GWF-(1,70,214)
       5139         26        139       19.051964                   1_GWF-(1,31,173)       122.97451                   1_GWF-(1,133,48)
       5140         26        140       26.674073                   1_GWF-(1,31,171)      -216.08475                   1_GWF-(1,133,48)
       5141         26        141       42.495591                   1_GWF-(1,31,171)       292.16399                   1_GWF-(1,70,214)
       5142         26        142       88.779174                   1_GWF-(1,31,174)       270.26234                  1_GWF-(1,137,200)
       5143         26        143       60.403132                   1_GWF-(1,31,174)      -304.20640                   1_GWF-(1,133,48)
       5144         26        144       112.32192                   1_GWF-(1,31,173)       798.90092                   1_GWF-(1,133,48)
       5145         26        145      -848.10628                   1_GWF-(1,31,171)       2108.0599                   1_GWF-(1,133,48)
       5146         26        146       501.47864                   1_GWF-(1,31,171)       222.55089                   1_GWF-(1,31,343)
       5147         26        147       40.371957                   1_GWF-(1,31,172)      -165.58298                   1_GWF-(1,72,210)
       5148         26        148       27.249980                   1_GWF-(1,31,171)       214.21693                   1_GWF-(1,14,277)
       5149         26        149       22.939982                   1_GWF-(1,31,174)      -184.52400                   1_GWF-(1,14,277)
       5150         26        150       25.717726                   1_GWF-(1,31,174)       127.12629                   1_GWF-(1,14,277)
       5151         26        151       38.055357                   1_GWF-(1,31,173)      -194.51991                   1_GWF-(1,69,217)
       5152         26        152       14384.665                   1_GWF-(1,31,172)      -62696.875                    1_GWF-(1,1,317)
       5153         26        153      -14590.267                   1_GWF-(1,31,172)      -380.12917                    1_GWF-(1,1,317)
       5154         26        154       28.000100                   1_GWF-(1,31,171)      -102.37879                    1_GWF-(1,1,316)
       5155         26        155       24.254335                   1_GWF-(1,31,171)      -208.33661                   1_GWF-(1,89,290)
       5156         26        156       103.30727                   1_GWF-(1,31,172)       428.31954                   1_GWF-(1,90,291)
       5157         26        157       288.41669                   1_GWF-(1,31,174)      -925.37785                   1_GWF-(1,70,214)
       5158         26        158       447.16672                   1_GWF-(1,31,174)       2690.7282                   1_GWF-(1,70,214)
       5159         26        159       24018.379                   1_GWF-(1,31,174)      -49182.396                   1_GWF-(1,70,214)
       5160         26        160      -25314.994                   1_GWF-(1,31,174)       886.45550                   1_GWF-(1,89,290)
       5161         26        161       470.92218                   1_GWF-(1,31,171)       387.54343                   1_GWF-(1,28,348)
       5162         26        162       92.140498                   1_GWF-(1,31,172)       183.50300                   1_GWF-(1,70,213)
       5163         26        163       37.663302                   1_GWF-(1,31,171)      -214.76096                   1_GWF-(1,70,213)
       5164         26        164       46.609608                   1_GWF-(1,31,174)       188.95359                   1_GWF-(1,27,350)
       5165         26        165       131.74240                   1_GWF-(1,31,174)      -692.08688                    1_GWF-(1,1,316)
       5166         26        166      -941.70682                   1_GWF-(1,31,174)      -1845.5895                    1_GWF-(1,1,316)
       5167         26        167       520.48585                   1_GWF-(1,31,174)       353.04023                   1_GWF-(1,29,346)
       5168         26        168       69.599890                   1_GWF-(1,31,173)      -177.73151                  1_GWF-(1,137,200)
       5169         26        169       30.513292                   1_GWF-(1,31,172)       208.92813                   1_GWF-(1,28,348)
       5170         26        170       45.259952                   1_GWF-(1,31,171)      -269.57610                  1_GWF-(1,137,200)
       5171         26        171       76.912645                   1_GWF-(1,31,174)       415.89107                  1_GWF-(1,137,200)
       5172         26        172       3211.7144                   1_GWF-(1,31,174)      -5949.1819                    1_GWF-(1,1,317)
       5173         26        173      -4278.7566                   1_GWF-(1,31,174)      -733.95905                   1_GWF-(1,143,42)
       5174         26        174       353.58905                   1_GWF-(1,31,174)       796.49371                   1_GWF-(1,143,42)
       5175         26        175       338.54877                   1_GWF-(1,31,174)      -833.59871                   1_GWF-(1,143,42)
       5176         26        176       234.22107                   1_GWF-(1,31,171)       489.48038                   1_GWF-(1,70,214)
       5177         26        177       133.50453                   1_GWF-(1,31,171)      -659.42267                   1_GWF-(1,70,214)
       5178         26        178       105.33817                   1_GWF-(1,31,173)       634.91903                   1_GWF-(1,70,214)
       5179         26        179       103.16010                   1_GWF-(1,31,174)      -460.03199                   1_GWF-(1,70,214)
       5180         26        180       103.60465                   1_GWF-(1,31,174)       296.15521                   1_GWF-(1,49,339)
       5181         26        181       690.55907                   1_GWF-(1,31,171)      -2069.2744                   1_GWF-(1,118,59)
       5182         26        182      -1368.8409                   1_GWF-(1,31,171)      -822.23567                   1_GWF-(1,118,59)
       5183         26        183       187.14677                   1_GWF-(1,31,171)      -204.95171                   1_GWF-(1,117,59)
       5184         26        184       24.209682                   1_GWF-(1,31,171)       301.09821                   1_GWF-(1,117,59)
       5185         26        185       85.093292                   1_GWF-(1,31,171)      -856.64389                   1_GWF-(1,117,59)
       5186         26        186       685.61817                   1_GWF-(1,31,171)       2380.2702                   1_GWF-(1,117,59)
       5187         26        187      -2976.5227                   1_GWF-(1,31,171)       1374.0157                   1_GWF-(1,117,59)
       5188         26        188       1193.4705                   1_GWF-(1,31,174)      -783.13498                   1_GWF-(1,49,339)
       5189         26        189       741.24353                   1_GWF-(1,31,174)       558.55788                   1_GWF-(1,27,349)
       5190         26        190       174.01522                   1_GWF-(1,31,172)      -458.78778                    1_GWF-(1,1,317)
       5191         26        191       182.67199                   1_GWF-(1,31,171)      -754.81064                    1_GWF-(1,1,316)
       5192         26        192       155.67495                   1_GWF-(1,31,171)      -325.27798                    1_GWF-(1,1,317)
       5193         26        193       197.54426                   1_GWF-(1,31,174)       559.54566                   1_GWF-(1,70,214)
       5194         26        194       997.16409                   1_GWF-(1,31,174)      -2723.9768                   1_GWF-(1,70,214)
       5195         26        195      -2313.6710                   1_GWF-(1,31,174)      -2792.2688                   1_GWF-(1,70,214)
       5196         26        196       674.67144                   1_GWF-(1,31,174)       762.50296                   1_GWF-(1,70,214)
       5197         26        197       95.313594                   1_GWF-(1,31,171)      -199.35316                   1_GWF-(1,70,214)
       5198         26        198       111.73115                   1_GWF-(1,31,171)      -601.84684                   1_GWF-(1,133,48)
       5199         26        199       258.76090                   1_GWF-(1,31,171)       1235.0843                   1_GWF-(1,133,48)
       5200         26        200      -30045.415                   1_GWF-(1,31,174)       28637.390                   1_GWF-(1,133,48)
       5201         27          1      -162.90933                   1_GWF-(1,69,217)       3296.1056                   1_GWF-(1,70,215)
       5202         27          2      -24.900767                   1_GWF-(1,70,215)       793.63510                   1_GWF-(1,71,214)
       5203         27          3      -23.011092                   1_GWF-(1,69,216)       725.44051                   1_GWF-(1,69,215)
       5204         27          4      -34.401939                   1_GWF-(1,69,215)       953.89674                   1_GWF-(1,70,214)
       5205         27          5      -65.604482                   1_GWF-(1,70,212)      -500.04752                   1_GWF-(1,70,214)
       5206         27          6      -3.5916114                   1_GWF-(1,71,212)       81.894700                   1_GWF-(1,70,213)
       5207         27          7     -0.32685744                   1_GWF-(1,70,213)  3.03046477E-12                   1_GWF-(1,70,215)
       5208         27          8 -3.06467964E-23                   1_GWF-(1,70,215)  3.03046477E-12                   1_GWF-(1,70,215)
       5209         28          1       1.0955346                    1_GWF-(1,1,319)       1.1598235                   1_GWF-(1,70,214)
       5210         28          2     -0.28761539                   1_GWF-(1,71,212)       3.1689478                   1_GWF-(1,69,216)
       5211         28          3     -0.27457794                   1_GWF-(1,69,216)       4.6020322                   1_GWF-(1,70,215)
       5212         28          4     -0.10077757                   1_GWF-(1,70,215)      0.23574300                   1_GWF-(1,70,214)
       5213         28          5 -7.91139415E-04                   1_GWF-(1,70,214)  6.93922537E-03                   1_GWF-(1,71,212)
       5214         28          6 -6.55138988E-05                   1_GWF-(1,71,212) -8.49794333E-04                   1_GWF-(1,70,214)
       5215         28          7 -2.56905404E-06                   1_GWF-(1,70,213) -3.01476524E-11                   1_GWF-(1,70,214)
       5216         29          1       1.0951418                    1_GWF-(1,1,319) -9.36368769E-02                   1_GWF-(1,70,213)
       5217         29          2 -1.40888463E-03                   1_GWF-(1,69,216)  4.96004506E-02                   1_GWF-(1,70,215)
       5218         29          3  6.25744658E-04                   1_GWF-(1,71,212) -9.16820429E-03                   1_GWF-(1,70,214)
       5219         29          4  5.86474147E-04                   1_GWF-(1,71,212) -2.30588310E-02                   1_GWF-(1,70,213)
       5220         29          5  1.66274469E-03                   1_GWF-(1,70,213)  9.36005097E-03                   1_GWF-(1,69,215)
       5221         29          6  1.22232731E-04                   1_GWF-(1,71,212) -1.50507770E-04                   1_GWF-(1,70,214)
       5222         29          7 -7.35542530E-07                   1_GWF-(1,71,212) -6.54238910E-11                   1_GWF-(1,70,214)
       5223         30          1       1.0951403                    1_GWF-(1,1,319)  1.00538265E-03                   1_GWF-(1,70,213)
       5224         30          2  1.08908674E-05                   1_GWF-(1,69,216) -3.15355894E-04                   1_GWF-(1,70,215)
       5225         30          3 -5.31443707E-06                   1_GWF-(1,71,212)  5.89663450E-05                   1_GWF-(1,69,215)
       5226         31          1       1.0951403                    1_GWF-(1,1,319)  3.02907016E-05                   1_GWF-(1,70,214)
       5227         31          2 -1.29359478E-06                   1_GWF-(1,69,216)  9.02669340E-05                   1_GWF-(1,70,215)
       5228         32          1       1.0951403                    1_GWF-(1,1,319)  3.27277861E-05                   1_GWF-(1,69,216)
       5229         32          2 -8.94659762E-07                   1_GWF-(1,69,216)  5.15600878E-05                   1_GWF-(1,70,215)
       5230         33          1       1.0951403                    1_GWF-(1,1,319)  2.15651285E-05                   1_GWF-(1,69,216)
       5231         33          2 -1.07844815E-06                   1_GWF-(1,69,216)  6.18311591E-05                   1_GWF-(1,70,215)
       5232         34          1       1.0951403                    1_GWF-(1,1,319)  2.49967656E-05                   1_GWF-(1,69,216)
       5233         34          2 -7.29873205E-07                   1_GWF-(1,69,216)  4.11609801E-05                   1_GWF-(1,70,215)
       5234         35          1       1.0951403                    1_GWF-(1,1,319)  1.76324725E-05                   1_GWF-(1,69,216)
       5235         35          2 -9.00029537E-07                   1_GWF-(1,69,216)  5.08359123E-05                   1_GWF-(1,70,215)
       5236         36          1       1.0951403                    1_GWF-(1,1,319)  2.07382398E-05                   1_GWF-(1,69,216)
       5237         36          2 -6.11212584E-07                   1_GWF-(1,69,216)  3.43197256E-05                   1_GWF-(1,70,215)
       5238         37          1       1.0951403                    1_GWF-(1,1,319)  1.47417705E-05                   1_GWF-(1,69,216)
       5239         37          2 -7.54640799E-07                   1_GWF-(1,69,216)  4.25418997E-05                   1_GWF-(1,70,215)
       5240         38          1       1.0951403                    1_GWF-(1,1,319)  1.73713468E-05                   1_GWF-(1,69,216)
       5241         38          2 -5.12408517E-07                   1_GWF-(1,69,216)  2.87575241E-05                   1_GWF-(1,70,215)
       5242         39          1       1.0951403                    1_GWF-(1,1,319)  1.23564982E-05                   1_GWF-(1,69,216)
       5243         39          2 -6.32910466E-07                   1_GWF-(1,69,216)  3.56706908E-05                   1_GWF-(1,70,215)
       5244         40          1       1.0951403                    1_GWF-(1,1,319)  1.45668149E-05                   1_GWF-(1,69,216)
       5245         40          2 -4.29633847E-07                   1_GWF-(1,69,216)  2.41096540E-05                   1_GWF-(1,70,215)
       5246         41          1       1.0951403                    1_GWF-(1,1,319)  1.03599456E-05                   1_GWF-(1,69,216)
       5247         41          2 -5.30815153E-07                   1_GWF-(1,69,216)  2.99146421E-05                   1_GWF-(1,70,215)
       5248         42          1       1.0951403                    1_GWF-(1,1,319)  1.22161105E-05                   1_GWF-(1,69,216)
       5249         42          2 -3.60232096E-07                   1_GWF-(1,69,216)  2.02140180E-05                   1_GWF-(1,70,215)
       5250         43          1       1.0951403                    1_GWF-(1,1,319)  8.68627780E-06                   1_GWF-(1,69,216)
       5251         43          2 -4.45178372E-07                   1_GWF-(1,69,216)  2.50873222E-05                   1_GWF-(1,70,215)
       5252         44          1       1.0951403                    1_GWF-(1,1,319)  1.02446373E-05                   1_GWF-(1,69,216)
       5253         44          2 -3.02039185E-07                   1_GWF-(1,69,216)  1.69478429E-05                   1_GWF-(1,70,215)
       5254         45          1       1.0951403                    1_GWF-(1,1,319)  7.28292121E-06                   1_GWF-(1,69,216)
       5255         45          2 -3.73347959E-07                   1_GWF-(1,69,216)  2.10385290E-05                   1_GWF-(1,70,215)
       5256         46          1       1.0951403                    1_GWF-(1,1,319)  8.59113377E-06                   1_GWF-(1,69,216)
       5257         46          2 -2.53245140E-07                   1_GWF-(1,69,216)  1.42093577E-05                   1_GWF-(1,70,215)
       5258         47          1       1.0951403                    1_GWF-(1,1,319)  6.10627801E-06                   1_GWF-(1,69,216)
       5259         47          2 -3.13092852E-07                   1_GWF-(1,69,216)  1.76424058E-05                   1_GWF-(1,70,215)
       5260         48          1       1.0951403                    1_GWF-(1,1,319)  7.20421874E-06                   1_GWF-(1,69,216)
       5261         48          2 -2.12332242E-07                   1_GWF-(1,69,216)  1.19133757E-05                   1_GWF-(1,70,215)
       5262         49          1       1.0951403                    1_GWF-(1,1,319)  5.11971917E-06                   1_GWF-(1,69,216)
       5263         49          2 -2.62552981E-07                   1_GWF-(1,69,216)  1.47939130E-05                   1_GWF-(1,70,215)
       5264         50          1       1.0951403                    1_GWF-(1,1,319)  6.04101674E-06                   1_GWF-(1,69,216)
       5265         50          2 -1.78031810E-07                   1_GWF-(1,69,216)  9.98862674E-06                   1_GWF-(1,70,215)
       5266         51          1       1.0951403                    1_GWF-(1,1,319)  4.29264007E-06                   1_GWF-(1,69,216)
       5267         51          2 -2.20152429E-07                   1_GWF-(1,69,216)  1.24044208E-05                   1_GWF-(1,70,215)
       5268         52          1       1.0951403                    1_GWF-(1,1,319)  5.06532413E-06                   1_GWF-(1,69,216)
       5269         52          2 -1.49275379E-07                   1_GWF-(1,69,216)  8.37515225E-06                   1_GWF-(1,70,215)
       5270         53          1       1.0951403                    1_GWF-(1,1,319)  3.59925599E-06                   1_GWF-(1,69,216)
       5271         53          2 -1.84581633E-07                   1_GWF-(1,69,216)  1.03999277E-05                   1_GWF-(1,70,215)
       5272         54          1       1.0951403                    1_GWF-(1,1,319)  4.24686880E-06                   1_GWF-(1,69,216)
       5273         54          2 -1.25164893E-07                   1_GWF-(1,69,216)  7.02249953E-06                   1_GWF-(1,70,215)
       5274         55          1       1.0951403                    1_GWF-(1,1,319)  3.01795132E-06                   1_GWF-(1,69,216)
       5275         55          2 -1.54736961E-07                   1_GWF-(1,69,216)  8.71829019E-06                   1_GWF-(1,70,215)
       5276         56          1       1.0951403                    1_GWF-(1,1,319)  3.56029456E-06                   1_GWF-(1,69,216)
       5277         56          2 -1.04955816E-07                   1_GWF-(1,69,216)  5.88890808E-06                   1_GWF-(1,70,215)
       5278         57          1       1.0951403                    1_GWF-(1,1,319)  2.53076277E-06                   1_GWF-(1,69,216)
       5279         57          2 -1.29692263E-07                   1_GWF-(1,69,216)  7.30723422E-06                   1_GWF-(1,70,215)
       5280         58          1       1.0951403                    1_GWF-(1,1,319)  2.98424461E-06                   1_GWF-(1,69,216)
       5281         58          2 -8.80154243E-08                   1_GWF-(1,69,216)  4.93886496E-06                   1_GWF-(1,70,215)
       5282         59          1       1.0951403                    1_GWF-(1,1,319)  2.12243147E-06                   1_GWF-(1,69,216)
       5283         59          2 -1.08676409E-07                   1_GWF-(1,69,216)  6.12331914E-06                   1_GWF-(1,70,215)
       5284         60          1       1.0951403                    1_GWF-(1,1,319)  2.50097696E-06                   1_GWF-(1,69,216)
       5285         60          2 -7.38174943E-08                   1_GWF-(1,69,216)  4.14277179E-06                   1_GWF-(1,70,215)
       5286         61          1       1.0951403                    1_GWF-(1,1,319)  1.78021578E-06                   1_GWF-(1,69,216)
       5287         61          2 -9.10320332E-08                   1_GWF-(1,69,216)  5.12946906E-06                   1_GWF-(1,70,215)
       5288         62          1       1.0951403                    1_GWF-(1,1,319)  2.09541207E-06                   1_GWF-(1,69,216)
       5289         62          2 -6.19212589E-08                   1_GWF-(1,69,216)  3.47594991E-06                   1_GWF-(1,70,215)
       5290         63          1       1.0951403                    1_GWF-(1,1,319)  1.49351458E-06                   1_GWF-(1,69,216)
       5291         63          2 -7.62156691E-08                   1_GWF-(1,69,216)  4.29506660E-06                   1_GWF-(1,70,215)
       5292         64          1       1.0951403                    1_GWF-(1,1,319)  1.75494673E-06                   1_GWF-(1,69,216)
       5293         64          2 -5.19532992E-08                   1_GWF-(1,69,216)  2.91742270E-06                   1_GWF-(1,70,215)
       5294         65          1       1.0951403                    1_GWF-(1,1,319)  1.25337168E-06                   1_GWF-(1,69,216)
       5295         65          2 -6.37672375E-08                   1_GWF-(1,69,216)  3.59415947E-06                   1_GWF-(1,70,215)
       5296         66          1       1.0951403                    1_GWF-(1,1,319)  1.46904400E-06                   1_GWF-(1,69,216)
       5297         66          2 -4.36039784E-08                   1_GWF-(1,69,216)  2.44981343E-06                   1_GWF-(1,70,215)
       5298         67          1       1.0951403                    1_GWF-(1,1,319)  1.05224153E-06                   1_GWF-(1,69,216)
       5299         67          2 -5.33033269E-08                   1_GWF-(1,69,216)  3.00509544E-06                   1_GWF-(1,70,215)
       5300         68          1       1.0951403                    1_GWF-(1,1,319)  1.22888643E-06                   1_GWF-(1,69,216)
       5301         68          2 -3.66141487E-08                   1_GWF-(1,69,216)  2.05857606E-06                   1_GWF-(1,70,215)
       5302         69          1       1.0951403                    1_GWF-(1,1,319)  8.83928969E-07                   1_GWF-(1,69,216)
       5303         69          2 -4.44990595E-08                   1_GWF-(1,69,216)  2.50963577E-06                   1_GWF-(1,70,215)
       5304         70          1       1.0951403                    1_GWF-(1,1,319)  1.02699005E-06                   1_GWF-(1,69,216)
       5305         70          2 -3.07661030E-08                   1_GWF-(1,69,216)  1.73151233E-06                   1_GWF-(1,70,215)
       5306         71          1       1.0951403                    1_GWF-(1,1,319)  7.43166937E-07                   1_GWF-(1,69,216)
       5307         71          2 -3.70826186E-08                   1_GWF-(1,69,216)  2.09240793E-06                   1_GWF-(1,70,215)
       5308         72          1       1.0951403                    1_GWF-(1,1,319)  8.57109371E-07                   1_GWF-(1,69,216)
       5309         72          2 -2.58749465E-08                   1_GWF-(1,69,216)  1.45819595E-06                   1_GWF-(1,70,215)
       5310         73          1       1.0951403                    1_GWF-(1,1,319)  6.25473423E-07                   1_GWF-(1,69,216)
       5311         73          2 -3.08320291E-08                   1_GWF-(1,69,216)  1.74081450E-06                   1_GWF-(1,70,215)
       5312         74          1       1.0951403                    1_GWF-(1,1,319)  7.14051614E-07                   1_GWF-(1,69,216)
       5313         74          2 -2.17860024E-08                   1_GWF-(1,69,216)  1.22987770E-06                   1_GWF-(1,70,215)
       5314         75          1       1.0951403                    1_GWF-(1,1,319)  5.27130552E-07                   1_GWF-(1,69,216)
       5315         75          2 -2.55617118E-08                   1_GWF-(1,69,216)  1.44438148E-06                   1_GWF-(1,70,215)
       5316         76          1       1.0951403                    1_GWF-(1,1,319)  5.93574064E-07                   1_GWF-(1,69,216)
       5317         76          2 -1.83691297E-08                   1_GWF-(1,69,216)  1.03910661E-06                   1_GWF-(1,70,215)
       5318         77          1       1.0951403                    1_GWF-(1,1,319)  4.44905575E-07                   1_GWF-(1,69,216)
       5319         77          2 -2.11156606E-08                   1_GWF-(1,69,216)  1.19412354E-06                   1_GWF-(1,70,215)
       5320         78          1       1.0951403                    1_GWF-(1,1,319)  4.91970151E-07                   1_GWF-(1,69,216)
       5321         78          2 -1.55166378E-08                   1_GWF-(1,69,216)  8.79756628E-07                   1_GWF-(1,70,215)
       5322         79          1       1.0951403                    1_GWF-(1,1,319)  3.76202270E-07                   1_GWF-(1,69,216)
       5323         79          2 -1.73642136E-08                   1_GWF-(1,69,216)  9.82760374E-07                   1_GWF-(1,70,215)
       5324         80          1       1.0951403                    1_GWF-(1,1,319)  4.06306796E-07                   1_GWF-(1,69,216)
       5325         80          2 -1.31310724E-08                   1_GWF-(1,69,216)  7.46118636E-07                   1_GWF-(1,70,215)
       5326         81          1       1.0951403                    1_GWF-(1,1,319)  3.18608075E-07                   1_GWF-(1,69,216)
       5327         81          2 -1.42156288E-08                   1_GWF-(1,69,216)  8.04844377E-07                   1_GWF-(1,70,215)
       5328         82          1       1.0951403                    1_GWF-(1,1,319)  3.34214389E-07                   1_GWF-(1,69,216)
       5329         82          2 -1.11240752E-08                   1_GWF-(1,69,216)  6.32949338E-07                   1_GWF-(1,70,215)
       5330         83          1       1.0951403                    1_GWF-(1,1,319)  2.69940179E-07                   1_GWF-(1,69,216)
       5331         83          2 -1.15837915E-08                   1_GWF-(1,69,216)  6.55477980E-07                   1_GWF-(1,70,215)
       5332         84          1       1.0951403                    1_GWF-(1,1,319)  2.73730241E-07                   1_GWF-(1,69,216)
       5333         84          2 -9.41660225E-09                   1_GWF-(1,69,216)  5.35550997E-07                   1_GWF-(1,70,215)
       5334         85          1       1.0951403                    1_GWF-(1,1,319)  2.28251618E-07                   1_GWF-(1,69,216)
       5335         85          2 -9.39753186E-09                   1_GWF-(1,69,216)  5.30618027E-07                   1_GWF-(1,70,215)
       5336         86          1       1.0951403                    1_GWF-(1,1,319)  2.23112362E-07                   1_GWF-(1,69,216)
       5337         86          2 -7.93811074E-09                   1_GWF-(1,69,216)  4.49933636E-07                   1_GWF-(1,70,215)
       5338         87          1       1.0951403                    1_GWF-(1,1,319)  1.91915449E-07                   1_GWF-(1,69,216)
       5339         87          2 -7.59416528E-09                   1_GWF-(1,69,216)  4.26837484E-07                   1_GWF-(1,70,215)
       5340         88          1       1.0951403                    1_GWF-(1,1,319)  1.81004754E-07                   1_GWF-(1,69,216)
       5341         88          2 -6.61749260E-09                   1_GWF-(1,69,216)  3.72245390E-07                   1_GWF-(1,70,215)
       5342         89          1       1.0951403                    1_GWF-(1,1,319)  1.59347191E-07                   1_GWF-(1,69,216)
       5343         89          2 -6.10573657E-09                   1_GWF-(1,69,216)  3.40400962E-07                   1_GWF-(1,70,215)
       5344         90          1       1.0951403                    1_GWF-(1,1,319)  1.45884413E-07                   1_GWF-(1,69,216)
       5345         90          2 -5.40947322E-09                   1_GWF-(1,69,216)  3.00405281E-07                   1_GWF-(1,70,215)
       5346         91          1       1.0951403                    1_GWF-(1,1,319)  1.29728043E-07                   1_GWF-(1,69,216)
       5347         91          2 -4.85481000E-09                   1_GWF-(1,69,216)  2.66984874E-07                   1_GWF-(1,70,215)
       5348         92          1       1.0951403                    1_GWF-(1,1,319)  1.16057647E-07                   1_GWF-(1,69,216)
       5349         92          2 -4.28659596E-09                   1_GWF-(1,69,216)  2.33561255E-07                   1_GWF-(1,70,215)
       5350         93          1       1.0951403                    1_GWF-(1,1,319)  1.02556175E-07                   1_GWF-(1,69,216)
       5351         93          2 -3.75103168E-09                   1_GWF-(1,69,216)  2.01772564E-07                   1_GWF-(1,70,215)
       5352         94          1       1.0951403                    1_GWF-(1,1,319)  8.97933738E-08                   1_GWF-(1,69,216)
       5353         94          2 -3.23233156E-09                   1_GWF-(1,69,216)  1.71224641E-07                   1_GWF-(1,70,215)
       5354         95          1       1.0951403                    1_GWF-(1,1,319)  7.75865239E-08                   1_GWF-(1,69,216)
       5355         95          2 -2.72386133E-09                   1_GWF-(1,69,216)  1.41849214E-07                   1_GWF-(1,70,215)
       5356         96          1       1.0951403                    1_GWF-(1,1,319)  6.59524867E-08                   1_GWF-(1,69,216)
       5357         96          2 -2.22745685E-09                   1_GWF-(1,69,216)  1.14176891E-07                   1_GWF-(1,70,215)
       5358         97          1       1.0951403                    1_GWF-(1,1,319)  6.07333700E-08                   1_GWF-(1,70,214)
       5359         97          2 -1.75590725E-09                   1_GWF-(1,69,216)  8.95901145E-08                   1_GWF-(1,70,215)
       5360         98          1       1.0951403                    1_GWF-(1,1,319)  6.00505485E-08                   1_GWF-(1,70,214)
       5361         98          2 -1.33531995E-09                   1_GWF-(1,69,216)  7.01824861E-08                   1_GWF-(1,70,214)
       5362         99          1       1.0951403                    1_GWF-(1,1,319)  5.89921138E-08                   1_GWF-(1,70,214)
       5363         99          2 -1.01216157E-09                   1_GWF-(1,71,213)  6.24144124E-08                   1_GWF-(1,70,214)
       5364        100          1       1.0951403                    1_GWF-(1,1,319)  5.71140044E-08                   1_GWF-(1,70,214)
       5365        100          2 -8.21153621E-10                   1_GWF-(1,71,212)  5.71912227E-08                   1_GWF-(1,70,214)
 --------------------------------------------------------------------------------------------------------------------------------------


 Solution Group 1 did not converge for stress period 1 and time step 1
 Simulation convergence failure. Simulation will terminate after output and deallocation.

 MEMORY MANAGER TOTAL STORAGE BY DATA TYPE, IN MEGABYTES
 -------------------------------
                    ALLOCATED   
 DATA TYPE           MEMORY     
 -------------------------------
 Character        1.02890000E-02
 Logical          4.80000000E-05
 Integer          8.1227760     
 Real             18.364536     
 -------------------------------
 Total            26.497649     
 Virtual          0.0000000     
 -------------------------------


 
 Run end date and time (yyyy/mm/dd hh:mm:ss): 2026/09/07 22:07:09
 Elapsed run time:  2.310 Seconds

ERROR REPORT:

  1.  Simulation convergence failure occurred 1 time(s).
 Premature termination of simulation.
